enwiki	user	create	2001-01-15 19:27:13.0		194203	745	Graham87											false	false	true																			11313587	5279059	Office.bomis.com	Office.bomis.com							false	false	true	false	false	true	2009-12-28 09:06:07.0	2009-12-28 09:06:09.0	2001-01-15 19:27:13.0																		
enwiki	revision	create	2001-01-15 19:27:13.0	*	11313587	5279059	Office.bomis.com	Office.bomis.com							false	false	true	false	false	true	2009-12-28 09:06:07.0	2009-12-28 09:06:09.0	2001-01-15 19:27:13.0	1		26323569	HomePage	HomePage	0	true	0	true	true	false	2010-02-24 14:25:49.0	2001-01-15 19:27:13.0	1																					908493298	0	false		false	26	26	hjnc5wxv75ckwvos9wsd0as31nmnice			false		false			false	true	
enwiki	revision	create	2001-01-15 19:50:26.0	*	11313587	5279059	Office.bomis.com	Office.bomis.com							false	false	true	false	false	true	2009-12-28 09:06:07.0	2009-12-28 09:06:09.0	2001-01-15 19:27:13.0	2	1393	26323569	HomePage	HomePage	0	true	0	true	true	false	2010-02-24 14:25:49.0	2001-01-15 19:27:13.0	2	1393																				908493299	908493298	false		false	954	928	buysdwdophltm6kafy6zyjn9em8d8i7			false		false			false	true	
enwiki	revision	create	2001-01-15 19:51:19.0	*	11313587	5279059	Office.bomis.com	Office.bomis.com							false	false	true	false	false	true	2009-12-28 09:06:07.0	2009-12-28 09:06:09.0	2001-01-15 19:27:13.0	3	53	26323569	HomePage	HomePage	0	true	0	true	true	false	2010-02-24 14:25:49.0	2001-01-15 19:27:13.0	3	53																				908493300	908493299	false		false	962	8	fua6vcgjibewa9quagdhvcgrwlzybtk			false		false			false	true	
enwiki	revision	create	2001-01-15 19:52:32.0	*	11313587	5279059	Office.bomis.com	Office.bomis.com							false	false	true	false	false	true	2009-12-28 09:06:07.0	2009-12-28 09:06:09.0	2001-01-15 19:27:13.0	4	73	32840	WikiPedia	WikiPedia	0	true	0	true	true	false	2001-01-15 19:52:32.0	2001-01-15 19:52:32.0	1																					999508058	0	false		false	267	267	sfyfdl25i3pqnpf5wctk2exb4600fl7			false		false			false	false	
enwiki	page	create	2001-01-15 19:52:32.0		11313587	5279059	Office.bomis.com	Office.bomis.com							false	false	true	false	false	true	2009-12-28 09:06:07.0	2009-12-28 09:06:09.0	2001-01-15 19:27:13.0			32840	WikiPedia	WikiPedia	0	true	0	true	true	false	2001-01-15 19:52:32.0	2001-01-15 19:52:32.0																																							
enwiki	revision	create	2001-01-15 23:43:47.0	*	11313587	5279059	Office.bomis.com	Office.bomis.com							false	false	true	false	false	true	2009-12-28 09:06:07.0	2009-12-28 09:06:09.0	2001-01-15 19:27:13.0	5	13875	22835	PhilosophyAndLogic	PhilosophyAndLogic	0	true	0	true	true	false	2001-01-15 23:43:47.0	2001-01-15 23:43:47.0	1																					1271312339	0	false		false	124	124	rmunkow4wnb9uf792ercxzunvtr53jo			false		false			false	false	
enwiki	page	create	2001-01-15 23:43:47.0		11313587	5279059	Office.bomis.com	Office.bomis.com							false	false	true	false	false	true	2009-12-28 09:06:07.0	2009-12-28 09:06:09.0	2001-01-15 19:27:13.0			22835	PhilosophyAndLogic	PhilosophyAndLogic	0	true	0	true	true	false	2001-01-15 23:43:47.0	2001-01-15 23:43:47.0																																							
enwiki	revision	create	2001-01-15 23:44:04.0	*	11313587	5279059	Office.bomis.com	Office.bomis.com							false	false	true	false	false	true	2009-12-28 09:06:07.0	2009-12-28 09:06:09.0	2001-01-15 19:27:13.0	6	17	22835	PhilosophyAndLogic	PhilosophyAndLogic	0	true	0	true	true	false	2001-01-15 23:43:47.0	2001-01-15 23:43:47.0	2	17																				1271312340	1271312339	false		false	129	5	ddkbk8npkbwbu6536om901eqm1zd8e0			false		false			false	false	
enwiki	revision	create	2001-01-15 23:45:01.0	*	11313587	5279059	Office.bomis.com	Office.bomis.com							false	false	true	false	false	true	2009-12-28 09:06:07.0	2009-12-28 09:06:09.0	2001-01-15 19:27:13.0	7	57	26323569	HomePage	HomePage	0	true	0	true	true	false	2010-02-24 14:25:49.0	2001-01-15 19:27:13.0	4	14022																				908493301	908493300	false		false	203	-759	aw2357ekv7734x4df2rcocdnqihfqp1			false		false			false	true	
enwiki	revision	create	2001-01-16 18:48:42.0	*	11313587	5279059	Office.bomis.com	Office.bomis.com							false	false	true	false	false	true	2009-12-28 09:06:07.0	2009-12-28 09:06:09.0	2001-01-15 19:27:13.0	8	68621	26323569	HomePage	HomePage	0	true	0	true	true	false	2010-02-24 14:25:49.0	2001-01-15 19:27:13.0	5	68621																				908493302	908493301	false		false	217	14	heqrregxvehwngfp6ivm0854z0xq6ct			false		false			false	true	
enwiki	revision	create	2001-01-16 18:51:24.0	*	11313587	5279059	Office.bomis.com	Office.bomis.com							false	false	true	false	false	true	2009-12-28 09:06:07.0	2009-12-28 09:06:09.0	2001-01-15 19:27:13.0	9	162	22836	PopularMusic	PopularMusic	0	true	0	true	true	false	2001-01-16 18:51:24.0	2001-01-16 18:51:24.0	1																					966273168	0	false		false	296	296	rikmgqg9jf09jlhrlmxnp3swg81i8tz			false		false			false	false	
enwiki	page	create	2001-01-16 18:51:24.0		11313587	5279059	Office.bomis.com	Office.bomis.com							false	false	true	false	false	true	2009-12-28 09:06:07.0	2009-12-28 09:06:09.0	2001-01-15 19:27:13.0			22836	PopularMusic	PopularMusic	0	true	0	true	true	false	2001-01-16 18:51:24.0	2001-01-16 18:51:24.0																																							
enwiki	revision	create	2001-01-16 18:51:39.0	*	11313587	5279059	Office.bomis.com	Office.bomis.com							false	false	true	false	false	true	2009-12-28 09:06:07.0	2009-12-28 09:06:09.0	2001-01-15 19:27:13.0	10	15	26323569	HomePage	HomePage	0	true	0	true	true	false	2010-02-24 14:25:49.0	2001-01-15 19:27:13.0	6	177																				908493303	908493302	false		false	193	-24	kblwaoqmshto5px2pnzlboz4kg9pwkd			false		false			false	true	
enwiki	revision	create	2001-01-16 18:51:52.0	*	11313587	5279059	Office.bomis.com	Office.bomis.com							false	false	true	false	false	true	2009-12-28 09:06:07.0	2009-12-28 09:06:09.0	2001-01-15 19:27:13.0	11	13	26323569	HomePage	HomePage	0	true	0	true	true	false	2010-02-24 14:25:49.0	2001-01-15 19:27:13.0	7	13																				908493304	908493303	false		false	104	-89	bv6oejzam6povk9gzz8t1kt7y67vx1j			false		false			false	true	
enwiki	revision	create	2001-01-16 18:52:35.0	*	11313587	5279059	Office.bomis.com	Office.bomis.com							false	false	true	false	false	true	2009-12-28 09:06:07.0	2009-12-28 09:06:09.0	2001-01-15 19:27:13.0	12	43	26323569	HomePage	HomePage	0	true	0	true	true	false	2010-02-24 14:25:49.0	2001-01-15 19:27:13.0	8	43																				908493305	908493304	false		false	112	8	gbuc6kzt7uukppp63w3gjdxjq1jkdzl			false		false			false	true	
enwiki	revision	create	2001-01-16 18:54:35.0	*	11313587	5279059	Office.bomis.com	Office.bomis.com							false	false	true	false	false	true	2009-12-28 09:06:07.0	2009-12-28 09:06:09.0	2001-01-15 19:27:13.0	13	120	26593	SportS	SportS	0	true	0	true	true	false	2001-01-16 18:54:35.0	2001-01-16 18:54:35.0	1																					1272089893	0	false		false	207	207	nkdg0udlaujyv7ryzsw7e8hadfoqgd4			false		false			false	false	
enwiki	page	create	2001-01-16 18:54:35.0		11313587	5279059	Office.bomis.com	Office.bomis.com							false	false	true	false	false	true	2009-12-28 09:06:07.0	2009-12-28 09:06:09.0	2001-01-15 19:27:13.0			26593	SportS	SportS	0	true	0	true	true	false	2001-01-16 18:54:35.0	2001-01-16 18:54:35.0																																							
enwiki	revision	create	2001-01-16 18:54:55.0	*	11313587	5279059	Office.bomis.com	Office.bomis.com							false	false	true	false	false	true	2009-12-28 09:06:07.0	2009-12-28 09:06:09.0	2001-01-15 19:27:13.0	14	20	18740	MathematicsAndStatistics	MathematicsAndStatistics	0	true	0	true	true	false	2001-01-16 18:54:55.0	2001-01-16 18:54:55.0	1																					1271656184	0	false		false	18	18	pyrxvc2et4hyl5ksjw8xg8lncimuahb			false		false			false	false	
enwiki	page	create	2001-01-16 18:54:55.0		11313587	5279059	Office.bomis.com	Office.bomis.com							false	false	true	false	false	true	2009-12-28 09:06:07.0	2009-12-28 09:06:09.0	2001-01-15 19:27:13.0			18740	MathematicsAndStatistics	MathematicsAndStatistics	0	true	0	true	true	false	2001-01-16 18:54:55.0	2001-01-16 18:54:55.0																																							
enwiki	revision	create	2001-01-16 19:00:27.0	*	11313587	5279059	Office.bomis.com	Office.bomis.com							false	false	true	false	false	true	2009-12-28 09:06:07.0	2009-12-28 09:06:09.0	2001-01-15 19:27:13.0	15	332	26323569	HomePage	HomePage	0	true	0	true	true	false	2010-02-24 14:25:49.0	2001-01-15 19:27:13.0	9	472																				908493306	908493305	false		false	351	239	cvxlp6vk3c56bjewe9rmjrrbf4s2oe1			false		false			false	true	
enwiki	revision	create	2001-01-16 19:02:36.0	*	11313587	5279059	Office.bomis.com	Office.bomis.com							false	false	true	false	false	true	2009-12-28 09:06:07.0	2009-12-28 09:06:09.0	2001-01-15 19:27:13.0	16	129	26323569	HomePage	HomePage	0	true	0	true	true	false	2010-02-24 14:25:49.0	2001-01-15 19:27:13.0	10	129																				908493307	908493306	false		false	370	19	snaajbhronjt44fgukf5jbqtjxx2wt5			false		false			false	true	
enwiki	revision	create	2001-01-16 19:02:46.0	*	11313587	5279059	Office.bomis.com	Office.bomis.com							false	false	true	false	false	true	2009-12-28 09:06:07.0	2009-12-28 09:06:09.0	2001-01-15 19:27:13.0	17	10	5054	CountriesOfTheWorld	CountriesOfTheWorld	0	true	0	true	true	false	2001-01-16 19:02:46.0	2001-01-16 19:02:46.0	1																					1264750679	0	false		false	5	5	mckrdlhbhr3xh7xnpvokat5e2wl6bp0			false		false			false	false	
enwiki	page	create	2001-01-16 19:02:46.0		11313587	5279059	Office.bomis.com	Office.bomis.com							false	false	true	false	false	true	2009-12-28 09:06:07.0	2009-12-28 09:06:09.0	2001-01-15 19:27:13.0			5054	CountriesOfTheWorld	CountriesOfTheWorld	0	true	0	true	true	false	2001-01-16 19:02:46.0	2001-01-16 19:02:46.0																																							
enwiki	revision	create	2001-01-16 19:03:08.0	*	11313587	5279059	Office.bomis.com	Office.bomis.com							false	false	true	false	false	true	2009-12-28 09:06:07.0	2009-12-28 09:06:09.0	2001-01-15 19:27:13.0	18	22	5054	CountriesOfTheWorld	CountriesOfTheWorld	0	true	0	true	true	false	2001-01-16 19:02:46.0	2001-01-16 19:02:46.0	2	22																				1264750680	1264750679	false		false	7	2	s0a2kf6jb69mjgqk8lesvcycruobjqy			false		false			false	false	
enwiki	revision	create	2001-01-16 19:09:15.0	*	11313587	5279059	Office.bomis.com	Office.bomis.com							false	false	true	false	false	true	2009-12-28 09:06:07.0	2009-12-28 09:06:09.0	2001-01-15 19:27:13.0	19	367	5054	CountriesOfTheWorld	CountriesOfTheWorld	0	true	0	true	true	false	2001-01-16 19:02:46.0	2001-01-16 19:02:46.0	3	367																				1264750681	1264750680	false		false	128	121	fihs6h31mtprxukaupgf2ameczsgfb7			false		false			false	false	
enwiki	user	create	2001-01-16 20:00:38.0		467861	19569925	Eiffel.demon.co.uk	Eiffel.demon.co.uk							true	false	false	false	false	true		2005-10-01 00:33:26.0	2001-01-16 20:00:38.0																467861	19569925	Eiffel.demon.co.uk	Eiffel.demon.co.uk							true	false	false	false	false	true		2005-10-01 00:33:26.0	2001-01-16 20:00:38.0																		
enwiki	revision	create	2001-01-16 20:00:38.0	*	467861	19569925	Eiffel.demon.co.uk	Eiffel.demon.co.uk							true	false	false	false	false	true		2005-10-01 00:33:26.0	2001-01-16 20:00:38.0	1		26593	SportS	SportS	0	true	0	true	true	false	2001-01-16 18:54:35.0	2001-01-16 18:54:35.0	2	3963																				1272089894	1272089893	false		false	275	68	7qxbdejdqjpbj9sa3mxhklu2hp0nz99			false		false			false	false	
enwiki	revision	create	2001-01-16 20:03:49.0	*	467861	19569925	Eiffel.demon.co.uk	Eiffel.demon.co.uk							true	false	false	false	false	true		2005-10-01 00:33:26.0	2001-01-16 20:00:38.0	2	191	32840	WikiPedia	WikiPedia	0	true	0	true	true	false	2001-01-15 19:52:32.0	2001-01-15 19:52:32.0	2	87077																				999508059	999508058	false		false	582	315	d46omdd8dyq78jpxenv4tiozpsfuh6g			false		false			false	false	
enwiki	revision	create	2001-01-16 20:04:40.0	*	467861	19569925	Eiffel.demon.co.uk	Eiffel.demon.co.uk							true	false	false	false	false	true		2005-10-01 00:33:26.0	2001-01-16 20:00:38.0	3	51	32840	WikiPedia	WikiPedia	0	true	0	true	true	false	2001-01-15 19:52:32.0	2001-01-15 19:52:32.0	3	51																				999508060	999508059	false		false	733	151	8ptjyn01jea1nbgtlsx9jhiagqt59bk			false		false			false	false	
enwiki	revision	create	2001-01-16 20:05:49.0	*	467861	19569925	Eiffel.demon.co.uk	Eiffel.demon.co.uk							true	false	false	false	false	true		2005-10-01 00:33:26.0	2001-01-16 20:00:38.0	4	69	22836	PopularMusic	PopularMusic	0	true	0	true	true	false	2001-01-16 18:51:24.0	2001-01-16 18:51:24.0	2	4465																				966273170	966273168	false		false	374	78	etm6eiezvwfz9obhqdpemxx0fdj7sb1			false		false			false	false	
enwiki	revision	create	2001-01-16 20:07:18.0	*	467861	19569925	Eiffel.demon.co.uk	Eiffel.demon.co.uk							true	false	false	false	false	true		2005-10-01 00:33:26.0	2001-01-16 20:00:38.0	5	89	26323569	HomePage	HomePage	0	true	0	true	true	false	2010-02-24 14:25:49.0	2001-01-15 19:27:13.0	11	3882																				908493308	908493307	false		false	385	15	5brlajsksi7p75vdglvkgxwk6bjqbs6			false		false			false	true	
enwiki	revision	create	2001-01-16 20:07:48.0	*	467861	19569925	Eiffel.demon.co.uk	Eiffel.demon.co.uk							true	false	false	false	false	true		2005-10-01 00:33:26.0	2001-01-16 20:00:38.0	6	30	26323569	HomePage	HomePage	0	true	0	true	true	false	2010-02-24 14:25:49.0	2001-01-15 19:27:13.0	12	30																				908493309	908493308	false		false	383	-2	06mw3owmcq8f8adbjy3qpahttsgu5qw			false		false			false	true	
enwiki	revision	create	2001-01-16 20:08:33.0	*			eiffel.demon.co.uk	eiffel.demon.co.uk										true								20480912											1																					291430	0	false		false	52	52	pglnoz3qt6g4kbsp51hh72fbz2zj7av			false		false			false	false	
enwiki	revision	create	2001-01-16 20:08:55.0	*	467861	19569925	Eiffel.demon.co.uk	Eiffel.demon.co.uk							true	false	false	false	false	true		2005-10-01 00:33:26.0	2001-01-16 20:00:38.0	7	67	26323569	HomePage	HomePage	0	true	0	true	true	false	2010-02-24 14:25:49.0	2001-01-15 19:27:13.0	13	67																				908493310	908493309	false		false	368	-15	1krqx1ebsirrsanmhr99wft84rr81w6			false		false			false	true	
enwiki	revision	create	2001-01-16 20:11:02.0	*	467861	19569925	Eiffel.demon.co.uk	Eiffel.demon.co.uk							true	false	false	false	false	true		2005-10-01 00:33:26.0	2001-01-16 20:00:38.0	8	127	5213	Computing	Computing	0	true	0	true	false	false	2001-01-16 20:11:02.0	2001-01-16 20:11:02.0	1																					1271056278	0	false		false	79	79	8hg1rfj46pkbefd0korois0upsvno9y			false		false			false	false	
enwiki	page	create	2001-01-16 20:11:02.0		467861	19569925	Eiffel.demon.co.uk	Eiffel.demon.co.uk							true	false	false	false	false	true		2005-10-01 00:33:26.0	2001-01-16 20:00:38.0			5213	Computing	Computing	0	true	0	true	false	false	2001-01-16 20:11:02.0	2001-01-16 20:11:02.0																																							
enwiki	revision	create	2001-01-16 20:12:51.0	*			eiffel.demon.co.uk	eiffel.demon.co.uk										true								3200364											1																					286342	0	false		false	73	73	hgt00ixa5avkngfdf633337krq56esf			false		false			false	false	
enwiki	revision	create	2001-01-16 21:13:06.0	*	48945601	77237360	Ss02.nc.us.ibm.com	Ss02.nc.us.ibm.com							false	false	true	false	false	true	2024-12-23 09:31:22.0	2024-12-23 09:31:23.0	2001-01-16 21:13:06.0	1		9969298	NamingConventions	NamingConventions	0	true	0	true	true	false	2016-11-02 00:45:25.0	2001-01-16 21:13:06.0	1																					1264752840	0	false		false	94	94	jwks48q35aj39r3rf836hodzz08kkc1			false		false			false	true	
enwiki	user	create	2001-01-16 21:13:06.0		194203	745	Graham87											false	false	true																			48945601	77237360	Ss02.nc.us.ibm.com	Ss02.nc.us.ibm.com							false	false	true	false	false	true	2024-12-23 09:31:22.0	2024-12-23 09:31:23.0	2001-01-16 21:13:06.0																		
enwiki	revision	create	2001-01-16 21:14:37.0	*	24862	37776731	ScottMoonen	ScottMoonen							false	false	false	false	false	true			2001-01-16 21:14:37.0	1		23698779	Recent_Changes	Historical_archive/Recent_Changes	0	true	4	false	false	false	2009-07-22 06:15:21.0	2001-01-16 21:14:37.0	1																					1322895078	0	false		false	49	49	q3vpl4mfcccsscbjfjr1ut6e6wkda7v			false		false			false	true	
enwiki	user	create	2001-01-16 21:14:37.0																																				24862	37776731	ScottMoonen	ScottMoonen							false	false	false	false	false	true			2001-01-16 21:14:37.0																		
enwiki	revision	create	2001-01-16 21:16:11.0	about me	24862	37776731	ScottMoonen	ScottMoonen							false	false	false	false	false	true			2001-01-16 21:14:37.0	2	94	6142501	ScottMoonen	ScottMoonen	0	true	2	false	false	false	2006-07-27 15:14:34.0	2001-01-16 21:16:11.0	1																					11992008	0	false		false	363	363	lskpe72f4oemtadldo71vjzk7kynvkp			false		false			false	true	
enwiki	revision	create	2001-01-16 21:17:03.0	about me	24862	37776731	ScottMoonen	ScottMoonen							false	false	false	false	false	true			2001-01-16 21:14:37.0	3	52	6142501	ScottMoonen	ScottMoonen	0	true	2	false	false	false	2006-07-27 15:14:34.0	2001-01-16 21:16:11.0	2	52																				11992009	11992008	false		false	567	204	p5uwg8yr0o9vmyjnk3d4873pr41niww			false		false			false	true	
enwiki	revision	create	2001-01-16 21:18:39.0	recommendation for naming conventions	24862	37776731	ScottMoonen	ScottMoonen							false	false	false	false	false	true			2001-01-16 21:14:37.0	4	96	9969298	NamingConventions	NamingConventions	0	true	0	true	true	false	2016-11-02 00:45:25.0	2001-01-16 21:13:06.0	2	333																				1264752841	1264752840	false		false	363	269	pnp1k1bxwzv4ipn27212vl63c76xx6u			false		false			false	true	
enwiki	revision	create	2001-01-17 00:05:18.0	*	11327310	5299052	Dhcp058.246.lvcm.com	Dhcp058.246.lvcm.com							false	false	true	false	false	true	2009-12-30 11:47:23.0	2009-12-30 11:47:24.0	2001-01-17 00:05:18.0	1		26323569	HomePage	HomePage	0	true	0	true	true	false	2010-02-24 14:25:49.0	2001-01-15 19:27:13.0	14	14183																				908493311	908493310	false		false	396	28	67e7oo9hpzli1vmh54rlb8q9iec1ntk			false		true	986116384	624318970	false	true	
enwiki	user	create	2001-01-17 00:05:18.0		194203	745	Graham87											false	false	true																			11327310	5299052	Dhcp058.246.lvcm.com	Dhcp058.246.lvcm.com							false	false	true	false	false	true	2009-12-30 11:47:23.0	2009-12-30 11:47:24.0	2001-01-17 00:05:18.0																		
enwiki	revision	create	2001-01-17 00:05:52.0	*	11327310	5299052	Dhcp058.246.lvcm.com	Dhcp058.246.lvcm.com							false	false	true	false	false	true	2009-12-30 11:47:23.0	2009-12-30 11:47:24.0	2001-01-17 00:05:18.0	2	34	51205	What_is_a_wiki	What_is_a_wiki	4	false	4	false	true	false	2001-01-17 00:05:52.0	2001-01-17 00:05:52.0	1																					1066049402	0	false		false	410	410	8c8pbuwyn7mphd8cp3ugvzx4nh4x70b			false		false			false	false	
enwiki	page	create	2001-01-17 00:05:52.0		11327310	5299052	Dhcp058.246.lvcm.com	Dhcp058.246.lvcm.com							false	false	true	false	false	true	2009-12-30 11:47:23.0	2009-12-30 11:47:24.0	2001-01-17 00:05:18.0			51205	What_is_a_wiki	What_is_a_wiki	4	false	4	false	true	false	2001-01-17 00:05:52.0	2001-01-17 00:05:52.0																																							
enwiki	revision	create	2001-01-17 00:06:19.0	*	11327310	5299052	Dhcp058.246.lvcm.com	Dhcp058.246.lvcm.com							false	false	true	false	false	true	2009-12-30 11:47:23.0	2009-12-30 11:47:24.0	2001-01-17 00:05:18.0	3	27	17052990	WhatsaWikiFor	What_is_a_wiki_for	0	true	4	false	false	false	2008-04-22 11:16:55.0	2001-01-17 00:06:19.0	1																					1325985560	0	false		false	259	259	4d5t3dl9xaktvuqwzw90anrxy70uaun			false		false			false	true	
enwiki	revision	create	2001-01-17 00:07:13.0	*	11327310	5299052	Dhcp058.246.lvcm.com	Dhcp058.246.lvcm.com							false	false	true	false	false	true	2009-12-30 11:47:23.0	2009-12-30 11:47:24.0	2001-01-17 00:05:18.0	4	54	17051771	Why_on_Earth_would_I_want_to_contribute_to_a_wiki	Why_on_Earth_would_I_want_to_contribute_to_a_wiki	4	false	4	false	true	false	2008-04-22 09:46:19.0	2001-01-17 00:07:13.0	1																					1066659528	0	false		false	204	204	rritlzwydv21smnim1nt15th64cy2u1			false		false			false	true	
enwiki	revision	create	2001-01-17 00:07:39.0	*	11327310	5299052	Dhcp058.246.lvcm.com	Dhcp058.246.lvcm.com							false	false	true	false	false	true	2009-12-30 11:47:23.0	2009-12-30 11:47:24.0	2001-01-17 00:05:18.0	5	26	78783901	How_does_one_edit_a_page/Old_version	Historical_archive/Abandoned_help_pages_from_2001/How_does_one_edit_a_page/Old_version	0	true	4	false	false	false	2001-01-17 00:07:39.0	2001-01-17 00:07:39.0	1																					1266839142	0	false		false	698	698	kbdsyfk7v6xmle9amtasa5m8me2mtqn			false		false			false	false	
enwiki	page	create	2001-01-17 00:07:39.0		11327310	5299052	Dhcp058.246.lvcm.com	Dhcp058.246.lvcm.com							false	false	true	false	false	true	2009-12-30 11:47:23.0	2009-12-30 11:47:24.0	2001-01-17 00:05:18.0			78783901	How_does_one_edit_a_page/Old_version	Historical_archive/Abandoned_help_pages_from_2001/How_does_one_edit_a_page/Old_version	0	true	4	false	false	false	2001-01-17 00:07:39.0	2001-01-17 00:07:39.0																																							
enwiki	revision	create	2001-01-17 00:08:43.0		11327310	5299052	Dhcp058.246.lvcm.com	Dhcp058.246.lvcm.com							false	false	true	false	false	true	2009-12-30 11:47:23.0	2009-12-30 11:47:24.0	2001-01-17 00:05:18.0	6	64	21077	NuPedia	NuPedia	0	true	0	true	true	false	2001-01-17 00:08:43.0	2001-01-17 00:08:43.0	1																					952044825	0	false		false	272	272	ahldg989hudcdnnxkoba823jh73a8mk			true	2020-04-20 08:27:04.0	false			false	false	
enwiki	revision	create	2001-01-17 00:08:43.0	*	11327310	5299052	Dhcp058.246.lvcm.com	Dhcp058.246.lvcm.com							false	false	true	false	false	true	2009-12-30 11:47:23.0	2009-12-30 11:47:24.0	2001-01-17 00:05:18.0	7	0	26155570	Nupedia	Nupedia	0	true	0	true	false	false	2010-02-11 02:26:10.0	2001-01-17 00:08:43.0	1																					952046200	0	false		false	272	272	ahldg989hudcdnnxkoba823jh73a8mk			false		false			false	true	
enwiki	page	create	2001-01-17 00:08:43.0		11327310	5299052	Dhcp058.246.lvcm.com	Dhcp058.246.lvcm.com							false	false	true	false	false	true	2009-12-30 11:47:23.0	2009-12-30 11:47:24.0	2001-01-17 00:05:18.0			21077	NuPedia	NuPedia	0	true	0	true	true	false	2001-01-17 00:08:43.0	2001-01-17 00:08:43.0																																							
enwiki	page	create	2001-01-17 00:10:08.0		11327310	5299052	Dhcp058.246.lvcm.com	Dhcp058.246.lvcm.com							false	false	true	false	false	true	2009-12-30 11:47:23.0	2009-12-30 11:47:24.0	2001-01-17 00:05:18.0			29780	Thomas_Reid	Thomas_Reid	0	true	0	true	false	false	2001-01-17 00:10:08.0	2001-01-17 00:10:08.0																																							
enwiki	page	create	2001-01-17 00:10:08.0		11327310	5299052	Dhcp058.246.lvcm.com	Dhcp058.246.lvcm.com							false	false	true	false	false	true	2009-12-30 11:47:23.0	2009-12-30 11:47:24.0	2001-01-17 00:05:18.0			29672	ThomasReid	ThomasReid	0	true	0	true	true	false	2001-01-17 00:10:08.0	2001-01-17 00:10:08.0																																							
enwiki	revision	create	2001-01-17 00:10:08.0		11327310	5299052	Dhcp058.246.lvcm.com	Dhcp058.246.lvcm.com							false	false	true	false	false	true	2009-12-30 11:47:23.0	2009-12-30 11:47:24.0	2001-01-17 00:05:18.0	8	85	29672	ThomasReid	ThomasReid	0	true	0	true	true	false	2001-01-17 00:10:08.0	2001-01-17 00:10:08.0	1																					952041904	0	false		false	1410	1410	3i01zq61t1ta3ej6bez60crn18100nj			true	2020-04-20 08:04:31.0	false			false	false	
enwiki	revision	create	2001-01-17 00:10:08.0	*	11327310	5299052	Dhcp058.246.lvcm.com	Dhcp058.246.lvcm.com							false	false	true	false	false	true	2009-12-30 11:47:23.0	2009-12-30 11:47:24.0	2001-01-17 00:05:18.0	9	0	29780	Thomas_Reid	Thomas_Reid	0	true	0	true	false	false	2001-01-17 00:10:08.0	2001-01-17 00:10:08.0	1																					997216630	0	false		false	1410	1410	3i01zq61t1ta3ej6bez60crn18100nj			false		false			false	false	
enwiki	revision	create	2001-01-17 00:12:05.0	*	11327310	5299052	Dhcp058.246.lvcm.com	Dhcp058.246.lvcm.com							false	false	true	false	false	true	2009-12-30 11:47:23.0	2009-12-30 11:47:24.0	2001-01-17 00:05:18.0	10	117	13216	Hold_come_what_may	Hold_come_what_may	0	true	0	true	false	false	2001-01-17 00:12:05.0	2001-01-17 00:12:05.0	1																					1271504454	0	false		false	524	524	6ugk6i0jfalh5szngn4ewl08v6lxsdi			false		false			false	false	
enwiki	page	create	2001-01-17 00:12:05.0		11327310	5299052	Dhcp058.246.lvcm.com	Dhcp058.246.lvcm.com							false	false	true	false	false	true	2009-12-30 11:47:23.0	2009-12-30 11:47:24.0	2001-01-17 00:05:18.0			13216	Hold_come_what_may	Hold_come_what_may	0	true	0	true	false	false	2001-01-17 00:12:05.0	2001-01-17 00:12:05.0																																							
enwiki	revision	create	2001-01-17 00:13:13.0	*			dhcp058.246.lvcm.com	dhcp058.246.lvcm.com										true								32899											1																					294257	0	false		false	319	319	g5onlvqdei1skvynsg4shav4omr1dl1			false		false			false	false	
enwiki	page	create	2001-01-17 00:13:54.0		11327310	5299052	Dhcp058.246.lvcm.com	Dhcp058.246.lvcm.com							false	false	true	false	false	true	2009-12-30 11:47:23.0	2009-12-30 11:47:24.0	2001-01-17 00:05:18.0			28475	Siberian_Husky	Siberian_Husky	0	true	0	true	false	false	2001-01-17 00:13:54.0	2001-01-17 00:13:54.0																																							
enwiki	revision	create	2001-01-17 00:13:54.0	*	11327310	5299052	Dhcp058.246.lvcm.com	Dhcp058.246.lvcm.com							false	false	true	false	false	true	2009-12-30 11:47:23.0	2009-12-30 11:47:24.0	2001-01-17 00:05:18.0	11	109	28475	Siberian_Husky	Siberian_Husky	0	true	0	true	false	false	2001-01-17 00:13:54.0	2001-01-17 00:13:54.0	1																					1000310657	0	false		false	46	46	9884n782j2wmqdrex53uky6gdznql95			false		false			false	false	
enwiki	revision	create	2001-01-17 00:14:19.0	*	11327310	5299052	Dhcp058.246.lvcm.com	Dhcp058.246.lvcm.com							false	false	true	false	false	true	2009-12-30 11:47:23.0	2009-12-30 11:47:24.0	2001-01-17 00:05:18.0	12	25	25612190	RoseParks	RoseParks	2	false	2	false	false	false	2009-12-30 15:49:10.0	2001-01-17 00:14:19.0	1																					1271680295	0	false		false	419	419	phhzoil2ad8bw7hyrtt9q8oo5mnozgj			false		false			false	true	
enwiki	revision	create	2001-01-17 00:14:31.0	*	11327310	5299052	Dhcp058.246.lvcm.com	Dhcp058.246.lvcm.com							false	false	true	false	false	true	2009-12-30 11:47:23.0	2009-12-30 11:47:24.0	2001-01-17 00:05:18.0	13	12	25612190	RoseParks	RoseParks	2	false	2	false	false	false	2009-12-30 15:49:10.0	2001-01-17 00:14:19.0	2	12																				1271680296	1271680295	false		false	418	-1	kcvi84kdh76cn6ybu6y92wz5zf0yrgh			false		false			false	true	
enwiki	page	create	2001-01-17 00:16:13.0		11327310	5299052	Dhcp058.246.lvcm.com	Dhcp058.246.lvcm.com							false	false	true	false	false	true	2009-12-30 11:47:23.0	2009-12-30 11:47:24.0	2001-01-17 00:05:18.0			78776109	MakeaNewPage	Historical_archive/Abandoned_help_pages_from_2001/MakeaNewPage	0	true	4	false	false	false	2001-01-17 00:16:13.0	2001-01-17 00:16:13.0																																							
enwiki	revision	create	2001-01-17 00:16:13.0	*	11327310	5299052	Dhcp058.246.lvcm.com	Dhcp058.246.lvcm.com							false	false	true	false	false	true	2009-12-30 11:47:23.0	2009-12-30 11:47:24.0	2001-01-17 00:05:18.0	14	102	78776109	MakeaNewPage	Historical_archive/Abandoned_help_pages_from_2001/MakeaNewPage	0	true	4	false	false	false	2001-01-17 00:16:13.0	2001-01-17 00:16:13.0	1																					1266597953	0	false		false	513	513	35z59p6jdhmh7p9tyjvin3qj0s2ozi7			false		false			false	false	
enwiki	revision	create	2001-01-17 00:16:37.0	*	11327310	5299052	Dhcp058.246.lvcm.com	Dhcp058.246.lvcm.com							false	false	true	false	false	true	2009-12-30 11:47:23.0	2009-12-30 11:47:24.0	2001-01-17 00:05:18.0	15	24	17744623	NewTopics	New_topics	0	true	4	false	false	false	2008-06-03 03:33:40.0	2001-01-17 00:16:37.0	1																					1209542240	0	false		false	501	501	79hq594usitzgobu2wuh25z1d11rvzo			false		false			false	true	
enwiki	revision	create	2001-01-17 00:17:33.0	*	11327310	5299052	Dhcp058.246.lvcm.com	Dhcp058.246.lvcm.com							false	false	true	false	false	true	2009-12-30 11:47:23.0	2009-12-30 11:47:24.0	2001-01-17 00:05:18.0	16	56	7965	Disruption	Disruption	0	true	0	true	false	false	2001-01-17 00:17:33.0	2001-01-17 00:17:33.0	1																					1269173641	0	false		false	270	270	5zfnlurl9vbxnvtk0t82aocovl6mje8			false		false			false	false	
enwiki	page	create	2001-01-17 00:17:33.0		11327310	5299052	Dhcp058.246.lvcm.com	Dhcp058.246.lvcm.com							false	false	true	false	false	true	2009-12-30 11:47:23.0	2009-12-30 11:47:24.0	2001-01-17 00:05:18.0			7965	Disruption	Disruption	0	true	0	true	false	false	2001-01-17 00:17:33.0	2001-01-17 00:17:33.0																																							
enwiki	page	create	2001-01-17 00:18:15.0		11327310	5299052	Dhcp058.246.lvcm.com	Dhcp058.246.lvcm.com							false	false	true	false	false	true	2009-12-30 11:47:23.0	2009-12-30 11:47:24.0	2001-01-17 00:05:18.0			18743	MuSic	MuSic	0	true	0	true	true	false	2001-01-17 00:18:15.0	2001-01-17 00:18:15.0																																							
enwiki	revision	create	2001-01-17 00:18:15.0	*	11327310	5299052	Dhcp058.246.lvcm.com	Dhcp058.246.lvcm.com							false	false	true	false	false	true	2009-12-30 11:47:23.0	2009-12-30 11:47:24.0	2001-01-17 00:05:18.0	17	42	18743	MuSic	MuSic	0	true	0	true	true	false	2001-01-17 00:18:15.0	2001-01-17 00:18:15.0	1																					1271289292	0	false		false	38	38	33s929ek17oznmxila6zoq4f8j976as			false		false			false	false	
enwiki	revision	create	2001-01-17 00:22:03.0	*	11327310	5299052	Dhcp058.246.lvcm.com	Dhcp058.246.lvcm.com							false	false	true	false	false	true	2009-12-30 11:47:23.0	2009-12-30 11:47:24.0	2001-01-17 00:05:18.0	18	228	38406014	PaGe	PaGe	0	true	0	true	true	false	2001-01-17 00:22:03.0	2001-01-17 00:22:03.0	1																					1271660024	0	false		false	109	109	tklzzrckltxgv8avz46d7nxqe0o82iz			false		false			false	false	
enwiki	page	create	2001-01-17 00:22:03.0		11327310	5299052	Dhcp058.246.lvcm.com	Dhcp058.246.lvcm.com							false	false	true	false	false	true	2009-12-30 11:47:23.0	2009-12-30 11:47:24.0	2001-01-17 00:05:18.0			38406014	PaGe	PaGe	0	true	0	true	true	false	2001-01-17 00:22:03.0	2001-01-17 00:22:03.0																																							
enwiki	revision	create	2001-01-17 00:22:35.0	*	11327310	5299052	Dhcp058.246.lvcm.com	Dhcp058.246.lvcm.com							false	false	true	false	false	true	2009-12-30 11:47:23.0	2009-12-30 11:47:24.0	2001-01-17 00:05:18.0	19	32	30259707	WikiPedians	WikiPedians	0	true	0	true	true	false	2011-09-30 08:44:03.0	2001-01-17 00:22:35.0	1																					1209537162	0	false		false	27	27	a2xkb4dffn4bnztv1obuty3dd4g5e1m			false		false			false	true	
enwiki	revision	create	2001-01-17 00:22:54.0	*	11327310	5299052	Dhcp058.246.lvcm.com	Dhcp058.246.lvcm.com							false	false	true	false	false	true	2009-12-30 11:47:23.0	2009-12-30 11:47:24.0	2001-01-17 00:05:18.0	20	19	30259707	WikiPedians	WikiPedians	0	true	0	true	true	false	2011-09-30 08:44:03.0	2001-01-17 00:22:35.0	2	19																				1209537163	1209537162	false		false	612	585	8w1qy2zmuid8za0iml6ayftm61hmd1l			false		false			false	true	
enwiki	revision	create	2001-01-17 00:24:09.0	*	11327310	5299052	Dhcp058.246.lvcm.com	Dhcp058.246.lvcm.com							false	false	true	false	false	true	2009-12-30 11:47:23.0	2009-12-30 11:47:24.0	2001-01-17 00:05:18.0	21	75	30259707	WikiPedians	WikiPedians	0	true	0	true	true	false	2011-09-30 08:44:03.0	2001-01-17 00:22:35.0	3	75																				1209537164	1209537163	false		false	65	-547	lnzsymdctucsu4w57fsw8viaj3ijg1e			false		false			false	true	
enwiki	revision	create	2001-01-17 00:25:10.0	*	11327310	5299052	Dhcp058.246.lvcm.com	Dhcp058.246.lvcm.com							false	false	true	false	false	true	2009-12-30 11:47:23.0	2009-12-30 11:47:24.0	2001-01-17 00:05:18.0	22	61	32840	WikiPedia	WikiPedia	0	true	0	true	true	false	2001-01-15 19:52:32.0	2001-01-15 19:52:32.0	4	15630																				999508061	999508060	false		false	1353	620	fejwya55c08hsq61fz717v0yc1x7yjx			false		false			false	false	
enwiki	revision	create	2001-01-17 00:25:58.0	*	11327310	5299052	Dhcp058.246.lvcm.com	Dhcp058.246.lvcm.com							false	false	true	false	false	true	2009-12-30 11:47:23.0	2009-12-30 11:47:24.0	2001-01-17 00:05:18.0	23	48	18745	MathematicalGrouP	MathematicalGrouP	0	true	0	true	true	false	2001-01-17 00:25:58.0	2001-01-17 00:25:58.0	1																					1271963079	0	false		false	2047	2047	94obrzuijbjpqsin7a56h5wprgvxnee			false		false			false	false	
enwiki	page	create	2001-01-17 00:25:58.0		11327310	5299052	Dhcp058.246.lvcm.com	Dhcp058.246.lvcm.com							false	false	true	false	false	true	2009-12-30 11:47:23.0	2009-12-30 11:47:24.0	2001-01-17 00:05:18.0			18745	MathematicalGrouP	MathematicalGrouP	0	true	0	true	true	false	2001-01-17 00:25:58.0	2001-01-17 00:25:58.0																																							
enwiki	revision	create	2001-01-17 00:27:35.0	*	11327310	5299052	Dhcp058.246.lvcm.com	Dhcp058.246.lvcm.com							false	false	true	false	false	true	2009-12-30 11:47:23.0	2009-12-30 11:47:24.0	2001-01-17 00:05:18.0	24	97	78776312	LinkToAnExistingPage	Historical_archive/Abandoned_help_pages_from_2001/LinkToAnExistingPage	0	true	4	false	false	false	2001-01-17 00:27:35.0	2001-01-17 00:27:35.0	1																					1266600575	0	false		false	177	177	i8n0al0yth9x4rl4ki15nj32lpzvdlb			false		false			false	false	
enwiki	page	create	2001-01-17 00:27:35.0		11327310	5299052	Dhcp058.246.lvcm.com	Dhcp058.246.lvcm.com							false	false	true	false	false	true	2009-12-30 11:47:23.0	2009-12-30 11:47:24.0	2001-01-17 00:05:18.0			78776312	LinkToAnExistingPage	Historical_archive/Abandoned_help_pages_from_2001/LinkToAnExistingPage	0	true	4	false	false	false	2001-01-17 00:27:35.0	2001-01-17 00:27:35.0																																							
enwiki	revision	create	2001-01-17 00:28:13.0	*	11327310	5299052	Dhcp058.246.lvcm.com	Dhcp058.246.lvcm.com							false	false	true	false	false	true	2009-12-30 11:47:23.0	2009-12-30 11:47:24.0	2001-01-17 00:05:18.0	25	38	26758243	StartaNewParagraph	Historical_archive/Abandoned_help_pages_from_2001/StartaNewParagraph	0	true	4	false	false	false	2025-01-01 16:39:53.0	2001-01-17 00:28:13.0	1																					352902799	0	false		false	1441	1441	ghocsv81hro9081y187crbf6sada4k1			false		false			false	true	
enwiki	page	create	2001-01-17 00:28:33.0		11327310	5299052	Dhcp058.246.lvcm.com	Dhcp058.246.lvcm.com							false	false	true	false	false	true	2009-12-30 11:47:23.0	2009-12-30 11:47:24.0	2001-01-17 00:05:18.0			78776908	PutWordsInItalicsAndBold	Historical_archive/Abandoned_help_pages_from_2001/PutWordsInItalicsAndBold	0	true	4	false	false	false	2001-01-17 00:28:33.0	2001-01-17 00:28:33.0																																							
enwiki	revision	create	2001-01-17 00:28:33.0	*	11327310	5299052	Dhcp058.246.lvcm.com	Dhcp058.246.lvcm.com							false	false	true	false	false	true	2009-12-30 11:47:23.0	2009-12-30 11:47:24.0	2001-01-17 00:05:18.0	26	20	78776908	PutWordsInItalicsAndBold	Historical_archive/Abandoned_help_pages_from_2001/PutWordsInItalicsAndBold	0	true	4	false	false	false	2001-01-17 00:28:33.0	2001-01-17 00:28:33.0	1																					1266613164	0	false		false	295	295	0zv4icjoaj13xhxwhej2uzrv17ycazd			false		false			false	false	
enwiki	page	create	2001-01-17 00:28:52.0		11327310	5299052	Dhcp058.246.lvcm.com	Dhcp058.246.lvcm.com							false	false	true	false	false	true	2009-12-30 11:47:23.0	2009-12-30 11:47:24.0	2001-01-17 00:05:18.0			78777251	LinkToExternalPages	Historical_archive/Abandoned_help_pages_from_2001/LinkToExternalPages	0	true	4	false	false	false	2001-01-17 00:28:52.0	2001-01-17 00:28:52.0																																							
enwiki	revision	create	2001-01-17 00:28:52.0	*	11327310	5299052	Dhcp058.246.lvcm.com	Dhcp058.246.lvcm.com							false	false	true	false	false	true	2009-12-30 11:47:23.0	2009-12-30 11:47:24.0	2001-01-17 00:05:18.0	27	19	78777251	LinkToExternalPages	Historical_archive/Abandoned_help_pages_from_2001/LinkToExternalPages	0	true	4	false	false	false	2001-01-17 00:28:52.0	2001-01-17 00:28:52.0	1																					1266621406	0	false		false	450	450	49iekng573dytjjnl6e981nnmazwb99			false		false			false	false	
enwiki	page	create	2001-01-17 00:29:18.0		11327310	5299052	Dhcp058.246.lvcm.com	Dhcp058.246.lvcm.com							false	false	true	false	false	true	2009-12-30 11:47:23.0	2009-12-30 11:47:24.0	2001-01-17 00:05:18.0			78783122	PartakeInDiscussion	Historical_archive/Abandoned_help_pages_from_2001/PartakeInDiscussion	0	true	4	false	false	false	2001-01-17 00:29:18.0	2001-01-17 00:29:18.0																																							
enwiki	revision	create	2001-01-17 00:29:18.0	*	11327310	5299052	Dhcp058.246.lvcm.com	Dhcp058.246.lvcm.com							false	false	true	false	false	true	2009-12-30 11:47:23.0	2009-12-30 11:47:24.0	2001-01-17 00:05:18.0	28	26	78783122	PartakeInDiscussion	Historical_archive/Abandoned_help_pages_from_2001/PartakeInDiscussion	0	true	4	false	false	false	2001-01-17 00:29:18.0	2001-01-17 00:29:18.0	1																					1266806801	0	false		false	484	484	j06d9z78fer6y7b3h8t5axbmd07m1dq			false		false			false	false	
enwiki	revision	create	2001-01-17 00:29:35.0	*			dhcp058.246.lvcm.com	dhcp058.246.lvcm.com										true								57297											1																					279629	0	false		false	425	425	gjw1sc1kce5r90k2fprckukxjg573h4			false		false			false	false	
enwiki	revision	create	2001-01-17 00:30:00.0	*	11327310	5299052	Dhcp058.246.lvcm.com	Dhcp058.246.lvcm.com							false	false	true	false	false	true	2009-12-30 11:47:23.0	2009-12-30 11:47:24.0	2001-01-17 00:05:18.0	29	42	21438480	Be_bold	Be_bold	4	false	4	false	false	false	2009-02-07 18:48:22.0	2001-01-17 00:30:00.0	1																					1267042733	0	false		false	443	443	tb8pltr88gcmaipbho9nsk4k0cqall5			false		false			false	true	
enwiki	page	create	2001-01-17 00:31:31.0		11327310	5299052	Dhcp058.246.lvcm.com	Dhcp058.246.lvcm.com							false	false	true	false	false	true	2009-12-30 11:47:23.0	2009-12-30 11:47:24.0	2001-01-17 00:05:18.0			39837	Explore	Historical_archive/Explore	4	false	4	false	false	false	2001-01-17 00:31:31.0	2001-01-17 00:31:31.0																																							
enwiki	revision	create	2001-01-17 00:31:31.0	*	11327310	5299052	Dhcp058.246.lvcm.com	Dhcp058.246.lvcm.com							false	false	true	false	false	true	2009-12-30 11:47:23.0	2009-12-30 11:47:24.0	2001-01-17 00:05:18.0	30	91	39837	Explore	Historical_archive/Explore	4	false	4	false	false	false	2001-01-17 00:31:31.0	2001-01-17 00:31:31.0	1																					1234594196	0	false		false	383	383	n2ahvjd1kxryi3kagts5izu35v3aygt			false		false			false	false	
enwiki	revision	create	2001-01-17 00:32:54.0	*			dhcp058.246.lvcm.com	dhcp058.246.lvcm.com										true								13177											1																					256065	0	false		false	22	22	bsh3dz7ky82mg26zxul8dpu91q5nmzx			false		false			false	false	
enwiki	revision	create	2001-01-17 00:34:59.0	*	11327310	5299052	Dhcp058.246.lvcm.com	Dhcp058.246.lvcm.com							false	false	true	false	false	true	2009-12-30 11:47:23.0	2009-12-30 11:47:24.0	2001-01-17 00:05:18.0	31	208	39837	Explore	Historical_archive/Explore	4	false	4	false	false	false	2001-01-17 00:31:31.0	2001-01-17 00:31:31.0	2	208																				1234594197	1234594196	false		false	383	0	n2ahvjd1kxryi3kagts5izu35v3aygt			false		false			true	false	
enwiki	revision	create	2001-01-17 00:50:16.0	*	11327310	5299052	Dhcp058.246.lvcm.com	Dhcp058.246.lvcm.com							false	false	true	false	false	true	2009-12-30 11:47:23.0	2009-12-30 11:47:24.0	2001-01-17 00:05:18.0	32	917	7965	Disruption	Disruption	0	true	0	true	false	false	2001-01-17 00:17:33.0	2001-01-17 00:17:33.0	2	1963																				1269173642	1269173641	false		false	272	2	pok5l0s94bi25e0780v6nbq4vd4tuxx			false		false			false	false	
enwiki	revision	create	2001-01-17 00:52:43.0	*			dhcp058.246.lvcm.com	dhcp058.246.lvcm.com										true								9166											1																					248612	0	true		false	205	205	feh7nkhrf8vrl6vsfm786vqadrt1hqi			false		false			false	false	
enwiki	revision	create	2001-01-17 00:56:31.0	*	11327310	5299052	Dhcp058.246.lvcm.com	Dhcp058.246.lvcm.com							false	false	true	false	false	true	2009-12-30 11:47:23.0	2009-12-30 11:47:24.0	2001-01-17 00:05:18.0	33	375	26323569	HomePage	HomePage	0	true	0	true	true	false	2010-02-24 14:25:49.0	2001-01-15 19:27:13.0	15	3073																				908493312	908493311	false		false	1056	660	t0746qp754nmtdpogq7xz03or3p12b0			false		true	986116384	624315897	false	true	
enwiki	revision	create	2001-01-17 00:57:40.0	*	11327310	5299052	Dhcp058.246.lvcm.com	Dhcp058.246.lvcm.com							false	false	true	false	false	true	2009-12-30 11:47:23.0	2009-12-30 11:47:24.0	2001-01-17 00:05:18.0	34	69	5054	CountriesOfTheWorld	CountriesOfTheWorld	0	true	0	true	true	false	2001-01-16 19:02:46.0	2001-01-16 19:02:46.0	4	20905																				1264750682	1264750681	false		false	252	124	3qhtzlwfoh2sc2fc0mmc7ikyf0txfs8			false		false			false	false	
enwiki	revision	create	2001-01-17 00:58:49.0	*	11327310	5299052	Dhcp058.246.lvcm.com	Dhcp058.246.lvcm.com							false	false	true	false	false	true	2009-12-30 11:47:23.0	2009-12-30 11:47:24.0	2001-01-17 00:05:18.0	35	69	18740	MathematicsAndStatistics	MathematicsAndStatistics	0	true	0	true	true	false	2001-01-16 18:54:55.0	2001-01-16 18:54:55.0	2	21834																				1271656185	1271656184	false		false	39	21	qmllddqzft0quuq5bribltd6tcf3zbu			false		false			false	false	
enwiki	revision	create	2001-01-17 00:59:40.0	*	11327310	5299052	Dhcp058.246.lvcm.com	Dhcp058.246.lvcm.com							false	false	true	false	false	true	2009-12-30 11:47:23.0	2009-12-30 11:47:24.0	2001-01-17 00:05:18.0	36	51	18740	MathematicsAndStatistics	MathematicsAndStatistics	0	true	0	true	true	false	2001-01-16 18:54:55.0	2001-01-16 18:54:55.0	3	51																				1271656186	1271656185	false		false	99	60	aemdtu15r7ojioxhp0pwsbsrxo58xw0			false		false			false	false	
enwiki	revision	create	2001-01-17 01:00:05.0	*	11327310	5299052	Dhcp058.246.lvcm.com	Dhcp058.246.lvcm.com							false	false	true	false	false	true	2009-12-30 11:47:23.0	2009-12-30 11:47:24.0	2001-01-17 00:05:18.0	37	25	18740	MathematicsAndStatistics	MathematicsAndStatistics	0	true	0	true	true	false	2001-01-16 18:54:55.0	2001-01-16 18:54:55.0	4	25																				1271656187	1271656186	false		false	128	29	fjzm0qfi4bm02vsn652lyllvyucqfhz			false		false			false	false	
enwiki	revision	create	2001-01-17 01:00:20.0	*	11327310	5299052	Dhcp058.246.lvcm.com	Dhcp058.246.lvcm.com							false	false	true	false	false	true	2009-12-30 11:47:23.0	2009-12-30 11:47:24.0	2001-01-17 00:05:18.0	38	15	18740	MathematicsAndStatistics	MathematicsAndStatistics	0	true	0	true	true	false	2001-01-16 18:54:55.0	2001-01-16 18:54:55.0	5	15																				1271656188	1271656187	false		false	161	33	j4yrx2vh2hw66cjgz9cyg74k15efv59			false		false			false	false	
enwiki	revision	create	2001-01-17 01:07:07.0	*	11327310	5299052	Dhcp058.246.lvcm.com	Dhcp058.246.lvcm.com							false	false	true	false	false	true	2009-12-30 11:47:23.0	2009-12-30 11:47:24.0	2001-01-17 00:05:18.0	39	407	22836	PopularMusic	PopularMusic	0	true	0	true	true	false	2001-01-16 18:51:24.0	2001-01-16 18:51:24.0	3	18078																				966273171	966273170	false		false	445	71	cyywto8o5ikr7y40jbpjb75l3fua41r			false		false			false	false	
enwiki	revision	create	2001-01-17 01:07:44.0	*	11327310	5299052	Dhcp058.246.lvcm.com	Dhcp058.246.lvcm.com							false	false	true	false	false	true	2009-12-30 11:47:23.0	2009-12-30 11:47:24.0	2001-01-17 00:05:18.0	40	37	26593	SportS	SportS	0	true	0	true	true	false	2001-01-16 18:54:35.0	2001-01-16 18:54:35.0	3	18426																				1272089895	1272089894	false		false	330	55	lcz51v0fw94sj393g7y0jksj4z8gjk3			false		false			false	false	
enwiki	revision	create	2001-01-17 01:08:40.0	*	11327310	5299052	Dhcp058.246.lvcm.com	Dhcp058.246.lvcm.com							false	false	true	false	false	true	2009-12-30 11:47:23.0	2009-12-30 11:47:24.0	2001-01-17 00:05:18.0	41	56	26593	SportS	SportS	0	true	0	true	true	false	2001-01-16 18:54:35.0	2001-01-16 18:54:35.0	4	56																				1272089898	1272089895	false		false	341	11	tgl82a9p2rdfypynfx42z4pmzsilis9			false		false			false	false	
enwiki	revision	create	2001-01-17 01:09:26.0	*	11327310	5299052	Dhcp058.246.lvcm.com	Dhcp058.246.lvcm.com							false	false	true	false	false	true	2009-12-30 11:47:23.0	2009-12-30 11:47:24.0	2001-01-17 00:05:18.0	42	46	26593	SportS	SportS	0	true	0	true	true	false	2001-01-16 18:54:35.0	2001-01-16 18:54:35.0	5	46																				1272089899	1272089898	false		false	368	27	ccqvdsm7vxhjrwfzdd6513tv6kultho			false		false			false	false	
enwiki	revision	create	2001-01-17 01:11:21.0	*	11327310	5299052	Dhcp058.246.lvcm.com	Dhcp058.246.lvcm.com							false	false	true	false	false	true	2009-12-30 11:47:23.0	2009-12-30 11:47:24.0	2001-01-17 00:05:18.0	43	115	26323569	HomePage	HomePage	0	true	0	true	true	false	2010-02-24 14:25:49.0	2001-01-15 19:27:13.0	16	890																				908493313	908493312	false		false	1054	-2	qh1hw6xq8g4qbtmglwxsy4j67h6jq1o			false		true	986116384	624315007	false	true	
enwiki	revision	create	2001-01-17 01:12:24.0	*	11327310	5299052	Dhcp058.246.lvcm.com	Dhcp058.246.lvcm.com							false	false	true	false	false	true	2009-12-30 11:47:23.0	2009-12-30 11:47:24.0	2001-01-17 00:05:18.0	44	63	17743639	WikiPediaFaq	FAQ	0	true	4	false	false	false	2008-06-03 01:51:12.0	2001-01-17 01:12:24.0	1																					1269545127	0	false		false	1323	1323	dfuqmtnzaexor9tinxrpy55ua59fx49			false		false			false	true	
enwiki	revision	create	2001-01-17 01:12:55.0	*	11327310	5299052	Dhcp058.246.lvcm.com	Dhcp058.246.lvcm.com							false	false	true	false	false	true	2009-12-30 11:47:23.0	2009-12-30 11:47:24.0	2001-01-17 00:05:18.0	45	31	17743639	WikiPediaFaq	FAQ	0	true	4	false	false	false	2008-06-03 01:51:12.0	2001-01-17 01:12:24.0	2	31																				1269545128	1269545127	false		false	1323	0	l7hss8mqmglm4fsc5zsbntk514id063			false		false			false	true	
enwiki	revision	create	2001-01-17 01:13:23.0	*	11327310	5299052	Dhcp058.246.lvcm.com	Dhcp058.246.lvcm.com							false	false	true	false	false	true	2009-12-30 11:47:23.0	2009-12-30 11:47:24.0	2001-01-17 00:05:18.0	46	28	17743639	WikiPediaFaq	FAQ	0	true	4	false	false	false	2008-06-03 01:51:12.0	2001-01-17 01:12:24.0	3	28																				1269545129	1269545128	false		false	1312	-11	ewodstpcm94n30vwneroovmkc6rr9p4			false		false			false	true	
enwiki	revision	create	2001-01-17 01:14:01.0	*	11327310	5299052	Dhcp058.246.lvcm.com	Dhcp058.246.lvcm.com							false	false	true	false	false	true	2009-12-30 11:47:23.0	2009-12-30 11:47:24.0	2001-01-17 00:05:18.0	47	38	17743639	WikiPediaFaq	FAQ	0	true	4	false	false	false	2008-06-03 01:51:12.0	2001-01-17 01:12:24.0	4	38																				1269545130	1269545129	false		false	1315	3	n2vyjasgsdj1pudzdkjk75bfdixer1v			false		false			false	true	
enwiki	revision	create	2001-01-17 01:23:30.0	*	11327310	5299052	Dhcp058.246.lvcm.com	Dhcp058.246.lvcm.com							false	false	true	false	false	true	2009-12-30 11:47:23.0	2009-12-30 11:47:24.0	2001-01-17 00:05:18.0	48	569	26323569	HomePage	HomePage	0	true	0	true	true	false	2010-02-24 14:25:49.0	2001-01-15 19:27:13.0	17	729																				908493314	908493313	false		false	1068	14	rgbmdep0ui7dphk4z23gbaxpqoi6qz9			false		true	986116384	624314278	false	true	
enwiki	revision	create	2001-01-17 01:44:49.0	*	11327310	5299052	Dhcp058.246.lvcm.com	Dhcp058.246.lvcm.com							false	false	true	false	false	true	2009-12-30 11:47:23.0	2009-12-30 11:47:24.0	2001-01-17 00:05:18.0	49	1279	23698779	Recent_Changes	Historical_archive/Recent_Changes	0	true	4	false	false	false	2009-07-22 06:15:21.0	2001-01-16 21:14:37.0	2	16212																				1322895079	1322895078	false		false	49	0	q3vpl4mfcccsscbjfjr1ut6e6wkda7v			false		false			true	true	
enwiki	revision	create	2001-01-17 01:45:00.0	*	11327310	5299052	Dhcp058.246.lvcm.com	Dhcp058.246.lvcm.com							false	false	true	false	false	true	2009-12-30 11:47:23.0	2009-12-30 11:47:24.0	2001-01-17 00:05:18.0	50	11	23698779	Recent_Changes	Historical_archive/Recent_Changes	0	true	4	false	false	false	2009-07-22 06:15:21.0	2001-01-16 21:14:37.0	3	11																				1322895080	1322895079	false		false	55	6	70mve7yurr6nbux9dr9h4u95961ovxc			false		false			false	true	
enwiki	revision	create	2001-01-17 01:46:38.0	*	11327310	5299052	Dhcp058.246.lvcm.com	Dhcp058.246.lvcm.com							false	false	true	false	false	true	2009-12-30 11:47:23.0	2009-12-30 11:47:24.0	2001-01-17 00:05:18.0	51	98	26323569	HomePage	HomePage	0	true	0	true	true	false	2010-02-24 14:25:49.0	2001-01-15 19:27:13.0	18	1388																				908493315	908493314	false		false	1041	-27	pmi676jqjz1fub7nel5xtum6tge8sc1			false		true	986116384	624312890	false	true	
enwiki	revision	create	2001-01-17 01:47:18.0	*	11327310	5299052	Dhcp058.246.lvcm.com	Dhcp058.246.lvcm.com							false	false	true	false	false	true	2009-12-30 11:47:23.0	2009-12-30 11:47:24.0	2001-01-17 00:05:18.0	52	40	26323569	HomePage	HomePage	0	true	0	true	true	false	2010-02-24 14:25:49.0	2001-01-15 19:27:13.0	19	40																				908493316	908493315	false		false	926	-115	gmz91yf6pm0r2j5jzq9kmws0ipiqpzw			false		true	986116384	624312850	false	true	
enwiki	revision	create	2001-01-17 01:47:55.0	*	11327310	5299052	Dhcp058.246.lvcm.com	Dhcp058.246.lvcm.com							false	false	true	false	false	true	2009-12-30 11:47:23.0	2009-12-30 11:47:24.0	2001-01-17 00:05:18.0	53	37	26323569	HomePage	HomePage	0	true	0	true	true	false	2010-02-24 14:25:49.0	2001-01-15 19:27:13.0	20	37																				908493317	908493316	false		false	685	-241	5nhndi5qpbm469mpmtts9unlvhuqw3d			false		true	986116384	624312813	false	true	
enwiki	revision	create	2001-01-17 01:50:28.0	*	11327310	5299052	Dhcp058.246.lvcm.com	Dhcp058.246.lvcm.com							false	false	true	false	false	true	2009-12-30 11:47:23.0	2009-12-30 11:47:24.0	2001-01-17 00:05:18.0	54	153	26323569	HomePage	HomePage	0	true	0	true	true	false	2010-02-24 14:25:49.0	2001-01-15 19:27:13.0	21	153																				908493318	908493317	false		false	636	-49	p15gd4es46jpo2bf965n6dao4umhtet			false		true	986116384	624312660	false	true	
enwiki	revision	create	2001-01-17 01:53:50.0	*	11327310	5299052	Dhcp058.246.lvcm.com	Dhcp058.246.lvcm.com							false	false	true	false	false	true	2009-12-30 11:47:23.0	2009-12-30 11:47:24.0	2001-01-17 00:05:18.0	55	202	26323569	HomePage	HomePage	0	true	0	true	true	false	2010-02-24 14:25:49.0	2001-01-15 19:27:13.0	22	202																				908493319	908493318	false		false	645	9	03laoqs6xdud5pouqvt8c41asja63z2			false		true	986116384	624312458	false	true	
enwiki	revision	create	2001-01-17 01:58:55.0	*	11327310	5299052	Dhcp058.246.lvcm.com	Dhcp058.246.lvcm.com							false	false	true	false	false	true	2009-12-30 11:47:23.0	2009-12-30 11:47:24.0	2001-01-17 00:05:18.0	56	305	32840	WikiPedia	WikiPedia	0	true	0	true	true	false	2001-01-15 19:52:32.0	2001-01-15 19:52:32.0	5	5625																				999508062	999508061	false		false	683	-670	0v8ga2m3sq6gvdiwlp2caxll9xqjef0			false		false			false	false	
enwiki	revision	create	2001-01-17 02:00:39.0	*	11327310	5299052	Dhcp058.246.lvcm.com	Dhcp058.246.lvcm.com							false	false	true	false	false	true	2009-12-30 11:47:23.0	2009-12-30 11:47:24.0	2001-01-17 00:05:18.0	57	104	32840	WikiPedia	WikiPedia	0	true	0	true	true	false	2001-01-15 19:52:32.0	2001-01-15 19:52:32.0	6	104																				999508063	999508062	false		false	677	-6	6bz6sgx2uuwh1iukw5222uhys1yd8vt			false		false			false	false	
enwiki	revision	create	2001-01-17 02:11:19.0	*			dhcp058.246.lvcm.com	dhcp058.246.lvcm.com										true								29780	Thomas_Reid	Thomas_Reid	0	true	0	true	false	false	2001-01-17 00:10:08.0	2001-01-17 00:10:08.0	2	7271																				286344	0	false		false	1367	1367	jl6m35fk0ykqcp2o1pzenno78z47tzf			false		false			false	false	
enwiki	revision	create	2001-01-17 02:11:57.0	*	11327310	5299052	Dhcp058.246.lvcm.com	Dhcp058.246.lvcm.com							false	false	true	false	false	true	2009-12-30 11:47:23.0	2009-12-30 11:47:24.0	2001-01-17 00:05:18.0	58	678	17051771	Why_on_Earth_would_I_want_to_contribute_to_a_wiki	Why_on_Earth_would_I_want_to_contribute_to_a_wiki	4	false	4	false	true	false	2008-04-22 09:46:19.0	2001-01-17 00:07:13.0	2	7484																				1066659529	1066659528	false		false	137	-67	jz19hr089xpf5zsyueumuvztpoeopqd			false		false			false	true	
enwiki	revision	create	2001-01-17 06:56:39.0	*			cr824441-a.rchrd1.on.wave.home.com	cr824441-a.rchrd1.on.wave.home.com										true								5739563											1																					60949056	0	false		false	164	164	t93oeipjx2kuncozojfbxol1ksfbrut			false		false			false	false	
enwiki	revision	create	2001-01-17 06:56:51.0	*			cr824441-a.rchrd1.on.wave.home.com	cr824441-a.rchrd1.on.wave.home.com										true								5739563											2	12																				60949057	60949056	false		false	163	-1	tjw7tbpg6rfxa0zoisdh4frdr1zj9b2			false		false			false	false	
enwiki	revision	create	2001-01-17 06:57:41.0	*			cr824441-a.rchrd1.on.wave.home.com	cr824441-a.rchrd1.on.wave.home.com										true								6142501	ScottMoonen	ScottMoonen	0	true	2	false	false	false	2006-07-27 15:14:34.0	2001-01-16 21:16:11.0	3	34838																				11992010	11992009	false		false	612	45	mdn955khgw2byikmrf6a9wxemtuibpo			false		false			false	true	
enwiki	revision	create	2001-01-17 06:59:19.0		11947012	6193917	Cr824441-a.rchrd1.on.wave.home.com	Cr824441-a.rchrd1.on.wave.home.com		nocreate					false	false	true	false	false	true	2010-03-18 10:04:48.0	2010-03-18 10:04:49.0	2001-01-17 06:59:19.0	1		21077	NuPedia	NuPedia	0	true	0	true	true	false	2001-01-17 00:08:43.0	2001-01-17 00:08:43.0	2	24636																				952044826	952044825	false		false	274	2	kimm3234x91jqo75lq0a8ljej0k6pvf			true	2020-04-20 08:27:04.0	false			false	false	
enwiki	user	create	2001-01-17 06:59:19.0		194203	745	Graham87											false	false	true																			11947012	6193917	Cr824441-a.rchrd1.on.wave.home.com	Cr824441-a.rchrd1.on.wave.home.com		nocreate					false	false	true	false	false	true	2010-03-18 10:04:48.0	2010-03-18 10:04:49.0	2001-01-17 06:59:19.0																		
enwiki	revision	create	2001-01-17 06:59:19.0	*	11947012	6193917	Cr824441-a.rchrd1.on.wave.home.com	Cr824441-a.rchrd1.on.wave.home.com		nocreate					false	false	true	false	false	true	2010-03-18 10:04:48.0	2010-03-18 10:04:49.0	2001-01-17 06:59:19.0	2	0	26155570	Nupedia	Nupedia	0	true	0	true	false	false	2010-02-11 02:26:10.0	2001-01-17 00:08:43.0	2	24636																				952046201	952046200	false		false	274	2	kimm3234x91jqo75lq0a8ljej0k6pvf			false		false			false	true	
enwiki	revision	create	2001-01-17 09:36:47.0	*			dhcp058.246.lvcm.com	dhcp058.246.lvcm.com										true								6142501	ScottMoonen	ScottMoonen	0	true	2	false	false	false	2006-07-27 15:14:34.0	2001-01-16 21:16:11.0	4	9546																				11992011	11992010	false		false	936	324	crl8quodyon7lfvz91l7ckdyjttt96x			false		false			false	true	
enwiki	page	create	2001-01-17 21:48:10.0		49108582	77477924	Ppp-port7.bryant.edu.153.124.192.in-addr.arpa	Ppp-port7.bryant.edu.153.124.192.in-addr.arpa							false	false	true	false	false	true	2025-01-25 01:30:15.0	2025-01-25 01:30:16.0	2001-01-17 21:48:10.0			25355	RhodeIsland	RhodeIsland	0	true	0	true	true	false	2001-01-17 21:48:10.0	2001-01-17 21:48:10.0																																							
enwiki	user	create	2001-01-17 21:48:10.0		194203	745	Graham87											false	false	true																			49108582	77477924	Ppp-port7.bryant.edu.153.124.192.in-addr.arpa	Ppp-port7.bryant.edu.153.124.192.in-addr.arpa							false	false	true	false	false	true	2025-01-25 01:30:15.0	2025-01-25 01:30:16.0	2001-01-17 21:48:10.0																		
enwiki	revision	create	2001-01-17 21:48:10.0	*	49108582	77477924	Ppp-port7.bryant.edu.153.124.192.in-addr.arpa	Ppp-port7.bryant.edu.153.124.192.in-addr.arpa							false	false	true	false	false	true	2025-01-25 01:30:15.0	2025-01-25 01:30:16.0	2001-01-17 21:48:10.0	1		25355	RhodeIsland	RhodeIsland	0	true	0	true	true	false	2001-01-17 21:48:10.0	2001-01-17 21:48:10.0	1																					1271652340	0	false		false	33	33	fv00f5fnryofrnlm07jkpbebg882cta			false		false			false	false	
enwiki	user	create	2001-01-17 21:51:01.0		194203	745	Graham87											false	false	true																			11974405	6234217	GaythaLanglois	GaythaLanglois							false	false	true	false	false	true	2010-03-22 07:44:46.0	2010-03-22 07:44:47.0	2001-01-17 21:51:01.0																		
enwiki	revision	create	2001-01-17 21:51:01.0	*	11974405	6234217	GaythaLanglois	GaythaLanglois							false	false	true	false	false	true	2010-03-22 07:44:46.0	2010-03-22 07:44:47.0	2001-01-17 21:51:01.0	1		25355	RhodeIsland	RhodeIsland	0	true	0	true	true	false	2001-01-17 21:48:10.0	2001-01-17 21:48:10.0	2	171																				1271652341	1271652340	false		false	131	98	jg7iu84wvd4rvdz0xhzbxek7l8jm826			false		false			false	false	
enwiki	revision	create	2001-01-17 21:52:40.0	*	11974405	6234217	GaythaLanglois	GaythaLanglois							false	false	true	false	false	true	2010-03-22 07:44:46.0	2010-03-22 07:44:47.0	2001-01-17 21:51:01.0	2	99	17051771	Why_on_Earth_would_I_want_to_contribute_to_a_wiki	Why_on_Earth_would_I_want_to_contribute_to_a_wiki	4	false	4	false	true	false	2008-04-22 09:46:19.0	2001-01-17 00:07:13.0	3	70843																				1066659530	1066659529	false		false	14	-123	12nsgb4nryf61nrdvs8im1xu27tz8cf			false		false			false	true	
enwiki	page	create	2001-01-17 21:53:09.0		11974405	6234217	GaythaLanglois	GaythaLanglois							false	false	true	false	false	true	2010-03-22 07:44:46.0	2010-03-22 07:44:47.0	2001-01-17 21:51:01.0			876490	StandardPoodle	StandardPoodle	0	true	0	true	true	false	2001-01-17 21:53:09.0	2001-01-17 21:53:09.0																																							
enwiki	revision	create	2001-01-17 21:53:09.0	*	11974405	6234217	GaythaLanglois	GaythaLanglois							false	false	true	false	false	true	2010-03-22 07:44:46.0	2010-03-22 07:44:47.0	2001-01-17 21:51:01.0	3	29	876490	StandardPoodle	StandardPoodle	0	true	0	true	true	false	2001-01-17 21:53:09.0	2001-01-17 21:53:09.0	1																					379849224	16673857	false		false	39	20	d9r7rpw0glruw76hoahgtszfoxmddff			false		false			false	false	
enwiki	revision	create	2001-01-17 21:55:59.0	*	11974405	6234217	GaythaLanglois	GaythaLanglois							false	false	true	false	false	true	2010-03-22 07:44:46.0	2010-03-22 07:44:47.0	2001-01-17 21:51:01.0	4	170	17051771	Why_on_Earth_would_I_want_to_contribute_to_a_wiki	Why_on_Earth_would_I_want_to_contribute_to_a_wiki	4	false	4	false	true	false	2008-04-22 09:46:19.0	2001-01-17 00:07:13.0	4	199																				1066659531	1066659530	false		false	136	122	ji15s7oc3ty7wvfxejjmymja3ls8qxl			false		false			false	true	
enwiki	revision	create	2001-01-17 21:57:35.0	*	11974405	6234217	GaythaLanglois	GaythaLanglois							false	false	true	false	false	true	2010-03-22 07:44:46.0	2010-03-22 07:44:47.0	2001-01-17 21:51:01.0	5	96	17744623	NewTopics	New_topics	0	true	4	false	false	false	2008-06-03 03:33:40.0	2001-01-17 00:16:37.0	2	78058																				1209542241	1209542240	false		false	519	18	gvlg5fvlglf2duv46rn6igff11uy97r			false		false			false	true	
enwiki	revision	create	2001-01-17 22:18:46.0	ethnic melting pot == bad			bob.bitflash.com	bob.bitflash.com										true								6142501	ScottMoonen	ScottMoonen	0	true	2	false	false	false	2006-07-27 15:14:34.0	2001-01-16 21:16:11.0	5	45719																				11992012	11992011	false		false	1337	401	75bqm4ca8k0swbe68dm2rnasfy76lg6			false		false			false	true	
enwiki	revision	create	2001-01-17 23:11:11.0	*			dhcp058.246.lvcm.com	dhcp058.246.lvcm.com										true								6142501	ScottMoonen	ScottMoonen	0	true	2	false	false	false	2006-07-27 15:14:34.0	2001-01-16 21:16:11.0	6	3145																				11992013	11992012	false		false	2137	800	dj65b0j4gtmo0lot9m7ezji835cci1x			false		false			false	true	
enwiki	revision	create	2001-01-17 23:13:34.0	*			dhcp058.246.lvcm.com	dhcp058.246.lvcm.com										true								6142501	ScottMoonen	ScottMoonen	0	true	2	false	false	false	2006-07-27 15:14:34.0	2001-01-16 21:16:11.0	7	143																				11992014	11992013	false		false	2133	-4	gnjklesafm2ng621mxkrucvr4yt4hzn			false		false			false	true	
enwiki	revision	create	2001-01-17 23:15:45.0	*			dhcp058.246.lvcm.com	dhcp058.246.lvcm.com										true								6142501	ScottMoonen	ScottMoonen	0	true	2	false	false	false	2006-07-27 15:14:34.0	2001-01-16 21:16:11.0	8	131																				11992015	11992014	false		false	2135	2	k962m115a5qba9foo56ghlthp5qb3dk			false		false			false	true	
enwiki	user	create	2001-01-17 23:46:52.0		194203	745	Graham87											false	false	true																			48985411	77295443	10-045.051.popsite.net	10-045.051.popsite.net							false	false	true	false	false	true	2025-01-01 07:54:33.0	2025-01-01 07:54:34.0	2001-01-17 23:46:52.0																		
enwiki	revision	create	2001-01-17 23:46:52.0	*	48985411	77295443	10-045.051.popsite.net	10-045.051.popsite.net							false	false	true	false	false	true	2025-01-01 07:54:33.0	2025-01-01 07:54:34.0	2001-01-17 23:46:52.0	1		78776109	MakeaNewPage	Historical_archive/Abandoned_help_pages_from_2001/MakeaNewPage	0	true	4	false	false	false	2001-01-17 00:16:13.0	2001-01-17 00:16:13.0	2	84639																				1266597954	1266597953	false		false	14	-499	829rgpfglz1p6yy8qhi1gvr4mznq7rp			false		false			false	false	
enwiki	user	create	2001-01-17 23:50:44.0		194203	745	Graham87											false	false	true																			48985407	77295438	ShortArticles	ShortArticles							false	false	true	false	false	true	2025-01-01 07:53:27.0	2025-01-01 07:53:28.0	2001-01-17 23:50:44.0																		
enwiki	revision	create	2001-01-17 23:50:44.0	*	48985407	77295438	ShortArticles	ShortArticles							false	false	true	false	false	true	2025-01-01 07:53:27.0	2025-01-01 07:53:28.0	2001-01-17 23:50:44.0	1		78776109	MakeaNewPage	Historical_archive/Abandoned_help_pages_from_2001/MakeaNewPage	0	true	4	false	false	false	2001-01-17 00:16:13.0	2001-01-17 00:16:13.0	3	232																				1266597955	1266597954	false		false	50	36	a723yuomqiiumo7bw06fvr38nunj13f			false		false			false	false	
enwiki	user	create	2001-01-18 00:32:56.0		194203	745	Graham87											false	false	true																			49098742	77463760	Node1372.a2000.nl	Node1372.a2000.nl							false	false	true	false	false	true	2025-01-23 10:41:34.0	2025-01-23 10:41:35.0	2001-01-18 00:32:56.0																		
enwiki	revision	create	2001-01-18 00:32:56.0	*	49098742	77463760	Node1372.a2000.nl	Node1372.a2000.nl							false	false	true	false	false	true	2025-01-23 10:41:34.0	2025-01-23 10:41:35.0	2001-01-18 00:32:56.0	1		18743	MuSic	MuSic	0	true	0	true	true	false	2001-01-17 00:18:15.0	2001-01-17 00:18:15.0	2	87281																				1271289293	1271289292	false		false	264	226	fedprbirn522rb13j6tl2vziioz4jox			false		false			false	false	
enwiki	revision	create	2001-01-18 00:34:55.0	*	49098742	77463760	Node1372.a2000.nl	Node1372.a2000.nl							false	false	true	false	false	true	2025-01-23 10:41:34.0	2025-01-23 10:41:35.0	2001-01-18 00:32:56.0	2	119	18743	MuSic	MuSic	0	true	0	true	true	false	2001-01-17 00:18:15.0	2001-01-17 00:18:15.0	3	119																				1271289294	1271289293	false		false	325	61	mic81c6zscw8j872jy39zlr1w5c8daa			false		false			false	false	
enwiki	user	create	2001-01-18 00:36:28.0		194203	745	Graham87											false	false	true																			12021930	6304138	Proxy.syd.eastlink.ca	Proxy.syd.eastlink.ca		nocreate					false	false	true	false	false	true	2010-03-28 14:08:57.0	2010-03-28 14:08:59.0	2001-01-18 00:36:28.0																		
enwiki	revision	create	2001-01-18 00:36:28.0	*	12021930	6304138	Proxy.syd.eastlink.ca	Proxy.syd.eastlink.ca		nocreate					false	false	true	false	false	true	2010-03-28 14:08:57.0	2010-03-28 14:08:59.0	2001-01-18 00:36:28.0	1		26758243	StartaNewParagraph	Historical_archive/Abandoned_help_pages_from_2001/StartaNewParagraph	0	true	4	false	false	false	2025-01-01 16:39:53.0	2001-01-17 00:28:13.0	2	86895																				352902800	352902799	true		false	1442	1	hiiqu2yx13gjnh2i3p0gt1kvwju923f			false		false			false	true	
enwiki	revision	create	2001-01-18 01:06:23.0	*	11327310	5299052	Dhcp058.246.lvcm.com	Dhcp058.246.lvcm.com							false	false	true	false	false	true	2009-12-30 11:47:23.0	2009-12-30 11:47:24.0	2001-01-17 00:05:18.0	59	82466	18743	MuSic	MuSic	0	true	0	true	true	false	2001-01-17 00:18:15.0	2001-01-17 00:18:15.0	4	1888																				1271289295	1271289294	false		false	441	116	i1cja7bbwqenoerkhumejbd9qyimgj0			false		false			false	false	
enwiki	page	create	2001-01-18 02:13:37.0		49104307	77471848	Pool-63.49.117.221.bltm.grid.net	Pool-63.49.117.221.bltm.grid.net							false	false	false	false	false	true	2025-01-24 08:43:07.0		2001-01-18 02:13:37.0			13309	Hold_more_stubbornly_at_least	Hold_more_stubbornly_at_least	0	true	0	true	true	false	2001-01-18 02:13:37.0	2001-01-18 02:13:37.0																																							
enwiki	revision	create	2001-01-18 02:13:37.0	*	49104307	77471848	Pool-63.49.117.221.bltm.grid.net	Pool-63.49.117.221.bltm.grid.net							false	false	false	false	false	true	2025-01-24 08:43:07.0		2001-01-18 02:13:37.0	1		13309	Hold_more_stubbornly_at_least	Hold_more_stubbornly_at_least	0	true	0	true	true	false	2001-01-18 02:13:37.0	2001-01-18 02:13:37.0	1																					1271517663	0	false		false	834	834	thtlesp06hrr4k0e60bz2xl2fvhxad4			false		false			false	false	
enwiki	user	create	2001-01-18 02:13:37.0																																				49104307	77471848	Pool-63.49.117.221.bltm.grid.net	Pool-63.49.117.221.bltm.grid.net							false	false	false	false	false	true	2025-01-24 08:43:07.0		2001-01-18 02:13:37.0																		
enwiki	revision	create	2001-01-18 02:15:41.0	*	49104307	77471848	Pool-63.49.117.221.bltm.grid.net	Pool-63.49.117.221.bltm.grid.net							false	false	false	false	false	true	2025-01-24 08:43:07.0		2001-01-18 02:13:37.0	2	124	13216	Hold_come_what_may	Hold_come_what_may	0	true	0	true	false	false	2001-01-17 00:12:05.0	2001-01-17 00:12:05.0	2	93816																				1271504455	1271504454	false		false	520	-4	e9nozpwcsvhykkf1cjjni53txto1kqy			false		false			false	false	
enwiki	revision	create	2001-01-18 03:13:10.0	*	49099582	77465074	Pm3-28.sal.redshift.com	Pm3-28.sal.redshift.com							false	false	true	false	false	true	2025-01-23 13:38:53.0	2025-01-23 13:38:54.0	2001-01-18 03:13:10.0	1		22835	PhilosophyAndLogic	PhilosophyAndLogic	0	true	0	true	true	false	2001-01-15 23:43:47.0	2001-01-15 23:43:47.0	3	185346																				1271312341	1271312340	false		false	150	21	68pe9j74wg1flpplqrel3klzpsseoil			false		false			false	false	
enwiki	user	create	2001-01-18 03:13:10.0		194203	745	Graham87											false	false	true																			49099582	77465074	Pm3-28.sal.redshift.com	Pm3-28.sal.redshift.com							false	false	true	false	false	true	2025-01-23 13:38:53.0	2025-01-23 13:38:54.0	2001-01-18 03:13:10.0																		
enwiki	revision	create	2001-01-18 04:19:44.0	*	49098910	77464024	Ottawa-ppp110368.sympatico.ca	Ottawa-ppp110368.sympatico.ca							false	false	true	false	false	true	2025-01-23 11:19:22.0	2025-01-23 11:19:23.0	2001-01-18 04:19:44.0	1		29674	TheKoran	TheKoran	0	true	0	true	true	false	2001-01-18 04:19:44.0	2001-01-18 04:19:44.0	1																					1271293871	0	false		false	260	260	a3tnmbq7y1a1uqtv6sl7gww7f08h5ch			false		false			false	false	
enwiki	page	create	2001-01-18 04:19:44.0		49098910	77464024	Ottawa-ppp110368.sympatico.ca	Ottawa-ppp110368.sympatico.ca							false	false	true	false	false	true	2025-01-23 11:19:22.0	2025-01-23 11:19:23.0	2001-01-18 04:19:44.0			29674	TheKoran	TheKoran	0	true	0	true	true	false	2001-01-18 04:19:44.0	2001-01-18 04:19:44.0																																							
enwiki	user	create	2001-01-18 04:19:44.0		194203	745	Graham87											false	false	true																			49098910	77464024	Ottawa-ppp110368.sympatico.ca	Ottawa-ppp110368.sympatico.ca							false	false	true	false	false	true	2025-01-23 11:19:22.0	2025-01-23 11:19:23.0	2001-01-18 04:19:44.0																		
enwiki	revision	create	2001-01-18 04:31:48.0	*	11327310	5299052	Dhcp058.246.lvcm.com	Dhcp058.246.lvcm.com							false	false	true	false	false	true	2009-12-30 11:47:23.0	2009-12-30 11:47:24.0	2001-01-17 00:05:18.0	60	12325	29674	TheKoran	TheKoran	0	true	0	true	true	false	2001-01-18 04:19:44.0	2001-01-18 04:19:44.0	2	724																				1271293872	1271293871	false		false	297	37	9epg449nsivhu7zg4hhsdlxztzhjy59			false		false			false	false	
enwiki	revision	create	2001-01-18 04:34:53.0	*	11327310	5299052	Dhcp058.246.lvcm.com	Dhcp058.246.lvcm.com							false	false	true	false	false	true	2009-12-30 11:47:23.0	2009-12-30 11:47:24.0	2001-01-17 00:05:18.0	61	185	17744623	NewTopics	New_topics	0	true	4	false	false	false	2008-06-03 03:33:40.0	2001-01-17 00:16:37.0	3	23838																				1209542242	1209542241	false		false	515	-4	51qpv18gnl8irt0wwdiqfpqm1qrys1g			false		false			false	true	
enwiki	revision	create	2001-01-18 04:36:42.0	*	11327310	5299052	Dhcp058.246.lvcm.com	Dhcp058.246.lvcm.com							false	false	true	false	false	true	2009-12-30 11:47:23.0	2009-12-30 11:47:24.0	2001-01-17 00:05:18.0	62	109	26323569	HomePage	HomePage	0	true	0	true	true	false	2010-02-24 14:25:49.0	2001-01-15 19:27:13.0	23	96172																				908493320	908493319	false		false	657	12	p18xrslkq0lfd7rw94cf6rkbrl66btb			false		true	986116384	624216286	false	true	
enwiki	revision	create	2001-01-18 04:39:07.0	*	11327310	5299052	Dhcp058.246.lvcm.com	Dhcp058.246.lvcm.com							false	false	true	false	false	true	2009-12-30 11:47:23.0	2009-12-30 11:47:24.0	2001-01-17 00:05:18.0	63	145	26666560	ReLigion	ReLigion	0	true	0	true	true	false	2021-05-12 22:47:09.0	2001-01-18 04:39:07.0	1																					1268354465	0	false		false	314	314	edqq8ztkdjjaahcmouzrmtst1wb6hrk			false		false			false	true	
enwiki	revision	create	2001-01-18 04:39:34.0	*	11327310	5299052	Dhcp058.246.lvcm.com	Dhcp058.246.lvcm.com							false	false	true	false	false	true	2009-12-30 11:47:23.0	2009-12-30 11:47:24.0	2001-01-17 00:05:18.0	64	27	26666560	ReLigion	ReLigion	0	true	0	true	true	false	2021-05-12 22:47:09.0	2001-01-18 04:39:07.0	2	27																				1268354466	1268354465	false		false	328	14	qeiyvd1jwq0n334x274xs8dg32uqy9k			false		false			false	true	
enwiki	user	create	2001-01-18 05:52:48.0		194203	745	Graham87											false	false	true																			49004310	77323694	43.new-york-02rh16rt-ny.dial-access.att.net	43.new-york-02rh16rt-ny.dial-access.att.net							false	false	true	false	false	true	2025-01-05 11:02:23.0	2025-01-05 11:02:24.0	2001-01-18 05:52:48.0																		
enwiki	revision	create	2001-01-18 05:52:48.0	*	49004310	77323694	43.new-york-02rh16rt-ny.dial-access.att.net	43.new-york-02rh16rt-ny.dial-access.att.net							false	false	true	false	false	true	2025-01-05 11:02:23.0	2025-01-05 11:02:24.0	2001-01-18 05:52:48.0	1		26513034	Pythagorean_Theorem	Pythagorean_theorem	9	false	0	true	false	false	2010-03-11 10:55:41.0	2001-01-18 05:52:48.0	1																					1267500443	0	false		false	1616	1616	6eo12cq458fji3ivkk824iyh6128njb			false		false			false	true	
enwiki	revision	create	2001-01-18 06:00:29.0	*	49004310	77323694	43.new-york-02rh16rt-ny.dial-access.att.net	43.new-york-02rh16rt-ny.dial-access.att.net							false	false	true	false	false	true	2025-01-05 11:02:23.0	2025-01-05 11:02:24.0	2001-01-18 05:52:48.0	2	461	26513034	Pythagorean_Theorem	Pythagorean_theorem	9	false	0	true	false	false	2010-03-11 10:55:41.0	2001-01-18 05:52:48.0	2	461																				1267500444	1267500443	false		false	1691	75	mqk08mdj73vk0r569bjx9p9pij61uto			false		false			false	true	
enwiki	revision	create	2001-01-18 06:03:56.0	*	49004310	77323694	43.new-york-02rh16rt-ny.dial-access.att.net	43.new-york-02rh16rt-ny.dial-access.att.net							false	false	true	false	false	true	2025-01-05 11:02:23.0	2025-01-05 11:02:24.0	2001-01-18 05:52:48.0	3	207	26513034	Pythagorean_Theorem	Pythagorean_theorem	9	false	0	true	false	false	2010-03-11 10:55:41.0	2001-01-18 05:52:48.0	3	207																				1267500445	1267500444	false		false	1709	18	eg6csnnx6k8mvyxq9kctxsfyl9owlw1			false		false			false	true	
enwiki	user	create	2001-01-18 06:07:37.0																																				99	37738155	RoseParks	RoseParks							false	false	false	false	false	true	2001-01-21 02:12:21.0		2001-01-18 06:07:37.0																		
enwiki	revision	create	2001-01-18 06:07:37.0	*	99	37738155	RoseParks	RoseParks							false	false	false	false	false	true	2001-01-21 02:12:21.0		2001-01-18 06:07:37.0	1		25612190	RoseParks	RoseParks	2	false	2	false	false	false	2009-12-30 15:49:10.0	2001-01-17 00:14:19.0	3	107586																				1271680297	1271680296	false		false	418	0	kcvi84kdh76cn6ybu6y92wz5zf0yrgh			false		false			true	true	
enwiki	revision	create	2001-01-18 06:11:10.0	*	99	37738155	RoseParks	RoseParks							false	false	false	false	false	true	2001-01-21 02:12:21.0		2001-01-18 06:07:37.0	2	213	18740	MathematicsAndStatistics	MathematicsAndStatistics	0	true	0	true	true	false	2001-01-16 18:54:55.0	2001-01-16 18:54:55.0	6	105050																				1271656189	1271656188	false		false	187	26	m19ua4zodlngk898y93nhvy8mc1wtor			false		false			false	false	
enwiki	user	create	2001-01-18 06:36:17.0		194203	745	Graham87											false	false	true																			49092677	77455046	Monti-ppp65.n-connect.net	Monti-ppp65.n-connect.net							false	false	true	false	false	true	2025-01-22 12:00:46.0	2025-01-22 12:00:46.0	2001-01-18 06:36:17.0																		
enwiki	revision	create	2001-01-18 06:36:17.0	*	49092677	77455046	Monti-ppp65.n-connect.net	Monti-ppp65.n-connect.net							false	false	true	false	false	true	2025-01-22 12:00:46.0	2025-01-22 12:00:46.0	2001-01-18 06:36:17.0	1		5213	Computing	Computing	0	true	0	true	false	false	2001-01-16 20:11:02.0	2001-01-16 20:11:02.0	2	123915																				1271056280	1271056278	false		false	79	0	kkbrlypwdyds4rg0qq89nfmb9llci8c			false		false			false	false	
enwiki	user	create	2001-01-18 06:58:26.0		194203	745	Graham87											false	false	true																			11946798	6193586	CindySeeley	CindySeeley							false	false	true	false	false	true	2010-03-18 09:23:38.0	2010-03-18 09:23:39.0	2001-01-18 06:58:26.0																		
enwiki	revision	create	2001-01-18 06:58:26.0		11946798	6193586	CindySeeley	CindySeeley							false	false	true	false	false	true	2010-03-18 09:23:38.0	2010-03-18 09:23:39.0	2001-01-18 06:58:26.0	1		26600440	MouthOff		0	true							1																					350565780		false		false	264	264	bq4zdknhno46gdj3tublbq7nfc0z169			true	2010-03-18 09:27:04.0	false			false	false	
enwiki	revision	create	2001-01-18 07:50:19.0	*	11327310	5299052	Dhcp058.246.lvcm.com	Dhcp058.246.lvcm.com							false	false	true	false	false	true	2009-12-30 11:47:23.0	2009-12-30 11:47:24.0	2001-01-17 00:05:18.0	65	11445	26666560	ReLigion	ReLigion	0	true	0	true	true	false	2021-05-12 22:47:09.0	2001-01-18 04:39:07.0	3	11445																				1268354467	1268354466	false		false	335	7	cm78zd4sfuiaaclqrlc8irwmqaffjhp			false		false			false	true	
enwiki	revision	create	2001-01-18 07:50:50.0	*	11327310	5299052	Dhcp058.246.lvcm.com	Dhcp058.246.lvcm.com							false	false	true	false	false	true	2009-12-30 11:47:23.0	2009-12-30 11:47:24.0	2001-01-17 00:05:18.0	66	31	17744623	NewTopics	New_topics	0	true	4	false	false	false	2008-06-03 03:33:40.0	2001-01-17 00:16:37.0	4	11757																				1209542243	1209542242	false		false	522	7	j708kmdp38853gz1ocw8vuvm63gsy5u			false		false			false	true	
enwiki	revision	create	2001-01-18 07:54:14.0	*	11327310	5299052	Dhcp058.246.lvcm.com	Dhcp058.246.lvcm.com							false	false	true	false	false	true	2009-12-30 11:47:23.0	2009-12-30 11:47:24.0	2001-01-17 00:05:18.0	67	204	38406001	GoD	GoD	0	true	0	true	true	false	2013-02-03 03:13:27.0	2001-01-18 07:54:14.0	1																					1271697608	0	false		false	120	120	844ixr4tcnnw2iywidrbstjyx2w8ptc			false		false			false	true	
enwiki	revision	create	2001-01-18 08:08:52.0	*	11327310	5299052	Dhcp058.246.lvcm.com	Dhcp058.246.lvcm.com							false	false	true	false	false	true	2009-12-30 11:47:23.0	2009-12-30 11:47:24.0	2001-01-17 00:05:18.0	68	878	38406001	GoD	GoD	0	true	0	true	true	false	2013-02-03 03:13:27.0	2001-01-18 07:54:14.0	2	878																				1271697609	1271697608	false		false	799	679	mxhkmx4fhl9lfc7oxsuvs1mh174ib9p			false		false			false	true	
enwiki	revision	create	2001-01-18 08:21:26.0	*	11327310	5299052	Dhcp058.246.lvcm.com	Dhcp058.246.lvcm.com							false	false	true	false	false	true	2009-12-30 11:47:23.0	2009-12-30 11:47:24.0	2001-01-17 00:05:18.0	69	754	17744623	NewTopics	New_topics	0	true	4	false	false	false	2008-06-03 03:33:40.0	2001-01-17 00:16:37.0	5	1836																				1209542244	1209542243	false		false	547	25	hpt6ctuls6pjp6qic725x4wcemnsyy2			false		false			false	true	
enwiki	revision	create	2001-01-18 08:24:39.0	*	11327310	5299052	Dhcp058.246.lvcm.com	Dhcp058.246.lvcm.com							false	false	true	false	false	true	2009-12-30 11:47:23.0	2009-12-30 11:47:24.0	2001-01-17 00:05:18.0	70	193	32840	WikiPedia	WikiPedia	0	true	0	true	true	false	2001-01-15 19:52:32.0	2001-01-15 19:52:32.0	7	109440																				999508064	999508063	false		false	916	239	2b6nznazwdlg8vtqlvqkgce633hnecp			false		false			false	false	
enwiki	revision	create	2001-01-18 08:28:02.0	*	11327310	5299052	Dhcp058.246.lvcm.com	Dhcp058.246.lvcm.com							false	false	true	false	false	true	2009-12-30 11:47:23.0	2009-12-30 11:47:24.0	2001-01-17 00:05:18.0	71	203	38406001	GoD	GoD	0	true	0	true	true	false	2013-02-03 03:13:27.0	2001-01-18 07:54:14.0	3	1150																				1271697611	1271697609	false		false	1006	207	m528bag2botmeasy4ckyljtuuf9bgvx			false		false			false	true	
enwiki	revision	create	2001-01-18 08:28:52.0	*	11327310	5299052	Dhcp058.246.lvcm.com	Dhcp058.246.lvcm.com							false	false	true	false	false	true	2009-12-30 11:47:23.0	2009-12-30 11:47:24.0	2001-01-17 00:05:18.0	72	50	29674	TheKoran	TheKoran	0	true	0	true	true	false	2001-01-18 04:19:44.0	2001-01-18 04:19:44.0	3	14224																				1271293873	1271293872	false		false	297	0	ct3w3yu6bfjqv3t9xchk1svlobn64s6			false		false			false	false	
enwiki	revision	create	2001-01-18 08:29:17.0	*	11327310	5299052	Dhcp058.246.lvcm.com	Dhcp058.246.lvcm.com							false	false	true	false	false	true	2009-12-30 11:47:23.0	2009-12-30 11:47:24.0	2001-01-17 00:05:18.0	73	25	38406001	GoD	GoD	0	true	0	true	true	false	2013-02-03 03:13:27.0	2001-01-18 07:54:14.0	4	75																				1271697612	1271697611	false		false	1004	-2	puvoschzs28j14yq50hrnh2143xl3ih			false		false			false	true	
enwiki	revision	create	2001-01-18 08:30:40.0	*	11327310	5299052	Dhcp058.246.lvcm.com	Dhcp058.246.lvcm.com							false	false	true	false	false	true	2009-12-30 11:47:23.0	2009-12-30 11:47:24.0	2001-01-17 00:05:18.0	74	83	38406001	GoD	GoD	0	true	0	true	true	false	2013-02-03 03:13:27.0	2001-01-18 07:54:14.0	5	83																				1271697613	1271697612	false		false	1066	62	jooto8p8857t58yviwgr0l0pnnj7l7p			false		false			false	true	
enwiki	revision	create	2001-01-18 08:47:40.0	*	11327310	5299052	Dhcp058.246.lvcm.com	Dhcp058.246.lvcm.com							false	false	true	false	false	true	2009-12-30 11:47:23.0	2009-12-30 11:47:24.0	2001-01-17 00:05:18.0	75	1020	26323569	HomePage	HomePage	0	true	0	true	true	false	2010-02-24 14:25:49.0	2001-01-15 19:27:13.0	24	15058																				908493321	908493320	false		false	657	0	4nc0snny0yzn9w8vpa8wwk33expvah5			false		true	986116384	624201228	false	true	
enwiki	revision	create	2001-01-18 08:48:03.0	*	11327310	5299052	Dhcp058.246.lvcm.com	Dhcp058.246.lvcm.com							false	false	true	false	false	true	2009-12-30 11:47:23.0	2009-12-30 11:47:24.0	2001-01-17 00:05:18.0	76	23	26666560	ReLigion	ReLigion	0	true	0	true	true	false	2021-05-12 22:47:09.0	2001-01-18 04:39:07.0	4	3464																				1268354468	1268354467	false		false	361	26	i747p7n5tnh94rg5p0fff9k1dstootn			false		false			false	true	
enwiki	revision	create	2001-01-18 08:48:23.0	*	11327310	5299052	Dhcp058.246.lvcm.com	Dhcp058.246.lvcm.com							false	false	true	false	false	true	2009-12-30 11:47:23.0	2009-12-30 11:47:24.0	2001-01-17 00:05:18.0	77	20	26666560	ReLigion	ReLigion	0	true	0	true	true	false	2021-05-12 22:47:09.0	2001-01-18 04:39:07.0	5	20																				1268354469	1268354468	false		false	360	-1	1fo0gnzw7df9xid6o82bza1x6lh6kcq			false		false			false	true	
enwiki	user	create	2001-01-18 13:38:46.0		194203	745	Graham87											false	false	true																			49099025	77464206	Vic096.vicu.utoronto.ca	Vic096.vicu.utoronto.ca							false	false	true	false	false	true	2025-01-23 11:43:00.0	2025-01-23 11:43:01.0	2001-01-18 13:38:46.0																		
enwiki	page	create	2001-01-18 13:38:46.0		49099025	77464206	Vic096.vicu.utoronto.ca	Vic096.vicu.utoronto.ca							false	false	true	false	false	true	2025-01-23 11:43:00.0	2025-01-23 11:43:01.0	2001-01-18 13:38:46.0			29675	TheBible	TheBible	0	true	0	true	true	false	2001-01-18 13:38:46.0	2001-01-18 13:38:46.0																																							
enwiki	revision	create	2001-01-18 13:38:46.0	*Everything you ever wanted to know but were afraid to ask	49099025	77464206	Vic096.vicu.utoronto.ca	Vic096.vicu.utoronto.ca							false	false	true	false	false	true	2025-01-23 11:43:00.0	2025-01-23 11:43:01.0	2001-01-18 13:38:46.0	1		29675	TheBible	TheBible	0	true	0	true	true	false	2001-01-18 13:38:46.0	2001-01-18 13:38:46.0	1																					1271296507	0	false		false	825	825	4wrq6lqpi8q0t3l555k6m93n7dyet8l			false		false			false	false	
enwiki	revision	create	2001-01-18 13:40:52.0	*			209.69.30.xxx	209.69.30.xxx										true								17051771	Why_on_Earth_would_I_want_to_contribute_to_a_wiki	Why_on_Earth_would_I_want_to_contribute_to_a_wiki	4	false	4	false	true	false	2008-04-22 09:46:19.0	2001-01-17 00:07:13.0	5	56693																				1066659532	1066659531	false		false	237	101	rfyyy9wdzsq8tqxz1x0p278qfznuvn2			false		false			false	true	
enwiki	revision	create	2001-01-18 13:42:28.0	*			209.69.30.xxx	209.69.30.xxx										true								18740	MathematicsAndStatistics	MathematicsAndStatistics	0	true	0	true	true	false	2001-01-16 18:54:55.0	2001-01-16 18:54:55.0	7	27078																				1271656190	1271656189	false		false	222	35	6i1380sdwldlsor0ag28dl6bmcljt4k			false		false			false	false	
enwiki	revision	create	2001-01-18 13:42:52.0	*			209.69.30.xxx	209.69.30.xxx										true								18740	MathematicsAndStatistics	MathematicsAndStatistics	0	true	0	true	true	false	2001-01-16 18:54:55.0	2001-01-16 18:54:55.0	8	24																				1271656191	1271656190	false		false	230	8	88i2q8j7zzkt7201ifgle0etdyt3nfd			false		false			false	false	
enwiki	revision	create	2001-01-18 13:58:28.0	*			209.69.30.xxx	209.69.30.xxx										true								17051771	Why_on_Earth_would_I_want_to_contribute_to_a_wiki	Why_on_Earth_would_I_want_to_contribute_to_a_wiki	4	false	4	false	true	false	2008-04-22 09:46:19.0	2001-01-17 00:07:13.0	6	1056																				1066659533	1066659532	false		false	244	7	8379w2s4jcsma7060i934k6kgpdqvvh			false		false			false	true	
enwiki	revision	create	2001-01-18 14:01:44.0	*			209.69.30.xxx	209.69.30.xxx										true								22836	PopularMusic	PopularMusic	0	true	0	true	true	false	2001-01-16 18:51:24.0	2001-01-16 18:51:24.0	4	132877																				966273172	966273171	false		false	475	30	caoxts1ehlc7bkf7tkuyqv1awjgmssy			false		false			false	false	
enwiki	revision	create	2001-01-18 14:10:44.0	*			209.69.30.xxx	209.69.30.xxx										true								54563											1																					345402087	343769937	false		false	793	-22053	1tisrhvmpohp7e6rqs913ol3x18uilo			false		false			false	false	
enwiki	revision	create	2001-01-18 15:38:07.0	*			dhcp241-043.ma.lycos.com	dhcp241-043.ma.lycos.com										true								21081											1																					269595	0	false		false	16	16	0wk746g9vxmncoud33ssafzbelujhgi			false		false			false	false	
enwiki	revision	create	2001-01-18 15:38:42.0	elaboration...	24862	37776731	ScottMoonen	ScottMoonen							false	false	false	false	false	true			2001-01-16 21:14:37.0	5	152403	9969298	NamingConventions	NamingConventions	0	true	0	true	true	false	2016-11-02 00:45:25.0	2001-01-16 21:13:06.0	3	152403																				1264752842	1264752841	false		false	1363	1000	ahhejwgxtgs9e8g2hl21l4o99waf2mv			false		false			false	true	
enwiki	revision	create	2001-01-18 15:40:01.0	continued suggestions. . . .	24862	37776731	ScottMoonen	ScottMoonen							false	false	false	false	false	true			2001-01-16 21:14:37.0	6	79	9969298	NamingConventions	NamingConventions	0	true	0	true	true	false	2016-11-02 00:45:25.0	2001-01-16 21:13:06.0	4	79																				1264752843	1264752842	false		false	1492	129	rywe4j7t0w2re6ztpjygtbzjqk58hta			false		false			false	true	
enwiki	revision	create	2001-01-18 15:41:09.0	*	24862	37776731	ScottMoonen	ScottMoonen							false	false	false	false	false	true			2001-01-16 21:14:37.0	7	68	18740	MathematicsAndStatistics	MathematicsAndStatistics	0	true	0	true	true	false	2001-01-16 18:54:55.0	2001-01-16 18:54:55.0	9	7097																				1271656192	1271656191	false		false	224	-6	mbss76vnocsvmzc8vdsc9qdck5ah1u3			false		false			false	false	
enwiki	user	create	2001-01-18 15:41:57.0		194203	745	Graham87											false	false	true																			49054632	77398116	KeithBraithwaite (2001 editor)	KeithBraithwaite (2001 editor)							false	false	true	false	false	true	2025-01-15 06:03:44.0	2025-01-15 06:03:45.0	2001-01-18 15:41:57.0																		
enwiki	revision	create	2001-01-18 15:41:57.0	Why would anyone trust anything written on WikiPedia?	49054632	77398116	KeithBraithwaite (2001 editor)	KeithBraithwaite (2001 editor)							false	false	true	false	false	true	2025-01-15 06:03:44.0	2025-01-15 06:03:45.0	2001-01-18 15:41:57.0	1		17743639	WikiPediaFaq	FAQ	0	true	4	false	false	false	2008-06-03 01:51:12.0	2001-01-17 01:12:24.0	5	138476																				1269545132	1269545130	false		false	1710	395	b3n22n0gfozocup9vjwosmk8eegwxif			false		false			false	true	
enwiki	revision	create	2001-01-18 15:42:14.0	*	49054632	77398116	KeithBraithwaite (2001 editor)	KeithBraithwaite (2001 editor)							false	false	true	false	false	true	2025-01-15 06:03:44.0	2025-01-15 06:03:45.0	2001-01-18 15:41:57.0	2	17	17743639	WikiPediaFaq	FAQ	0	true	4	false	false	false	2008-06-03 01:51:12.0	2001-01-17 01:12:24.0	6	17																				1269545133	1269545132	false		false	1713	3	9torhzj3ublp2sgcf6lbp9htq835nzv			false		false			false	true	
enwiki	user	create	2001-01-18 18:08:16.0		194203	745	Graham87											false	false	true																			49025167	77354820	Adsl-64-165-82-66.dsl.sktn01.pacbell.net	Adsl-64-165-82-66.dsl.sktn01.pacbell.net							false	false	true	false	false	true	2025-01-09 09:54:36.0	2025-01-09 09:54:36.0	2001-01-18 18:08:16.0																		
enwiki	revision	create	2001-01-18 18:08:16.0	*	49025167	77354820	Adsl-64-165-82-66.dsl.sktn01.pacbell.net	Adsl-64-165-82-66.dsl.sktn01.pacbell.net							false	false	true	false	false	true	2025-01-09 09:54:36.0	2025-01-09 09:54:36.0	2001-01-18 18:08:16.0	1		26666560	ReLigion	ReLigion	0	true	0	true	true	false	2021-05-12 22:47:09.0	2001-01-18 04:39:07.0	6	33593																				1268354470	1268354469	false		false	362	2	a6a77dyb7y1r3lj54uyfau2irmzfon1			false		true	1268354471	14	false	true	
enwiki	revision	create	2001-01-18 18:08:30.0	*	49025167	77354820	Adsl-64-165-82-66.dsl.sktn01.pacbell.net	Adsl-64-165-82-66.dsl.sktn01.pacbell.net							false	false	true	false	false	true	2025-01-09 09:54:36.0	2025-01-09 09:54:36.0	2001-01-18 18:08:16.0	2	14	26666560	ReLigion	ReLigion	0	true	0	true	true	false	2021-05-12 22:47:09.0	2001-01-18 04:39:07.0	7	14																				1268354471	1268354470	false		false	360	-2	1fo0gnzw7df9xid6o82bza1x6lh6kcq			false		false			true	true	
enwiki	revision	create	2001-01-18 18:40:13.0	*	11327310	5299052	Dhcp058.246.lvcm.com	Dhcp058.246.lvcm.com							false	false	true	false	false	true	2009-12-30 11:47:23.0	2009-12-30 11:47:24.0	2001-01-17 00:05:18.0	78	35510	29675	TheBible	TheBible	0	true	0	true	true	false	2001-01-18 13:38:46.0	2001-01-18 13:38:46.0	2	18087																				1271296508	1271296507	false		false	865	40	3gjxh68ikzzjewx4bx2b4vfum7ahemu			false		false			false	false	
enwiki	revision	create	2001-01-18 18:40:34.0	*	11327310	5299052	Dhcp058.246.lvcm.com	Dhcp058.246.lvcm.com							false	false	true	false	false	true	2009-12-30 11:47:23.0	2009-12-30 11:47:24.0	2001-01-17 00:05:18.0	79	21	29675	TheBible	TheBible	0	true	0	true	true	false	2001-01-18 13:38:46.0	2001-01-18 13:38:46.0	3	21																				1271296509	1271296508	false		false	862	-3	18j55o7k4kddbjpull58mmqfx99ivpf			false		false			false	false	
enwiki	revision	create	2001-01-18 18:44:21.0	*	11327310	5299052	Dhcp058.246.lvcm.com	Dhcp058.246.lvcm.com							false	false	true	false	false	true	2009-12-30 11:47:23.0	2009-12-30 11:47:24.0	2001-01-17 00:05:18.0	80	227	17051771	Why_on_Earth_would_I_want_to_contribute_to_a_wiki	Why_on_Earth_would_I_want_to_contribute_to_a_wiki	4	false	4	false	true	false	2008-04-22 09:46:19.0	2001-01-17 00:07:13.0	7	17153																				1066659534	1066659533	false		false	239	-5	78e7jcjcqi7w4cuzg2c055q9ifymifh			false		false			false	true	
enwiki	revision	create	2001-01-18 18:48:32.0	*			dhcp058.246.lvcm.com	dhcp058.246.lvcm.com										true								21082											1																					269596	0	true		false	2944	2944	pvm05lr3mi99p7owt6kv0nh7effebyr			false		false			false	false	
enwiki	revision	create	2001-01-18 18:58:53.0	*	11327310	5299052	Dhcp058.246.lvcm.com	Dhcp058.246.lvcm.com							false	false	true	false	false	true	2009-12-30 11:47:23.0	2009-12-30 11:47:24.0	2001-01-17 00:05:18.0	81	872	17743639	WikiPediaFaq	FAQ	0	true	4	false	false	false	2008-06-03 01:51:12.0	2001-01-17 01:12:24.0	7	11799																				1269545134	1269545133	false		false	2282	569	i3se262xzrj7kh495q9xdmp8x2500rg			false		false			false	true	
enwiki	revision	create	2001-01-18 18:59:16.0	*	11327310	5299052	Dhcp058.246.lvcm.com	Dhcp058.246.lvcm.com							false	false	true	false	false	true	2009-12-30 11:47:23.0	2009-12-30 11:47:24.0	2001-01-17 00:05:18.0	82	23	17743639	WikiPediaFaq	FAQ	0	true	4	false	false	false	2008-06-03 01:51:12.0	2001-01-17 01:12:24.0	8	23																				1269545135	1269545134	false		false	2281	-1	m90aha49uwv116bgpnv4vdihaya1f2g			false		false			false	true	
enwiki	revision	create	2001-01-18 18:59:40.0	*	11327310	5299052	Dhcp058.246.lvcm.com	Dhcp058.246.lvcm.com							false	false	true	false	false	true	2009-12-30 11:47:23.0	2009-12-30 11:47:24.0	2001-01-17 00:05:18.0	83	24	17743639	WikiPediaFaq	FAQ	0	true	4	false	false	false	2008-06-03 01:51:12.0	2001-01-17 01:12:24.0	9	24																				1269545136	1269545135	false		false	2276	-5	ra9ta7flcr1q05z49f2c7533eyfje3p			false		false			false	true	
enwiki	revision	create	2001-01-18 19:03:02.0	*	11327310	5299052	Dhcp058.246.lvcm.com	Dhcp058.246.lvcm.com							false	false	true	false	false	true	2009-12-30 11:47:23.0	2009-12-30 11:47:24.0	2001-01-17 00:05:18.0	84	202	9969298	NamingConventions	NamingConventions	0	true	0	true	true	false	2016-11-02 00:45:25.0	2001-01-16 21:13:06.0	5	12181																				1264752845	1264752843	false		false	1795	303	3fjconuyr6s2up0y06xzcmmq39i2i4q			false		false			false	true	
enwiki	revision	create	2001-01-18 21:32:07.0	continued discussion. . . .	24862	37776731	ScottMoonen	ScottMoonen							false	false	false	false	false	true			2001-01-16 21:14:37.0	8	21058	9969298	NamingConventions	NamingConventions	0	true	0	true	true	false	2016-11-02 00:45:25.0	2001-01-16 21:13:06.0	6	8945																				1264752846	1264752845	false		false	2700	905	1gxu5lsu2hkgs3p34j772boxz82rk45			false		false			false	true	
enwiki	revision	create	2001-01-19 00:56:39.0	*	11313587	5279059	Office.bomis.com	Office.bomis.com							false	false	true	false	false	true	2009-12-28 09:06:07.0	2009-12-28 09:06:09.0	2001-01-15 19:27:13.0	20	193644	26323569	HomePage	HomePage	0	true	0	true	true	false	2010-02-24 14:25:49.0	2001-01-15 19:27:13.0	25	58139																				908493322	908493321	false		false	666	9	5nejzol8u8l3y6fxyrt7slxna82re6t			false		true	986116384	624143089	false	true	
enwiki	revision	create	2001-01-19 00:57:11.0	*	11313587	5279059	Office.bomis.com	Office.bomis.com							false	false	true	false	false	true	2009-12-28 09:06:07.0	2009-12-28 09:06:09.0	2001-01-15 19:27:13.0	21	32	26323569	HomePage	HomePage	0	true	0	true	true	false	2010-02-24 14:25:49.0	2001-01-15 19:27:13.0	26	32																				908493323	908493322	false		false	672	6	lil9b3zzrvqq159ngu006zrs03e8epb			false		true	986116384	624143057	false	true	
enwiki	revision	create	2001-01-19 00:57:30.0	*	11313587	5279059	Office.bomis.com	Office.bomis.com							false	false	true	false	false	true	2009-12-28 09:06:07.0	2009-12-28 09:06:09.0	2001-01-15 19:27:13.0	22	19	26323569	HomePage	HomePage	0	true	0	true	true	false	2010-02-24 14:25:49.0	2001-01-15 19:27:13.0	27	19																				908493324	908493323	false		false	673	1	9wpmmwcxv4mpr2k6bgsyalj7gnule56			false		true	986116384	624143038	false	true	
enwiki	revision	create	2001-01-19 01:10:14.0	*			office.bomis.com	office.bomis.com										true								17663429											1																					233186	0	false		false	17113	17113	6meidn6fv2b8eyrluik2zrkfed7dg4x			false		false			false	false	
enwiki	revision	create	2001-01-19 01:10:38.0	*	7800357	194415	AyeSpy	AyeSpy		nocreate,noemail,nousertalk					false	true	false	false	false	true	2008-09-07 01:37:15.0	2008-09-07 01:37:15.0	2001-01-19 01:10:38.0	1		26666560	ReLigion	ReLigion	0	true	0	true	true	false	2021-05-12 22:47:09.0	2001-01-18 04:39:07.0	8	25328																				1268354472	1268354471	false		false	361	1	i0igbmij6vil85bzkdkdco3wg5qh4fo			false		false			false	true	
enwiki	user	create	2001-01-19 01:10:38.0		7800357	194415	AyeSpy	AyeSpy		nocreate,noemail,nousertalk					false	true	false	false	false	true	2008-09-07 01:37:15.0	2008-09-07 01:37:15.0	2001-01-19 01:10:38.0																7800357	194415	AyeSpy	AyeSpy		nocreate,noemail,nousertalk					false	true	false	false	false	true	2008-09-07 01:37:15.0	2008-09-07 01:37:15.0	2001-01-19 01:10:38.0																		
enwiki	revision	create	2001-01-19 01:12:51.0	*			office.bomis.com	office.bomis.com										true								20611195											1																					233188	0	false		false	11101	11101	s86r198iatg991q8gso7zty7kqhkn08			false		false			false	false	
enwiki	revision	create	2001-01-19 01:16:20.0	*	11313587	5279059	Office.bomis.com	Office.bomis.com							false	false	true	false	false	true	2009-12-28 09:06:07.0	2009-12-28 09:06:09.0	2001-01-15 19:27:13.0	23	1130	66427416	ZzZ	ZzZ	0	true	0	true	true	false	2007-05-22 21:52:57.0	2001-01-19 01:16:20.0	1																					298375	0	false		false	8	8	7bgh7o5iu4c0dmlydid7thya7dn42mf			false		false			false	true	
enwiki	revision	create	2001-01-19 01:24:06.0	*	11313587	5279059	Office.bomis.com	Office.bomis.com							false	false	true	false	false	true	2009-12-28 09:06:07.0	2009-12-28 09:06:09.0	2001-01-15 19:27:13.0	24	466	5054	CountriesOfTheWorld	CountriesOfTheWorld	0	true	0	true	true	false	2001-01-16 19:02:46.0	2001-01-16 19:02:46.0	5	174386																				1264750683	1264750682	false		false	542	290	bhqg6tqsdaolzdr6obsfny941855ms0			false		false			false	false	
enwiki	revision	create	2001-01-19 01:24:40.0	*	479	17255773	JimboWales	JimboWales		nocreate,noautoblock					false	false	false	false	false	true	2001-01-23 22:34:16.0		2001-01-19 01:24:40.0	1		5054	CountriesOfTheWorld	CountriesOfTheWorld	0	true	0	true	true	false	2001-01-16 19:02:46.0	2001-01-16 19:02:46.0	6	34																				1264750684	1264750683	false		false	555	13	hkcmirbnwk03hfkp3l2gfby333gejit			false		false			false	false	
enwiki	user	create	2001-01-19 01:24:40.0																																				479	17255773	JimboWales	JimboWales		nocreate,noautoblock					false	false	false	false	false	true	2001-01-23 22:34:16.0		2001-01-19 01:24:40.0																		
enwiki	revision	create	2001-01-19 01:29:20.0	*	479	17255773	JimboWales	JimboWales		nocreate,noautoblock					false	false	false	false	false	true	2001-01-23 22:34:16.0		2001-01-19 01:24:40.0	2	280	9969298	NamingConventions	NamingConventions	0	true	0	true	true	false	2016-11-02 00:45:25.0	2001-01-16 21:13:06.0	7	14233																				1264752847	1264752846	false		false	3063	363	9uk4ah4hoqvtyn841qjx8pnvazwmfyr			false		false			false	true	
enwiki	page	create	2001-01-19 01:30:37.0		479	17255773	JimboWales	JimboWales		nocreate,noautoblock					false	false	false	false	false	true	2001-01-23 22:34:16.0		2001-01-19 01:24:40.0			78694797	Jimbo_Wales/old2	Jimbo_Wales/old2	2	false	2	false	true	false	2001-01-19 01:30:37.0	2001-01-19 01:30:37.0																																							
enwiki	revision	create	2001-01-19 01:30:37.0	*	479	17255773	JimboWales	JimboWales		nocreate,noautoblock					false	false	false	false	false	true	2001-01-23 22:34:16.0		2001-01-19 01:24:40.0	3	77	78694797	Jimbo_Wales/old2	Jimbo_Wales/old2	2	false	2	false	true	false	2001-01-19 01:30:37.0	2001-01-19 01:30:37.0	1																					1264790346	0	false		false	217	217	3yfx0fbvl8cqkdmwunizmabar1q6ppx			false		false			false	false	
enwiki	page	create	2001-01-19 01:46:12.0		7800357	194415	AyeSpy	AyeSpy		nocreate,noemail,nousertalk					false	true	false	false	false	true	2008-09-07 01:37:15.0	2008-09-07 01:37:15.0	2001-01-19 01:10:38.0			8574	Tao_Te_Ching	Tao_Te_Ching	0	true	0	true	false	false	2001-01-19 01:46:12.0	2001-01-19 01:46:12.0																																							
enwiki	revision	create	2001-01-19 01:46:12.0	*	7800357	194415	AyeSpy	AyeSpy		nocreate,noemail,nousertalk					false	true	false	false	false	true	2008-09-07 01:37:15.0	2008-09-07 01:37:15.0	2001-01-19 01:10:38.0	2	2134	8574	Tao_Te_Ching	Tao_Te_Ching	0	true	0	true	false	false	2001-01-19 01:46:12.0	2001-01-19 01:46:12.0	1																					1297130651	0	false		false	2777	2777	s3p3yufhzl511vv3yketn2o7sdx0hmv			false		false			false	false	
enwiki	revision	create	2001-01-19 02:09:48.0	*	7800357	194415	AyeSpy	AyeSpy		nocreate,noemail,nousertalk					false	true	false	false	false	true	2008-09-07 01:37:15.0	2008-09-07 01:37:15.0	2001-01-19 01:10:38.0	3	1416	8574	Tao_Te_Ching	Tao_Te_Ching	0	true	0	true	false	false	2001-01-19 01:46:12.0	2001-01-19 01:46:12.0	2	1416																				1297130652	1297130651	false		false	2776	-1	t8xpuy6pmwzuhazq4qzbyt0sexxidyg			false		false			false	false	
enwiki	revision	create	2001-01-19 02:31:40.0	*			dhcp058.246.lvcm.com	dhcp058.246.lvcm.com										true								13235											1																					776490955	776490922	true		false	619	-3085	gab83yyndcexn28ya95l2o15jy0v1sn			false		false			false	false	
enwiki	revision	create	2001-01-19 02:32:52.0	*	11327310	5299052	Dhcp058.246.lvcm.com	Dhcp058.246.lvcm.com							false	false	true	false	false	true	2009-12-30 11:47:23.0	2009-12-30 11:47:24.0	2001-01-17 00:05:18.0	85	26990	26323569	HomePage	HomePage	0	true	0	true	true	false	2010-02-24 14:25:49.0	2001-01-15 19:27:13.0	28	5722																				908493325	908493324	false		false	733	60	1adkbb3sliik89iz6za0heg581kamt0			false		true	986116384	624137316	false	true	
enwiki	revision	create	2001-01-19 02:33:20.0	*	11327310	5299052	Dhcp058.246.lvcm.com	Dhcp058.246.lvcm.com							false	false	true	false	false	true	2009-12-30 11:47:23.0	2009-12-30 11:47:24.0	2001-01-17 00:05:18.0	86	28	26323569	HomePage	HomePage	0	true	0	true	true	false	2010-02-24 14:25:49.0	2001-01-15 19:27:13.0	29	28																				908493326	908493325	false		false	731	-2	jnone3isf4ft7ekl1j28968344c247c			false		true	986116384	624137288	false	true	
enwiki	revision	create	2001-01-19 02:33:44.0	*	11327310	5299052	Dhcp058.246.lvcm.com	Dhcp058.246.lvcm.com							false	false	true	false	false	true	2009-12-30 11:47:23.0	2009-12-30 11:47:24.0	2001-01-17 00:05:18.0	87	24	26323569	HomePage	HomePage	0	true	0	true	true	false	2010-02-24 14:25:49.0	2001-01-15 19:27:13.0	30	24																				908493327	908493326	false		false	759	28	cnriwb49zekyehaujan8fjykxyaxv26			false		true	986116384	624137264	false	true	
enwiki	revision	create	2001-01-19 02:34:54.0	*	11327310	5299052	Dhcp058.246.lvcm.com	Dhcp058.246.lvcm.com							false	false	true	false	false	true	2009-12-30 11:47:23.0	2009-12-30 11:47:24.0	2001-01-17 00:05:18.0	88	70	78776109	MakeaNewPage	Historical_archive/Abandoned_help_pages_from_2001/MakeaNewPage	0	true	4	false	false	false	2001-01-17 00:16:13.0	2001-01-17 00:16:13.0	4	96250																				1266597956	1266597955	false		false	510	460	ghewcbrrqoaikd5j41afh578q490tjc			false		false			false	false	
enwiki	page	create	2001-01-19 02:35:11.0				host-216-76-131-32.rdu.bellsouth.net	host-216-76-131-32.rdu.bellsouth.net										true								26601	SelfExplanatory	SelfExplanatory	0	true	0	true		true	2001-01-19 02:35:11.0	2001-01-19 02:35:11.0																																							
enwiki	revision	create	2001-01-19 02:35:11.0				host-216-76-131-32.rdu.bellsouth.net	host-216-76-131-32.rdu.bellsouth.net										true								26601	SelfExplanatory	SelfExplanatory	0	true	0	true		true	2001-01-19 02:35:11.0	2001-01-19 02:35:11.0	1																					279633		false		false	279	279	pbk7c9l7k0abeh53xgngtevljq5jilf			true	2007-08-28 22:25:03.0	false			false	false	
enwiki	revision	create	2001-01-19 02:35:36.0	*	11327310	5299052	Dhcp058.246.lvcm.com	Dhcp058.246.lvcm.com							false	false	true	false	false	true	2009-12-30 11:47:23.0	2009-12-30 11:47:24.0	2001-01-17 00:05:18.0	89	42	78776109	MakeaNewPage	Historical_archive/Abandoned_help_pages_from_2001/MakeaNewPage	0	true	4	false	false	false	2001-01-17 00:16:13.0	2001-01-17 00:16:13.0	5	42																				1266597957	1266597956	false		false	529	19	22gt07wbzoldboeezim7ljnnbtk9ycs			false		false			false	false	
enwiki	revision	create	2001-01-19 02:36:32.0	*	11327310	5299052	Dhcp058.246.lvcm.com	Dhcp058.246.lvcm.com							false	false	true	false	false	true	2009-12-30 11:47:23.0	2009-12-30 11:47:24.0	2001-01-17 00:05:18.0	90	56	78783122	PartakeInDiscussion	Historical_archive/Abandoned_help_pages_from_2001/PartakeInDiscussion	0	true	4	false	false	false	2001-01-17 00:29:18.0	2001-01-17 00:29:18.0	2	180434																				1266806802	1266806801	false		false	488	4	et894mxyu5ln1w87l0zxdc4s6ipjzb0			false		false			false	false	
enwiki	revision	create	2001-01-19 02:37:19.0	*	11327310	5299052	Dhcp058.246.lvcm.com	Dhcp058.246.lvcm.com							false	false	true	false	false	true	2009-12-30 11:47:23.0	2009-12-30 11:47:24.0	2001-01-17 00:05:18.0	91	47	21438480	Be_bold	Be_bold	4	false	4	false	false	false	2009-02-07 18:48:22.0	2001-01-17 00:30:00.0	2	180439																				1267042735	1267042733	false		false	316	-127	tghjl8r11y2jhqxq8v76tacegkadt3z			false		false			false	true	
enwiki	revision	create	2001-01-19 02:38:14.0	*	11327310	5299052	Dhcp058.246.lvcm.com	Dhcp058.246.lvcm.com							false	false	true	false	false	true	2009-12-30 11:47:23.0	2009-12-30 11:47:24.0	2001-01-17 00:05:18.0	92	55	32840	WikiPedia	WikiPedia	0	true	0	true	true	false	2001-01-15 19:52:32.0	2001-01-15 19:52:32.0	8	65615																				999508065	999508064	false		false	478	-438	icetmspgmvnj38wpgx9xaooiqn6e1j4			false		false			false	false	
enwiki	revision	create	2001-01-19 02:39:14.0	*	11327310	5299052	Dhcp058.246.lvcm.com	Dhcp058.246.lvcm.com							false	false	true	false	false	true	2009-12-30 11:47:23.0	2009-12-30 11:47:24.0	2001-01-17 00:05:18.0	93	60	32840	WikiPedia	WikiPedia	0	true	0	true	true	false	2001-01-15 19:52:32.0	2001-01-15 19:52:32.0	9	60																				999508066	999508065	false		false	489	11	sukc9u7e47p2knw44nelfi0gzhbeqdu			false		false			false	false	
enwiki	revision	create	2001-01-19 02:42:43.0	*	11982926	6246759	Host-216-76-131-32.rdu.bellsouth.net	Host-216-76-131-32.rdu.bellsouth.net		nocreate					false	false	true	false	false	true	2010-03-23 08:07:03.0	2010-03-23 08:07:04.0	2001-01-19 02:42:43.0	1		38406014	PaGe	PaGe	0	true	0	true	true	false	2001-01-17 00:22:03.0	2001-01-17 00:22:03.0	2	181240																				1271660025	1271660024	false		false	156	47	huw6n5jysliflohqmhaydy6uhxke2si			false		false			false	false	
enwiki	user	create	2001-01-19 02:42:43.0		194203	745	Graham87											false	false	true																			11982926	6246759	Host-216-76-131-32.rdu.bellsouth.net	Host-216-76-131-32.rdu.bellsouth.net		nocreate					false	false	true	false	false	true	2010-03-23 08:07:03.0	2010-03-23 08:07:04.0	2001-01-19 02:42:43.0																		
enwiki	page	create	2001-01-19 02:51:17.0		10164531	41513766	StasK	StasK~enwiki							false	false	true	false	false	true	2009-07-22 03:19:38.0	2009-07-22 03:19:39.0	2001-01-19 02:51:17.0			81417196	StasK~enwiki/temp	StasK~enwiki/temp	2	false	2	false		true	2001-01-19 02:51:17.0	2001-01-19 02:51:17.0																																							
enwiki	revision	create	2001-01-19 02:51:17.0		10164531	41513766	StasK	StasK~enwiki							false	false	true	false	false	true	2009-07-22 03:19:38.0	2009-07-22 03:19:39.0	2001-01-19 02:51:17.0	1		81417196	StasK~enwiki/temp	StasK~enwiki/temp	2	false	2	false		true	2001-01-19 02:51:17.0	2001-01-19 02:51:17.0	1																					352903028	15923163	false		false	202	-4	gy6mh7aihqdwtv33r7e80tvfrhr3plj			true	2025-10-24 10:57:36.0	false			false	false	
enwiki	revision	create	2001-01-19 02:51:17.0	personal info and opinions	10164531	41513766	StasK	StasK~enwiki							false	false	true	false	false	true	2009-07-22 03:19:38.0	2009-07-22 03:19:39.0	2001-01-19 02:51:17.0	2	0	23697398	StasK	StasK~enwiki	2	false	2	false	false	false	2009-07-22 03:18:54.0	2001-01-19 02:51:17.0	1																					1318517817	0	false		false	198	198	448dya0rwjuvbzn6c9eyl28mu8h6jyr			false		false			false	true	
enwiki	user	create	2001-01-19 02:51:17.0		194203	745	Graham87											false	false	true																			10164531	41513766	StasK	StasK~enwiki							false	false	true	false	false	true	2009-07-22 03:19:38.0	2009-07-22 03:19:39.0	2001-01-19 02:51:17.0																		
enwiki	revision	create	2001-01-19 02:54:45.0	*	10164531	41513766	StasK	StasK~enwiki							false	false	true	false	false	true	2009-07-22 03:19:38.0	2009-07-22 03:19:39.0	2001-01-19 02:51:17.0	3	208	26758243	StartaNewParagraph	Historical_archive/Abandoned_help_pages_from_2001/StartaNewParagraph	0	true	4	false	false	false	2025-01-01 16:39:53.0	2001-01-17 00:28:13.0	3	94697																				352902798	0	false		false	1556	1556	p0p12267oi292hlrlaedmw6s8g26hqb			false		false			false	true	
enwiki	revision	create	2001-01-19 03:38:33.0	Made sure the definition was correct for non-Abelian groups.	49108608	77477964	Ppp0b179.std.com	Ppp0b179.std.com							false	false	true	false	false	true	2025-01-25 01:39:04.0	2025-01-25 01:39:04.0	2001-01-19 03:38:33.0	1		18745	MathematicalGrouP	MathematicalGrouP	0	true	0	true	true	false	2001-01-17 00:25:58.0	2001-01-17 00:25:58.0	2	184355																				1271963080	1271963079	false		false	2056	9	fzwh813rfj62qrnjdbvkq5me0nrukeh			false		false			false	false	
enwiki	user	create	2001-01-19 03:38:33.0		194203	745	Graham87											false	false	true																			49108608	77477964	Ppp0b179.std.com	Ppp0b179.std.com							false	false	true	false	false	true	2025-01-25 01:39:04.0	2025-01-25 01:39:04.0	2001-01-19 03:38:33.0																		
enwiki	revision	create	2001-01-19 04:57:41.0	*	49109398	77479108	Sdn-ar-002nvlvegP319.dialsprint.net	Sdn-ar-002nvlvegP319.dialsprint.net							false	false	true	false	false	true	2025-01-25 06:57:16.0	2025-01-25 06:57:17.0	2001-01-19 04:57:41.0	1		38406001	GoD	GoD	0	true	0	true	true	false	2013-02-03 03:13:27.0	2001-01-18 07:54:14.0	6	73621																				1271697614	1271697613	false		false	1116	50	0txvk7ou9taz6gdvk6tnnvtwbpwgplb			false		false			false	true	
enwiki	user	create	2001-01-19 04:57:41.0		194203	745	Graham87											false	false	true																			49109398	77479108	Sdn-ar-002nvlvegP319.dialsprint.net	Sdn-ar-002nvlvegP319.dialsprint.net							false	false	true	false	false	true	2025-01-25 06:57:16.0	2025-01-25 06:57:17.0	2001-01-19 04:57:41.0																		
enwiki	user	create	2001-01-19 06:46:41.0		194203	745	Graham87											false	false	true																			11948596	6196463	Dt012n68.san.rr.com	Dt012n68.san.rr.com		nocreate					false	false	true	false	false	true	2010-03-18 14:51:24.0	2010-03-18 14:51:26.0	2001-01-19 06:46:41.0																		
enwiki	revision	create	2001-01-19 06:46:41.0	*	11948596	6196463	Dt012n68.san.rr.com	Dt012n68.san.rr.com		nocreate					false	false	true	false	false	true	2010-03-18 14:51:24.0	2010-03-18 14:51:26.0	2001-01-19 06:46:41.0	1		5054	CountriesOfTheWorld	CountriesOfTheWorld	0	true	0	true	true	false	2001-01-16 19:02:46.0	2001-01-16 19:02:46.0	7	19321																				1264750685	1264750684	false		false	867	312	nj8doe249ssm2lb7tiup9i01i7h6ovw			false		false			false	false	
enwiki	revision	create	2001-01-19 06:48:25.0	*	11948596	6196463	Dt012n68.san.rr.com	Dt012n68.san.rr.com		nocreate					false	false	true	false	false	true	2010-03-18 14:51:24.0	2010-03-18 14:51:26.0	2001-01-19 06:46:41.0	2	104	5054	CountriesOfTheWorld	CountriesOfTheWorld	0	true	0	true	true	false	2001-01-16 19:02:46.0	2001-01-16 19:02:46.0	8	104																				1264750686	1264750685	false		false	747	-120	qzasaluoooq6vkfmfimpttv3jubecgn			false		false			false	false	
enwiki	revision	create	2001-01-19 06:49:51.0	*	11948596	6196463	Dt012n68.san.rr.com	Dt012n68.san.rr.com		nocreate					false	false	true	false	false	true	2010-03-18 14:51:24.0	2010-03-18 14:51:26.0	2001-01-19 06:46:41.0	3	86	5054	CountriesOfTheWorld	CountriesOfTheWorld	0	true	0	true	true	false	2001-01-16 19:02:46.0	2001-01-16 19:02:46.0	9	86																				1264750687	1264750686	false		false	906	159	2jiuvi9yu9cjodss7egf6eofjz3favg			false		false			false	false	
enwiki	revision	create	2001-01-19 06:50:25.0	*	11948596	6196463	Dt012n68.san.rr.com	Dt012n68.san.rr.com		nocreate					false	false	true	false	false	true	2010-03-18 14:51:24.0	2010-03-18 14:51:26.0	2001-01-19 06:46:41.0	4	34	5061	CountriesN	CountriesN	0	true	0	true	false	false	2001-01-19 06:50:25.0	2001-01-19 06:50:25.0	1																					1269156269	0	false		false	10	10	hc2eikx3eqdwh6b4rdovm72xxy9mu3s			false		false			false	false	
enwiki	page	create	2001-01-19 06:50:25.0		11948596	6196463	Dt012n68.san.rr.com	Dt012n68.san.rr.com		nocreate					false	false	true	false	false	true	2010-03-18 14:51:24.0	2010-03-18 14:51:26.0	2001-01-19 06:46:41.0			5061	CountriesN	CountriesN	0	true	0	true	false	false	2001-01-19 06:50:25.0	2001-01-19 06:50:25.0																																							
enwiki	revision	create	2001-01-19 06:51:00.0	*	11948596	6196463	Dt012n68.san.rr.com	Dt012n68.san.rr.com		nocreate					false	false	true	false	false	true	2010-03-18 14:51:24.0	2010-03-18 14:51:26.0	2001-01-19 06:46:41.0	5	35	5062	CountriesZ	CountriesZ	0	true	0	true	false	false	2001-01-19 06:51:00.0	2001-01-19 06:51:00.0	1																					1268350716	0	false		false	5	5	hr5l4spberroreb4vv51k9t0hycp6qz			false		false			false	false	
enwiki	page	create	2001-01-19 06:51:00.0		11948596	6196463	Dt012n68.san.rr.com	Dt012n68.san.rr.com		nocreate					false	false	true	false	false	true	2010-03-18 14:51:24.0	2010-03-18 14:51:26.0	2001-01-19 06:46:41.0			5062	CountriesZ	CountriesZ	0	true	0	true	false	false	2001-01-19 06:51:00.0	2001-01-19 06:51:00.0																																							
enwiki	revision	create	2001-01-19 06:51:18.0	*	11948596	6196463	Dt012n68.san.rr.com	Dt012n68.san.rr.com		nocreate					false	false	true	false	false	true	2010-03-18 14:51:24.0	2010-03-18 14:51:26.0	2001-01-19 06:46:41.0	6	18	5054	CountriesOfTheWorld	CountriesOfTheWorld	0	true	0	true	true	false	2001-01-16 19:02:46.0	2001-01-16 19:02:46.0	10	87																				1264750689	1264750687	false		false	896	-10	p7blurs4q0fhss9kd0rh2svgx3mm8rk			false		false			false	false	
enwiki	revision	create	2001-01-19 06:54:18.0	*	11327310	5299052	Dhcp058.246.lvcm.com	Dhcp058.246.lvcm.com							false	false	true	false	false	true	2009-12-30 11:47:23.0	2009-12-30 11:47:24.0	2001-01-17 00:05:18.0	94	15304	32840	WikiPedia	WikiPedia	0	true	0	true	true	false	2001-01-15 19:52:32.0	2001-01-15 19:52:32.0	10	15304																				999508067	999508066	false		false	607	118	84k6vngxeqlzv0cyezx300o1tgf2grv			false		false			false	false	
enwiki	revision	create	2001-01-19 06:55:30.0	*	11327310	5299052	Dhcp058.246.lvcm.com	Dhcp058.246.lvcm.com							false	false	true	false	false	true	2009-12-30 11:47:23.0	2009-12-30 11:47:24.0	2001-01-17 00:05:18.0	95	72	32840	WikiPedia	WikiPedia	0	true	0	true	true	false	2001-01-15 19:52:32.0	2001-01-15 19:52:32.0	11	72																				999508068	999508067	false		false	635	28	dmyz7ycrdnrcook5lrohn5ytrdgdqcm			false		false			false	false	
enwiki	revision	create	2001-01-19 07:34:40.0	*	11327310	5299052	Dhcp058.246.lvcm.com	Dhcp058.246.lvcm.com							false	false	true	false	false	true	2009-12-30 11:47:23.0	2009-12-30 11:47:24.0	2001-01-17 00:05:18.0	96	2350	5054	CountriesOfTheWorld	CountriesOfTheWorld	0	true	0	true	true	false	2001-01-16 19:02:46.0	2001-01-16 19:02:46.0	11	2602																				1264750690	1264750689	false		false	955	59	dqcy6qpwjai0rcmify6rt8geofegyho			false		false			false	false	
enwiki	revision	create	2001-01-19 18:48:15.0	*	11327310	5299052	Dhcp058.246.lvcm.com	Dhcp058.246.lvcm.com							false	false	true	false	false	true	2009-12-30 11:47:23.0	2009-12-30 11:47:24.0	2001-01-17 00:05:18.0	97	40415	18740	MathematicsAndStatistics	MathematicsAndStatistics	0	true	0	true	true	false	2001-01-16 18:54:55.0	2001-01-16 18:54:55.0	10	97626																				1271656193	1271656192	false		false	236	12	olo6qcff5pbdhyty1ur9e89wev7dmf6			false		false			false	false	
enwiki	revision	create	2001-01-19 18:59:12.0	*	11327310	5299052	Dhcp058.246.lvcm.com	Dhcp058.246.lvcm.com							false	false	true	false	false	true	2009-12-30 11:47:23.0	2009-12-30 11:47:24.0	2001-01-17 00:05:18.0	98	657	10618	Fiddle	Fiddle	0	true	0	true	false	false	2001-01-19 18:59:12.0	2001-01-19 18:59:12.0	1																					1325298927	0	false		false	342	342	l6w4fqyvwc8u2vzbjtam0j4deapkcv3			false		false			false	false	
enwiki	page	create	2001-01-19 18:59:12.0		11327310	5299052	Dhcp058.246.lvcm.com	Dhcp058.246.lvcm.com							false	false	true	false	false	true	2009-12-30 11:47:23.0	2009-12-30 11:47:24.0	2001-01-17 00:05:18.0			10618	Fiddle	Fiddle	0	true	0	true	false	false	2001-01-19 18:59:12.0	2001-01-19 18:59:12.0																																							
enwiki	revision	create	2001-01-19 19:03:47.0	*			dhcp058.246.lvcm.com	dhcp058.246.lvcm.com										true								10618	Fiddle	Fiddle	0	true	0	true	false	false	2001-01-19 18:59:12.0	2001-01-19 18:59:12.0	2	275																				250882	0	true		false	642	642	q35gc9w3oy83zr6xeu78wkc7xdwc942			false		false			false	false	
enwiki	revision	create	2001-01-19 19:26:58.0	*			dhcp058.246.lvcm.com	dhcp058.246.lvcm.com										true								10618	Fiddle	Fiddle	0	true	0	true	false	false	2001-01-19 18:59:12.0	2001-01-19 18:59:12.0	3	1391																				250883	250882	false		false	1942	1300	gyws8rsxzxrj3y4tnradulu8w6onu77			false		false			false	false	
enwiki	revision	create	2001-01-19 19:29:30.0	*			dhcp058.246.lvcm.com	dhcp058.246.lvcm.com										true								7853											1																					246322	0	false		false	4012	4012	1e9xn0mhyipxes1sril6onsu8vljr91			false		false			false	false	
enwiki	revision	create	2001-01-19 19:30:05.0	*			dhcp058.246.lvcm.com	dhcp058.246.lvcm.com										true								14475											1																					258438	0	false		false	4983	4983	1hr9p5hpriybplzn8ro3pmjww1pwcst			false		false			false	false	
enwiki	revision	create	2001-01-19 19:44:04.0	*	11327310	5299052	Dhcp058.246.lvcm.com	Dhcp058.246.lvcm.com							false	false	true	false	false	true	2009-12-30 11:47:23.0	2009-12-30 11:47:24.0	2001-01-17 00:05:18.0	99	2692	9969298	NamingConventions	NamingConventions	0	true	0	true	true	false	2016-11-02 00:45:25.0	2001-01-16 21:13:06.0	8	65684																				1264752848	1264752847	false		false	4890	1827	gb42bv3mqb64gqunxm2jipz4aso6wbb			false		false			false	true	
enwiki	revision	create	2001-01-19 19:48:35.0	*	11327310	5299052	Dhcp058.246.lvcm.com	Dhcp058.246.lvcm.com							false	false	true	false	false	true	2009-12-30 11:47:23.0	2009-12-30 11:47:24.0	2001-01-17 00:05:18.0	100	271	9969298	NamingConventions	NamingConventions	0	true	0	true	true	false	2016-11-02 00:45:25.0	2001-01-16 21:13:06.0	9	271																				1264752849	1264752848	false		false	5200	310	5dfkrpmc045jz166cjww8ixfg18zcze			false		false			false	true	
enwiki	revision	create	2001-01-19 19:50:59.0	*	11327310	5299052	Dhcp058.246.lvcm.com	Dhcp058.246.lvcm.com							false	false	true	false	false	true	2009-12-30 11:47:23.0	2009-12-30 11:47:24.0	2001-01-17 00:05:18.0	101	144	21438480	Be_bold	Be_bold	4	false	4	false	false	false	2009-02-07 18:48:22.0	2001-01-17 00:30:00.0	3	62020																				1267042736	1267042735	false		false	635	319	n37fhtdt91lx11x0u6hripd1s88xvms			false		false			false	true	
enwiki	revision	create	2001-01-19 19:51:56.0	*	11327310	5299052	Dhcp058.246.lvcm.com	Dhcp058.246.lvcm.com							false	false	true	false	false	true	2009-12-30 11:47:23.0	2009-12-30 11:47:24.0	2001-01-17 00:05:18.0	102	57	26323569	HomePage	HomePage	0	true	0	true	true	false	2010-02-24 14:25:49.0	2001-01-15 19:27:13.0	31	62292																				908493328	908493327	false		false	789	30	ex6duedbj8sneahw08i288qaxwm7ai4			false		true	986116384	624074972	false	true	
enwiki	revision	create	2001-01-19 19:52:30.0	*	11327310	5299052	Dhcp058.246.lvcm.com	Dhcp058.246.lvcm.com							false	false	true	false	false	true	2009-12-30 11:47:23.0	2009-12-30 11:47:24.0	2001-01-17 00:05:18.0	103	34	21438480	Be_bold	Be_bold	4	false	4	false	false	false	2009-02-07 18:48:22.0	2001-01-17 00:30:00.0	4	91																				1267042737	1267042736	false		false	737	102	09wissetfpbsme70draaqfs5pdkms9e			false		false			false	true	
enwiki	revision	create	2001-01-19 20:03:54.0	*	11327310	5299052	Dhcp058.246.lvcm.com	Dhcp058.246.lvcm.com							false	false	true	false	false	true	2009-12-30 11:47:23.0	2009-12-30 11:47:24.0	2001-01-17 00:05:18.0	104	684	21438480	Be_bold	Be_bold	4	false	4	false	false	false	2009-02-07 18:48:22.0	2001-01-17 00:30:00.0	5	684																				1267042738	1267042737	false		false	740	3	jrha1di7p59rzjjtp54bk3ytyvdtt10			false		false			false	true	
enwiki	revision	create	2001-01-19 20:17:44.0	*	7800357	194415	AyeSpy	AyeSpy		nocreate,noemail,nousertalk					false	true	false	false	false	true	2008-09-07 01:37:15.0	2008-09-07 01:37:15.0	2001-01-19 01:10:38.0	4	65276	8574	Tao_Te_Ching	Tao_Te_Ching	0	true	0	true	false	false	2001-01-19 01:46:12.0	2001-01-19 01:46:12.0	3	65276																				1297130653	1297130652	false		false	2777	1	tnyo7552g99peq8h57ld6owuc0j6pci			false		false			false	false	
enwiki	revision	create	2001-01-19 20:20:42.0	*	479	17255773	JimboWales	JimboWales		nocreate,noautoblock					false	false	false	false	false	true	2001-01-23 22:34:16.0		2001-01-19 01:24:40.0	4	67805	9969298	NamingConventions	NamingConventions	0	true	0	true	true	false	2016-11-02 00:45:25.0	2001-01-16 21:13:06.0	10	1927																				1264752850	1264752849	false		false	5532	332	9lxw6pwwpuvm2o7d7k6mfvtiodm0owh			false		false			false	true	
enwiki	revision	create	2001-01-19 20:22:15.0	*	479	17255773	JimboWales	JimboWales		nocreate,noautoblock					false	false	false	false	false	true	2001-01-23 22:34:16.0		2001-01-19 01:24:40.0	5	93	9969298	NamingConventions	NamingConventions	0	true	0	true	true	false	2016-11-02 00:45:25.0	2001-01-16 21:13:06.0	11	93																				1264752851	1264752850	false		false	5664	132	3aak58lmekc3swjlimar26yr67kmjyv			false		false			false	true	
enwiki	page	create	2001-01-19 21:29:19.0		7800357	194415	AyeSpy	AyeSpy		nocreate,noemail,nousertalk					false	true	false	false	false	true	2008-09-07 01:37:15.0	2008-09-07 01:37:15.0	2001-01-19 01:10:38.0			3281	BiblicalInterpretation	BiblicalInterpretation	0	true	0	true	true	false	2001-01-19 21:29:19.0	2001-01-19 21:29:19.0																																							
enwiki	revision	create	2001-01-19 21:29:19.0	*	7800357	194415	AyeSpy	AyeSpy		nocreate,noemail,nousertalk					false	true	false	false	false	true	2008-09-07 01:37:15.0	2008-09-07 01:37:15.0	2001-01-19 01:10:38.0	5	4295	3281	BiblicalInterpretation	BiblicalInterpretation	0	true	0	true	true	false	2001-01-19 21:29:19.0	2001-01-19 21:29:19.0	1																					463643961	402538486	true		false	914	859	l76o2x0wwha2027cnv4mt3qc1fguyrw			false		false			false	false	
enwiki	revision	create	2001-01-19 21:47:41.0	*	11327310	5299052	Dhcp058.246.lvcm.com	Dhcp058.246.lvcm.com							false	false	true	false	false	true	2009-12-30 11:47:23.0	2009-12-30 11:47:24.0	2001-01-17 00:05:18.0	105	6227	9969298	NamingConventions	NamingConventions	0	true	0	true	true	false	2016-11-02 00:45:25.0	2001-01-16 21:13:06.0	12	5126																				1264752852	1264752851	false		false	5665	1	4zu6b839jpyiuuvhhurwnpjoxrufhwx			false		false			false	true	
enwiki	revision	create	2001-01-19 21:49:05.0	*	11327310	5299052	Dhcp058.246.lvcm.com	Dhcp058.246.lvcm.com							false	false	true	false	false	true	2009-12-30 11:47:23.0	2009-12-30 11:47:24.0	2001-01-17 00:05:18.0	106	84	9969298	NamingConventions	NamingConventions	0	true	0	true	true	false	2016-11-02 00:45:25.0	2001-01-16 21:13:06.0	13	84																				1264752853	1264752852	false		false	5668	3	apou06uos9a4udbw3hqjud06jvq3rhc			false		false			false	true	
enwiki	revision	create	2001-01-19 21:56:21.0	*			dhcp058.246.lvcm.com	dhcp058.246.lvcm.com										true								5058											1																					241063	0	false		false	589	589	fknk5g862iiittyqb68dipjnjc6zp1m			false		false			false	false	
enwiki	revision	create	2001-01-19 23:41:37.0	*	11327310	5299052	Dhcp058.246.lvcm.com	Dhcp058.246.lvcm.com							false	false	true	false	false	true	2009-12-30 11:47:23.0	2009-12-30 11:47:24.0	2001-01-17 00:05:18.0	107	6752	3281	BiblicalInterpretation	BiblicalInterpretation	0	true	0	true	true	false	2001-01-19 21:29:19.0	2001-01-19 21:29:19.0	2	7938																				463643962	463643961	true		false	218	-696	7tc9g7nrmr6o3lgbu6m1gc4y8cua0i7			false		false			false	false	
enwiki	revision	create	2001-01-20 01:23:01.0	*	7800357	194415	AyeSpy	AyeSpy		nocreate,noemail,nousertalk					false	true	false	false	false	true	2008-09-07 01:37:15.0	2008-09-07 01:37:15.0	2001-01-19 01:10:38.0	6	14022	13309	Hold_more_stubbornly_at_least	Hold_more_stubbornly_at_least	0	true	0	true	true	false	2001-01-18 02:13:37.0	2001-01-18 02:13:37.0	2	169764																				1271517664	1271517663	false		false	1811	977	cwqtt3l5ch11aqu5xt5e5yn14fkipa8			false		false			false	false	
enwiki	revision	create	2001-01-20 01:34:12.0	*	7800357	194415	AyeSpy	AyeSpy		nocreate,noemail,nousertalk					false	true	false	false	false	true	2008-09-07 01:37:15.0	2008-09-07 01:37:15.0	2001-01-19 01:10:38.0	7	671	9969298	NamingConventions	NamingConventions	0	true	0	true	true	false	2016-11-02 00:45:25.0	2001-01-16 21:13:06.0	14	13507																				1264752854	1264752853	false		false	6242	574	e83o2e8uya7qxe7qsz1pxk3etwjzgp6			false		false			false	true	
enwiki	user	create	2001-01-20 02:11:06.0																																				49105268	77473294	Pool-63.49.118.31.bltm.grid.net	Pool-63.49.118.31.bltm.grid.net							false	false	false	false	false	true	2025-01-24 12:45:14.0		2001-01-20 02:11:06.0																		
enwiki	revision	create	2001-01-20 02:11:06.0	*	49105268	77473294	Pool-63.49.118.31.bltm.grid.net	Pool-63.49.118.31.bltm.grid.net							false	false	false	false	false	true	2025-01-24 12:45:14.0		2001-01-20 02:11:06.0	1		7889	Direct_realism	Direct_realism	0	true	0	true	true	false	2001-01-20 02:11:06.0	2001-01-20 02:11:06.0	1																					1271527124	0	false		false	1217	1217	fzxep47uytqtio7xgz49xkrvzl9m6lq			false		false			false	false	
enwiki	page	create	2001-01-20 02:11:06.0		49105268	77473294	Pool-63.49.118.31.bltm.grid.net	Pool-63.49.118.31.bltm.grid.net							false	false	false	false	false	true	2025-01-24 12:45:14.0		2001-01-20 02:11:06.0			7889	Direct_realism	Direct_realism	0	true	0	true	true	false	2001-01-20 02:11:06.0	2001-01-20 02:11:06.0																																							
enwiki	revision	create	2001-01-20 02:12:11.0	*	49105268	77473294	Pool-63.49.118.31.bltm.grid.net	Pool-63.49.118.31.bltm.grid.net							false	false	false	false	false	true	2025-01-24 12:45:14.0		2001-01-20 02:11:06.0	2	65	7889	Direct_realism	Direct_realism	0	true	0	true	true	false	2001-01-20 02:11:06.0	2001-01-20 02:11:06.0	2	65																				1271527125	1271527124	false		false	1218	1	cpg0tflrgtarhdrpff2r53uledsvs84			false		false			false	false	
enwiki	revision	create	2001-01-20 02:38:57.0	*			dhcp058.246.lvcm.com	dhcp058.246.lvcm.com										true								17052990	WhatsaWikiFor	What_is_a_wiki_for	0	true	4	false	false	false	2008-04-22 11:16:55.0	2001-01-17 00:06:19.0	2	268358																				294250	0	true		false	258	258	19gb5kg8c3vr0uanca6i1vuejwf0t10			false		false			false	true	
enwiki	revision	create	2001-01-20 05:13:31.0	*	49105264	77473289	Sdn-ar-007nvlvegP309.dialsprint.net	Sdn-ar-007nvlvegP309.dialsprint.net							false	false	true	false	false	true	2025-01-24 12:44:21.0	2025-01-24 12:44:22.0	2001-01-20 05:13:31.0	1		7889	Direct_realism	Direct_realism	0	true	0	true	true	false	2001-01-20 02:11:06.0	2001-01-20 02:11:06.0	3	10880																				1271527126	1271527125	false		false	1219	1	ej61gzw0a6nr8f1gcev688zb1x27hp5			false		false			false	false	
enwiki	user	create	2001-01-20 05:13:31.0		194203	745	Graham87											false	false	true																			49105264	77473289	Sdn-ar-007nvlvegP309.dialsprint.net	Sdn-ar-007nvlvegP309.dialsprint.net							false	false	true	false	false	true	2025-01-24 12:44:21.0	2025-01-24 12:44:22.0	2001-01-20 05:13:31.0																		
enwiki	revision	create	2001-01-20 07:22:24.0	*	11327310	5299052	Dhcp058.246.lvcm.com	Dhcp058.246.lvcm.com							false	false	true	false	false	true	2009-12-30 11:47:23.0	2009-12-30 11:47:24.0	2001-01-17 00:05:18.0	108	27647	26323569	HomePage	HomePage	0	true	0	true	true	false	2010-02-24 14:25:49.0	2001-01-15 19:27:13.0	32	41428																				908493329	908493328	false		false	800	11	jk9bb58ryuynl3khuimkoi9a3bgjlih			false		true	986116384	624033544	false	true	
enwiki	revision	create	2001-01-20 07:22:44.0	*	11327310	5299052	Dhcp058.246.lvcm.com	Dhcp058.246.lvcm.com							false	false	true	false	false	true	2009-12-30 11:47:23.0	2009-12-30 11:47:24.0	2001-01-17 00:05:18.0	109	20	17744623	NewTopics	New_topics	0	true	4	false	false	false	2008-06-03 03:33:40.0	2001-01-17 00:16:37.0	6	169278																				1209542245	1209542244	false		false	558	11	lkho1e5mdyy9r5a21t3x2gpm3d9rzja			false		false			false	true	
enwiki	revision	create	2001-01-20 07:41:26.0	*	11327310	5299052	Dhcp058.246.lvcm.com	Dhcp058.246.lvcm.com							false	false	true	false	false	true	2009-12-30 11:47:23.0	2009-12-30 11:47:24.0	2001-01-17 00:05:18.0	110	1122	22900278	Weekend_(disambiguation)	Weekend_(disambiguation)	0	true	0	true	false	false	2009-05-22 12:36:14.0	2001-01-20 07:41:26.0	1																					1324557472	0	false		false	1786	1786	6n9m8osm29d9aufpid4g7801b0mb1n6			false		false			false	true	
enwiki	revision	create	2001-01-20 07:49:34.0	*	11327310	5299052	Dhcp058.246.lvcm.com	Dhcp058.246.lvcm.com							false	false	true	false	false	true	2009-12-30 11:47:23.0	2009-12-30 11:47:24.0	2001-01-17 00:05:18.0	111	488	22900278	Weekend_(disambiguation)	Weekend_(disambiguation)	0	true	0	true	false	false	2009-05-22 12:36:14.0	2001-01-20 07:41:26.0	2	488																				1324557473	1324557472	false		false	2659	873	dzkregpbp8k0cyzzhgasd61t8pwcu3m			false		false			false	true	
enwiki	revision	create	2001-01-20 07:50:05.0	*	11327310	5299052	Dhcp058.246.lvcm.com	Dhcp058.246.lvcm.com							false	false	true	false	false	true	2009-12-30 11:47:23.0	2009-12-30 11:47:24.0	2001-01-17 00:05:18.0	112	31	22900278	Weekend_(disambiguation)	Weekend_(disambiguation)	0	true	0	true	false	false	2009-05-22 12:36:14.0	2001-01-20 07:41:26.0	3	31																				1324557474	1324557473	false		false	2658	-1	pzic4gkep6r1dzxthhf2iunx0hlujz9			false		false			false	true	
enwiki	revision	create	2001-01-20 08:06:36.0	*	11327310	5299052	Dhcp058.246.lvcm.com	Dhcp058.246.lvcm.com							false	false	true	false	false	true	2009-12-30 11:47:23.0	2009-12-30 11:47:24.0	2001-01-17 00:05:18.0	113	991	26323569	HomePage	HomePage	0	true	0	true	true	false	2010-02-24 14:25:49.0	2001-01-15 19:27:13.0	33	2652																				908493330	908493329	false		false	843	43	j26nfuw3hapunwvm7ybybdmjpcy6to2			false		true	986116384	624030892	false	true	
enwiki	user	create	2001-01-20 09:23:43.0		194203	745	Graham87											false	false	true																			49044237	77382896	Ip215.usw7.rb1.bel.nwlink.com	Ip215.usw7.rb1.bel.nwlink.com							false	false	true	false	false	true	2025-01-13 07:45:24.0	2025-01-13 07:45:25.0	2001-01-20 09:23:43.0																		
enwiki	page	create	2001-01-20 09:23:43.0		49044237	77382896	Ip215.usw7.rb1.bel.nwlink.com	Ip215.usw7.rb1.bel.nwlink.com							false	false	true	false	false	true	2025-01-13 07:45:24.0	2025-01-13 07:45:25.0	2001-01-20 09:23:43.0			5063	CountriesP	CountriesP	0	true	0	true	false	false	2001-01-20 09:23:43.0	2001-01-20 09:23:43.0																																							
enwiki	revision	create	2001-01-20 09:23:43.0	*	49044237	77382896	Ip215.usw7.rb1.bel.nwlink.com	Ip215.usw7.rb1.bel.nwlink.com							false	false	true	false	false	true	2025-01-13 07:45:24.0	2025-01-13 07:45:25.0	2001-01-20 09:23:43.0	1		5063	CountriesP	CountriesP	0	true	0	true	false	false	2001-01-20 09:23:43.0	2001-01-20 09:23:43.0	1																					1269150833	0	false		false	8	8	f276yakqzdhhvlyirmbr37jm2d6tjyx			false		false			false	false	
enwiki	revision	create	2001-01-20 09:24:36.0	*	49044237	77382896	Ip215.usw7.rb1.bel.nwlink.com	Ip215.usw7.rb1.bel.nwlink.com							false	false	true	false	false	true	2025-01-13 07:45:24.0	2025-01-13 07:45:25.0	2001-01-20 09:23:43.0	2	53	5063	CountriesP	CountriesP	0	true	0	true	false	false	2001-01-20 09:23:43.0	2001-01-20 09:23:43.0	2	53																				1269150835	1269150833	false		false	6	-2	kz6b11cy1s4n3l0ue5flnbcys14ynll			false		false			false	false	
enwiki	revision	create	2001-01-20 09:38:04.0	*	11327310	5299052	Dhcp058.246.lvcm.com	Dhcp058.246.lvcm.com							false	false	true	false	false	true	2009-12-30 11:47:23.0	2009-12-30 11:47:24.0	2001-01-17 00:05:18.0	114	5488	22900278	Weekend_(disambiguation)	Weekend_(disambiguation)	0	true	0	true	false	false	2009-05-22 12:36:14.0	2001-01-20 07:41:26.0	4	6479																				1324557475	1324557474	false		false	3002	344	gaqsodmyds9ver5t34ruqsp1u0hrmhy			false		false			false	true	
enwiki	revision	create	2001-01-20 09:39:43.0	*			dhcp058.246.lvcm.com	dhcp058.246.lvcm.com										true								3281	BiblicalInterpretation	BiblicalInterpretation	0	true	0	true	true	false	2001-01-19 21:29:19.0	2001-01-19 21:29:19.0	3	35886																				237881	0	false		false	303	303	ft177cxlb8483acmrnhe6s5586yqpyz			false		false			false	false	
enwiki	revision	create	2001-01-20 09:39:43.0		11327310	5299052	Dhcp058.246.lvcm.com	Dhcp058.246.lvcm.com							false	false	true	false	false	true	2009-12-30 11:47:23.0	2009-12-30 11:47:24.0	2001-01-17 00:05:18.0	115	99	33932648	BiblicalInterpretation	BiblicalInterpretation	9	false	9	false		true	2001-01-20 09:39:43.0	2001-01-20 09:39:43.0	1																					463643960		false		false	290	290	px6jnp0sx6twsd8k6qahhj4jjoup6w4			true	2011-12-02 10:42:06.0	false			false	false	
enwiki	page	create	2001-01-20 09:39:43.0		11327310	5299052	Dhcp058.246.lvcm.com	Dhcp058.246.lvcm.com							false	false	true	false	false	true	2009-12-30 11:47:23.0	2009-12-30 11:47:24.0	2001-01-17 00:05:18.0			33932648	BiblicalInterpretation	BiblicalInterpretation	9	false	9	false		true	2001-01-20 09:39:43.0	2001-01-20 09:39:43.0																																							
enwiki	revision	create	2001-01-20 09:40:10.0	*	11327310	5299052	Dhcp058.246.lvcm.com	Dhcp058.246.lvcm.com							false	false	true	false	false	true	2009-12-30 11:47:23.0	2009-12-30 11:47:24.0	2001-01-17 00:05:18.0	116	27	29675	TheBible	TheBible	0	true	0	true	true	false	2001-01-18 13:38:46.0	2001-01-18 13:38:46.0	4	140376																				1271296510	1271296509	false		false	856	-6	90wxqge01bysy8cyj444iyxkew45f2g			false		false			false	false	
enwiki	revision	create	2001-01-20 09:59:03.0	*			209.151.234.xxx	209.151.234.xxx										true								51205	What_is_a_wiki	What_is_a_wiki	4	false	4	false	true	false	2001-01-17 00:05:52.0	2001-01-17 00:05:52.0	2	294791																				1066049403	1066049402	false		false	412	2	bkosdspp6kdd1rmnzxsemezgbh4qa3d			false		false			false	false	
enwiki	user	create	2001-01-20 10:25:51.0		194203	745	Graham87											false	false	true																			49108718	77478114	Ptld-dsl-gw1-poole240.ptld.uswest.net	Ptld-dsl-gw1-poole240.ptld.uswest.net							false	false	true	false	false	true	2025-01-25 02:25:32.0	2025-01-25 02:25:33.0	2001-01-20 10:25:51.0																		
enwiki	revision	create	2001-01-20 10:25:51.0	*	49108718	77478114	Ptld-dsl-gw1-poole240.ptld.uswest.net	Ptld-dsl-gw1-poole240.ptld.uswest.net							false	false	true	false	false	true	2025-01-25 02:25:32.0	2025-01-25 02:25:33.0	2001-01-20 10:25:51.0	1		38406014	PaGe	PaGe	0	true	0	true	true	false	2001-01-17 00:22:03.0	2001-01-17 00:22:03.0	3	114188																				1271660026	1271660025	false		false	0	-156	phoiac9h4m842xq45sp7s6u21eteeq1			false		false			false	false	
enwiki	revision	create	2001-01-20 12:10:28.0	*	12015540	6294643	Ocmax3-005.dialup.optusnet.com.au	Ocmax3-005.dialup.optusnet.com.au		nocreate					false	false	true	false	false	true	2010-03-27 14:20:57.0	2010-03-27 14:20:58.0	2001-01-20 12:10:28.0	1		37068101	AustraliA	AustraliA	0	true	0	true	true	false	2001-01-20 12:10:28.0	2001-01-20 12:10:28.0	1																					1318555022	0	false		false	813	813	7gx5n2h9pngwe2ioi4e5d8pc845n3qx			false		false			false	false	
enwiki	page	create	2001-01-20 12:10:28.0		12015540	6294643	Ocmax3-005.dialup.optusnet.com.au	Ocmax3-005.dialup.optusnet.com.au		nocreate					false	false	true	false	false	true	2010-03-27 14:20:57.0	2010-03-27 14:20:58.0	2001-01-20 12:10:28.0			37068101	AustraliA	AustraliA	0	true	0	true	true	false	2001-01-20 12:10:28.0	2001-01-20 12:10:28.0																																							
enwiki	user	create	2001-01-20 12:10:28.0		194203	745	Graham87											false	false	true																			12015540	6294643	Ocmax3-005.dialup.optusnet.com.au	Ocmax3-005.dialup.optusnet.com.au		nocreate					false	false	true	false	false	true	2010-03-27 14:20:57.0	2010-03-27 14:20:58.0	2001-01-20 12:10:28.0																		
enwiki	user	create	2001-01-20 13:51:33.0		194203	745	Graham87											false	false	true																			43201113	68672851	Proteus.interq.or.jp	Proteus.interq.or.jp							false	false	true	false	false	true	2022-01-16 15:39:42.0	2022-01-16 15:39:42.0	2001-01-20 13:51:33.0																		
enwiki	revision	create	2001-01-20 13:51:33.0	*	43201113	68672851	Proteus.interq.or.jp	Proteus.interq.or.jp							false	false	true	false	false	true	2022-01-16 15:39:42.0	2022-01-16 15:39:42.0	2001-01-20 13:51:33.0	1		51205	What_is_a_wiki	What_is_a_wiki	4	false	4	false	true	false	2001-01-17 00:05:52.0	2001-01-17 00:05:52.0	3	13950																				1066049404	1066049403	false		false	514	102	3ynwnbcwa6viodjf3z3apnc668lav0k			false		true	1066049406	56	false	false	
enwiki	revision	create	2001-01-20 13:51:50.0	*	43201113	68672851	Proteus.interq.or.jp	Proteus.interq.or.jp							false	false	true	false	false	true	2022-01-16 15:39:42.0	2022-01-16 15:39:42.0	2001-01-20 13:51:33.0	2	17	51205	What_is_a_wiki	What_is_a_wiki	4	false	4	false	true	false	2001-01-17 00:05:52.0	2001-01-17 00:05:52.0	4	17																				1066049405	1066049404	false		false	507	-7	6l4bfp7nb9nxcuywvg9ifr1ynwva14l			false		true	1066049406	39	false	false	
enwiki	revision	create	2001-01-20 13:52:29.0	*	43201113	68672851	Proteus.interq.or.jp	Proteus.interq.or.jp							false	false	true	false	false	true	2022-01-16 15:39:42.0	2022-01-16 15:39:42.0	2001-01-20 13:51:33.0	3	39	51205	What_is_a_wiki	What_is_a_wiki	4	false	4	false	true	false	2001-01-17 00:05:52.0	2001-01-17 00:05:52.0	5	39																				1066049406	1066049405	false		false	412	-95	bkosdspp6kdd1rmnzxsemezgbh4qa3d			false		false			true	false	
enwiki	user	create	2001-01-20 14:30:25.0		194203	745	Graham87											false	false	true																			49050572	77392224	Newax5-013.dialup.optusnet.com.au	Newax5-013.dialup.optusnet.com.au							false	false	true	false	false	true	2025-01-14 12:21:37.0	2025-01-14 12:21:37.0	2001-01-20 14:30:25.0																		
enwiki	revision	create	2001-01-20 14:30:25.0	*	49050572	77392224	Newax5-013.dialup.optusnet.com.au	Newax5-013.dialup.optusnet.com.au							false	false	true	false	false	true	2025-01-14 12:21:37.0	2025-01-14 12:21:37.0	2001-01-20 14:30:25.0	1		17743639	WikiPediaFaq	FAQ	0	true	4	false	false	false	2008-06-03 01:51:12.0	2001-01-17 01:12:24.0	10	156645																				1269545137	1269545136	false		false	3211	935	rnuzstqx5tyhz98u678prxai2kai254			false		false			false	true	
enwiki	user	create	2001-01-20 14:52:47.0		194203	745	Graham87											false	false	true																			48990191	77302732	Hc193-208.hampshire.edu	Hc193-208.hampshire.edu							false	false	true	false	false	true	2025-01-02 10:58:37.0	2025-01-02 10:58:38.0	2001-01-20 14:52:47.0																		
enwiki	revision	create	2001-01-20 14:52:47.0	*	48990191	77302732	Hc193-208.hampshire.edu	Hc193-208.hampshire.edu							false	false	true	false	false	true	2025-01-02 10:58:37.0	2025-01-02 10:58:38.0	2001-01-20 14:52:47.0	1		78783901	How_does_one_edit_a_page/Old_version	Historical_archive/Abandoned_help_pages_from_2001/How_does_one_edit_a_page/Old_version	0	true	4	false	false	false	2001-01-17 00:07:39.0	2001-01-17 00:07:39.0	2	312308																				1266839143	1266839142	false		false	701	3	r8ee5yo07qpgyc4mijaz06teg9897tj			false		false			false	false	
enwiki	revision	create	2001-01-20 15:01:12.0	*			pD950754B.dip.t-dialin.net	pD950754B.dip.t-dialin.net										true								988											1																					233189	0	true		false	61	61	bmm0blmmjxxp07boznkolvr6m5w4qyg			false		false			false	false	
enwiki	revision	create	2001-01-20 15:10:02.0	*			62.110.183.xxx	62.110.183.xxx										true								22174											1																					271467	0	false		false	193	193	l5v6mtp7i7efcn3tvecfoxlv1vdds3a			false		false			false	false	
enwiki	revision	create	2001-01-20 15:17:21.0	Add scientific accuracy vs. Bible, and pedigree			24.93.53.xxx	24.93.53.xxx										true								29674	TheKoran	TheKoran	0	true	0	true	true	false	2001-01-18 04:19:44.0	2001-01-18 04:19:44.0	4	197309																				1271293874	1271293873	false		false	1800	1503	seo3jm5adlyid0c3rujix3996949edp			false		false			false	false	
enwiki	revision	create	2001-01-20 15:25:01.0	*			24.93.53.xxx	24.93.53.xxx										true								29674	TheKoran	TheKoran	0	true	0	true	true	false	2001-01-18 04:19:44.0	2001-01-18 04:19:44.0	5	460																				1271293875	1271293874	false		false	1800	0	107qd999sap3c2ldb0i5mo15t6d3ucn			false		false			false	false	
enwiki	revision	create	2001-01-20 15:31:21.0	Created			24.93.53.xxx	24.93.53.xxx										true								36277791											1																					499851878	0	false		false	399	399	h8p77eihhx5nim96ozrzemsv33an7vk			false		false			false	false	
enwiki	revision	create	2001-01-20 15:34:07.0	*	43201099	68672829	2.35.220-216.q9.net	2.35.220-216.q9.net							false	false	true	false	false	true	2022-01-16 15:37:30.0	2022-01-16 15:37:30.0	2001-01-20 15:34:07.0	1		51205	What_is_a_wiki	What_is_a_wiki	4	false	4	false	true	false	2001-01-17 00:05:52.0	2001-01-17 00:05:52.0	6	6098																				1066049407	1066049406	false		false	413	1	qr4cbfrekm5zsu6mp0uauhvhunhatqr			false		true	1066049408	12	false	false	
enwiki	user	create	2001-01-20 15:34:07.0		194203	745	Graham87											false	false	true																			43201099	68672829	2.35.220-216.q9.net	2.35.220-216.q9.net							false	false	true	false	false	true	2022-01-16 15:37:30.0	2022-01-16 15:37:30.0	2001-01-20 15:34:07.0																		
enwiki	revision	create	2001-01-20 15:34:19.0	*	43201099	68672829	2.35.220-216.q9.net	2.35.220-216.q9.net							false	false	true	false	false	true	2022-01-16 15:37:30.0	2022-01-16 15:37:30.0	2001-01-20 15:34:07.0	2	12	51205	What_is_a_wiki	What_is_a_wiki	4	false	4	false	true	false	2001-01-17 00:05:52.0	2001-01-17 00:05:52.0	7	12																				1066049408	1066049407	false		false	412	-1	bkosdspp6kdd1rmnzxsemezgbh4qa3d			false		false			true	false	
enwiki	revision	create	2001-01-20 15:35:29.0	colin == poo	43201099	68672829	2.35.220-216.q9.net	2.35.220-216.q9.net							false	false	true	false	false	true	2022-01-16 15:37:30.0	2022-01-16 15:37:30.0	2001-01-20 15:34:07.0	3	70	51205	What_is_a_wiki	What_is_a_wiki	4	false	4	false	true	false	2001-01-17 00:05:52.0	2001-01-17 00:05:52.0	8	70																				1066049409	1066049408	false		false	444	32	2ke7fhp24ia6b2cmdwrnrq6alksshe0			false		true	1066049410	26	false	false	
enwiki	revision	create	2001-01-20 15:35:55.0	no more poo	43201099	68672829	2.35.220-216.q9.net	2.35.220-216.q9.net							false	false	true	false	false	true	2022-01-16 15:37:30.0	2022-01-16 15:37:30.0	2001-01-20 15:34:07.0	4	26	51205	What_is_a_wiki	What_is_a_wiki	4	false	4	false	true	false	2001-01-17 00:05:52.0	2001-01-17 00:05:52.0	9	26																				1066049410	1066049409	false		false	412	-32	bkosdspp6kdd1rmnzxsemezgbh4qa3d			false		false			true	false	
enwiki	revision	create	2001-01-20 15:38:47.0	Created			cs9353-70.austin.rr.com	cs9353-70.austin.rr.com										true								14478											1																					258439	0	false		false	541	541	jc771ep90t44au8k6gzw2pft9cdezpb			false		false			false	false	
enwiki	revision	create	2001-01-20 15:44:43.0	corrected typo	49044715	77383679	Cfw1.rdc1.nsw.excitehome.net.au	Cfw1.rdc1.nsw.excitehome.net.au							false	false	true	false	false	true	2025-01-13 10:09:44.0	2025-01-13 10:09:45.0	2001-01-20 15:44:43.0	1		18745	MathematicalGrouP	MathematicalGrouP	0	true	0	true	true	false	2001-01-17 00:25:58.0	2001-01-17 00:25:58.0	3	129970																				1271963081	1271963080	false		false	2056	0	pz9ngv7z969v8b62gvuzp2nd7c7z2rx			false		false			false	false	
enwiki	user	create	2001-01-20 15:44:43.0		194203	745	Graham87											false	false	true																			49044715	77383679	Cfw1.rdc1.nsw.excitehome.net.au	Cfw1.rdc1.nsw.excitehome.net.au							false	false	true	false	false	true	2025-01-13 10:09:44.0	2025-01-13 10:09:45.0	2001-01-20 15:44:43.0																		
enwiki	revision	create	2001-01-20 15:45:34.0	*	43201080	68672803	As3-1-172.HIP.Berkeley.EDU	As3-1-172.HIP.Berkeley.EDU							false	false	true	false	false	true	2022-01-16 15:34:10.0	2022-01-16 15:34:10.0	2001-01-20 15:45:34.0	1		51205	What_is_a_wiki	What_is_a_wiki	4	false	4	false	true	false	2001-01-17 00:05:52.0	2001-01-17 00:05:52.0	10	579																				1066049411	1066049410	false		false	412	0	pqud2cdooelt8hm3odne80pq1d8k5ad			false		false			false	false	
enwiki	user	create	2001-01-20 15:45:34.0		194203	745	Graham87											false	false	true																			43201080	68672803	As3-1-172.HIP.Berkeley.EDU	As3-1-172.HIP.Berkeley.EDU							false	false	true	false	false	true	2022-01-16 15:34:10.0	2022-01-16 15:34:10.0	2001-01-20 15:45:34.0																		
enwiki	revision	create	2001-01-20 15:49:48.0	typo correction	49044715	77383679	Cfw1.rdc1.nsw.excitehome.net.au	Cfw1.rdc1.nsw.excitehome.net.au							false	false	true	false	false	true	2025-01-13 10:09:44.0	2025-01-13 10:09:45.0	2001-01-20 15:44:43.0	2	305	18745	MathematicalGrouP	MathematicalGrouP	0	true	0	true	true	false	2001-01-17 00:25:58.0	2001-01-17 00:25:58.0	4	305																				1271963082	1271963081	false		false	2060	4	7o2qg5z93k9n0b7jkph50qv9nnmbu1s			false		false			false	false	
enwiki	revision	create	2001-01-20 17:16:42.0	*	10164500	3603764	IvoryRing	IvoryRing							false	false	true	false	false	true	2009-07-22 03:13:43.0	2009-07-22 03:13:44.0	2001-01-20 17:16:42.0	1		21134	New_Hampshire	New_Hampshire	0	true	0	true	false	false	2001-01-20 17:16:42.0	2001-01-20 17:16:42.0	1																					1264260324	0	false		false	1830	1830	e0dj8lw7utf115ad8bd26yq5zqxftr7			false		false			false	false	
enwiki	user	create	2001-01-20 17:16:42.0		194203	745	Graham87											false	false	true																			10164500	3603764	IvoryRing	IvoryRing							false	false	true	false	false	true	2009-07-22 03:13:43.0	2009-07-22 03:13:44.0	2001-01-20 17:16:42.0																		
enwiki	page	create	2001-01-20 17:16:42.0		10164500	3603764	IvoryRing	IvoryRing							false	false	true	false	false	true	2009-07-22 03:13:43.0	2009-07-22 03:13:44.0	2001-01-20 17:16:42.0			21134	New_Hampshire	New_Hampshire	0	true	0	true	false	false	2001-01-20 17:16:42.0	2001-01-20 17:16:42.0																																							
enwiki	revision	create	2001-01-20 17:35:48.0	*	43201040	68672732	Rusuban.wor.ma.geekpitlabs.com	Rusuban.wor.ma.geekpitlabs.com							false	false	true	false	false	true	2022-01-16 15:24:17.0	2022-01-16 15:24:17.0	2001-01-20 17:35:48.0	1		51205	What_is_a_wiki	What_is_a_wiki	4	false	4	false	true	false	2001-01-17 00:05:52.0	2001-01-17 00:05:52.0	11	6614																				1066049412	1066049411	false		false	428	16	7pqbtu3ptehyvn6y5dhx3q45pdqc3yw			false		true	1066049413	812	false	false	
enwiki	user	create	2001-01-20 17:35:48.0		194203	745	Graham87											false	false	true																			43201040	68672732	Rusuban.wor.ma.geekpitlabs.com	Rusuban.wor.ma.geekpitlabs.com							false	false	true	false	false	true	2022-01-16 15:24:17.0	2022-01-16 15:24:17.0	2001-01-20 17:35:48.0																		
enwiki	revision	create	2001-01-20 17:49:20.0	*			151.202.21.xxx	151.202.21.xxx										true								51205	What_is_a_wiki	What_is_a_wiki	4	false	4	false	true	false	2001-01-17 00:05:52.0	2001-01-17 00:05:52.0	12	812																				1066049413	1066049412	false		false	412	-16	pqud2cdooelt8hm3odne80pq1d8k5ad			false		false			true	false	
enwiki	revision	create	2001-01-20 18:15:18.0	*	11327310	5299052	Dhcp058.246.lvcm.com	Dhcp058.246.lvcm.com							false	false	true	false	false	true	2009-12-30 11:47:23.0	2009-12-30 11:47:24.0	2001-01-17 00:05:18.0	117	30908	51205	What_is_a_wiki	What_is_a_wiki	4	false	4	false	true	false	2001-01-17 00:05:52.0	2001-01-17 00:05:52.0	13	1558																				1066049414	1066049413	false		false	412	0	pqud2cdooelt8hm3odne80pq1d8k5ad			false		false			true	false	
enwiki	revision	create	2001-01-20 18:16:55.0	*	49044401	77383178	Tunnel-44-162.vpn.uib.no	Tunnel-44-162.vpn.uib.no							false	false	true	false	false	true	2025-01-13 08:39:13.0	2025-01-13 08:39:14.0	2001-01-20 18:16:55.0	1		5061	CountriesN	CountriesN	0	true	0	true	false	false	2001-01-19 06:50:25.0	2001-01-19 06:50:25.0	2	127590																				1269156270	1269156269	false		false	17	7	se76okale9a157jaz01f6y4vh370gek			false		false			false	false	
enwiki	user	create	2001-01-20 18:16:55.0		194203	745	Graham87											false	false	true																			49044401	77383178	Tunnel-44-162.vpn.uib.no	Tunnel-44-162.vpn.uib.no							false	false	true	false	false	true	2025-01-13 08:39:13.0	2025-01-13 08:39:14.0	2001-01-20 18:16:55.0																		
enwiki	revision	create	2001-01-20 18:25:20.0	*	11327310	5299052	Dhcp058.246.lvcm.com	Dhcp058.246.lvcm.com							false	false	true	false	false	true	2009-12-30 11:47:23.0	2009-12-30 11:47:24.0	2001-01-17 00:05:18.0	118	602	18743	MuSic	MuSic	0	true	0	true	true	false	2001-01-17 00:18:15.0	2001-01-17 00:18:15.0	5	235137																				1271289296	1271289295	false		false	533	92	6vwib1e6cwj82wgl49hj46gcp5tfw9i			false		false			false	false	
enwiki	revision	create	2001-01-20 18:25:58.0	*	11327310	5299052	Dhcp058.246.lvcm.com	Dhcp058.246.lvcm.com							false	false	true	false	false	true	2009-12-30 11:47:23.0	2009-12-30 11:47:24.0	2001-01-17 00:05:18.0	119	38	18743	MuSic	MuSic	0	true	0	true	true	false	2001-01-17 00:18:15.0	2001-01-17 00:18:15.0	6	38																				1271289297	1271289296	false		false	590	57	9zwcygbmhpid66mlb09lstrbel2vlpy			false		false			false	false	
enwiki	revision	create	2001-01-20 18:27:46.0				dhcp058.246.lvcm.com	dhcp058.246.lvcm.com										true									CanWeAddNupediaArticlesToTheWiki		0	true																												835029003		true		false	1711	1711	lsl704auad1wdlujdf823ng3p0jz05f			true	2001-01-20 18:27:46.0	false			false	false	
enwiki	revision	create	2001-01-20 19:50:28.0	*			209.122.178.xxx	209.122.178.xxx										true								51205	What_is_a_wiki	What_is_a_wiki	4	false	4	false	true	false	2001-01-17 00:05:52.0	2001-01-17 00:05:52.0	14	5710																				1066049415	1066049414	false		false	422	10	t0rzitpg6expdc4mfrod4rvzg9hmj7o			false		false			false	false	
enwiki	revision	create	2001-01-20 20:05:48.0	Where the nickname IvoryRing comes from	10164500	3603764	IvoryRing	IvoryRing							false	false	true	false	false	true	2009-07-22 03:13:43.0	2009-07-22 03:13:44.0	2001-01-20 17:16:42.0	2	10146	23697323	IvoryRing	IvoryRing	2	false	2	false	false	false	2009-07-22 03:12:50.0	2001-01-20 20:05:48.0	1																					351531044	15912032	false		false	810	-4	ko268yfn8y8r5mf4d0rqo2uug0cq0qb			false		false			false	true	
enwiki	revision	create	2001-01-20 20:10:29.0	Logic- The study of the principles of proper reasoning.			143.206.170.xxx	143.206.170.xxx										true								46426065											1																					854305708	0	false		false	991	991	rpg39n2td8kcxksn69in98iy7qz13dj			false		false			false	false	
enwiki	revision	create	2001-01-20 20:13:39.0	*	10164500	3603764	IvoryRing	IvoryRing							false	false	true	false	false	true	2009-07-22 03:13:43.0	2009-07-22 03:13:44.0	2001-01-20 17:16:42.0	3	471	5063	CountriesP	CountriesP	0	true	0	true	false	false	2001-01-20 09:23:43.0	2001-01-20 09:23:43.0	3	38943																				1269150836	1269150835	false		false	24	18	azlnufvil28wweu26s818z7svh1ypi7			false		false			false	false	
enwiki	revision	create	2001-01-20 21:32:41.0	*	43201025	68672701	Natax.dc.yale.edu	Natax.dc.yale.edu							false	false	true	false	false	true	2022-01-16 15:19:46.0	2022-01-16 15:19:47.0	2001-01-20 21:32:41.0	1		51205	What_is_a_wiki	What_is_a_wiki	4	false	4	false	true	false	2001-01-17 00:05:52.0	2001-01-17 00:05:52.0	15	6133																				1066049416	1066049415	false		false	569	147	avqlo9wu1txeahuphhvv3753ab3ejdo			false		true	1066049417	850	false	false	
enwiki	user	create	2001-01-20 21:32:41.0		194203	745	Graham87											false	false	true																			43201025	68672701	Natax.dc.yale.edu	Natax.dc.yale.edu							false	false	true	false	false	true	2022-01-16 15:19:46.0	2022-01-16 15:19:47.0	2001-01-20 21:32:41.0																		
enwiki	revision	create	2001-01-20 21:46:51.0	*	11327310	5299052	Dhcp058.246.lvcm.com	Dhcp058.246.lvcm.com							false	false	true	false	false	true	2009-12-30 11:47:23.0	2009-12-30 11:47:24.0	2001-01-17 00:05:18.0	120	12053	51205	What_is_a_wiki	What_is_a_wiki	4	false	4	false	true	false	2001-01-17 00:05:52.0	2001-01-17 00:05:52.0	16	850																				1066049417	1066049416	false		false	422	-147	t0rzitpg6expdc4mfrod4rvzg9hmj7o			false		false			true	false	
enwiki	revision	create	2001-01-20 21:47:46.0	*	11327310	5299052	Dhcp058.246.lvcm.com	Dhcp058.246.lvcm.com							false	false	true	false	false	true	2009-12-30 11:47:23.0	2009-12-30 11:47:24.0	2001-01-17 00:05:18.0	121	55	51205	What_is_a_wiki	What_is_a_wiki	4	false	4	false	true	false	2001-01-17 00:05:52.0	2001-01-17 00:05:52.0	17	55																				1066049418	1066049417	false		false	491	69	dr2ne7zczq8u0ur8bq6txhp3c1givfh			false		false			false	false	
enwiki	revision	create	2001-01-20 21:48:31.0	*	11327310	5299052	Dhcp058.246.lvcm.com	Dhcp058.246.lvcm.com							false	false	true	false	false	true	2009-12-30 11:47:23.0	2009-12-30 11:47:24.0	2001-01-17 00:05:18.0	122	45	17743639	WikiPediaFaq	FAQ	0	true	4	false	false	false	2008-06-03 01:51:12.0	2001-01-17 01:12:24.0	11	26286																				1269545138	1269545137	false		false	3390	179	hfepre5q10h0zjcemn0dg421w0hwisv			false		false			false	true	
enwiki	revision	create	2001-01-20 21:50:38.0	*	11327310	5299052	Dhcp058.246.lvcm.com	Dhcp058.246.lvcm.com							false	false	true	false	false	true	2009-12-30 11:47:23.0	2009-12-30 11:47:24.0	2001-01-17 00:05:18.0	123	127	17743639	WikiPediaFaq	FAQ	0	true	4	false	false	false	2008-06-03 01:51:12.0	2001-01-17 01:12:24.0	12	127																				1269545139	1269545138	false		false	3447	57	244oecwzi90nc49l09l8124c3l38eja			false		false			false	true	
enwiki	revision	create	2001-01-20 21:51:29.0	*	49004212	77323539	213-123-72-245.btconnect.com	213-123-72-245.btconnect.com							false	false	true	false	false	true	2025-01-05 10:30:27.0	2025-01-05 10:30:27.0	2001-01-20 21:51:29.0	1		5065	CountriesO	CountriesO	0	true	0	true	false	false	2001-01-20 21:51:29.0	2001-01-20 21:51:29.0	1																					1267496234	0	false		false	4	4	m2g6jpdde7ezp65uigivr6rd0kylqkk			false		false			false	false	
enwiki	user	create	2001-01-20 21:51:29.0		194203	745	Graham87											false	false	true																			49004212	77323539	213-123-72-245.btconnect.com	213-123-72-245.btconnect.com							false	false	true	false	false	true	2025-01-05 10:30:27.0	2025-01-05 10:30:27.0	2001-01-20 21:51:29.0																		
enwiki	page	create	2001-01-20 21:51:29.0		49004212	77323539	213-123-72-245.btconnect.com	213-123-72-245.btconnect.com							false	false	true	false	false	true	2025-01-05 10:30:27.0	2025-01-05 10:30:27.0	2001-01-20 21:51:29.0			5065	CountriesO	CountriesO	0	true	0	true	false	false	2001-01-20 21:51:29.0	2001-01-20 21:51:29.0																																							
enwiki	revision	create	2001-01-20 21:54:08.0	*	11327310	5299052	Dhcp058.246.lvcm.com	Dhcp058.246.lvcm.com							false	false	true	false	false	true	2009-12-30 11:47:23.0	2009-12-30 11:47:24.0	2001-01-17 00:05:18.0	124	210	22900278	Weekend_(disambiguation)	Weekend_(disambiguation)	0	true	0	true	false	false	2009-05-22 12:36:14.0	2001-01-20 07:41:26.0	5	44164																				1324557477	1324557475	false		false	3018	16	0kkgoic7zy2pvhvm6bhbpgyp1cw9un6			false		false			false	true	
enwiki	revision	create	2001-01-20 21:59:00.0	*	11327310	5299052	Dhcp058.246.lvcm.com	Dhcp058.246.lvcm.com							false	false	true	false	false	true	2009-12-30 11:47:23.0	2009-12-30 11:47:24.0	2001-01-17 00:05:18.0	125	292	46426065	Logic	Logic	0	true	0	true	false	false	2015-04-16 11:23:46.0	2001-01-20 21:59:00.0	2	6511																				854305709	854305708	false		false	891	-100	ig81id92kl4uagj2cga5nxka7iecfhx			false		false			false	true	
enwiki	user	create	2001-01-20 22:32:39.0		194203	745	Graham87											false	false	true																			12016183	6295612	PD950D145.dip.t-dialin.net	PD950D145.dip.t-dialin.net		nocreate					false	false	true	false	false	true	2010-03-27 16:07:31.0	2010-03-27 16:07:32.0	2001-01-20 22:32:39.0																		
enwiki	page	create	2001-01-20 22:32:39.0		12016183	6295612	PD950D145.dip.t-dialin.net	PD950D145.dip.t-dialin.net		nocreate					false	false	true	false	false	true	2010-03-27 16:07:31.0	2010-03-27 16:07:32.0	2001-01-20 22:32:39.0			11833	GerMany	GerMany	0	true	0	true	true	false	2001-01-20 22:32:39.0	2001-01-20 22:32:39.0																																							
enwiki	revision	create	2001-01-20 22:32:39.0	*	12016183	6295612	PD950D145.dip.t-dialin.net	PD950D145.dip.t-dialin.net		nocreate					false	false	true	false	false	true	2010-03-27 16:07:31.0	2010-03-27 16:07:32.0	2001-01-20 22:32:39.0	1		11833	GerMany	GerMany	0	true	0	true	true	false	2001-01-20 22:32:39.0	2001-01-20 22:32:39.0	1																					1268759950	0	false		false	130	130	nzkwnigrba589jxs5119yfsz1qryp1a			false		false			false	false	
enwiki	revision	create	2001-01-20 22:35:49.0	*	12016183	6295612	PD950D145.dip.t-dialin.net	PD950D145.dip.t-dialin.net		nocreate					false	false	true	false	false	true	2010-03-27 16:07:31.0	2010-03-27 16:07:32.0	2001-01-20 22:32:39.0	2	190	9167	EuroCurrency	EuroCurrency	0	true	0	true	true	false	2001-01-20 22:35:49.0	2001-01-20 22:35:49.0	1																					1269370929	0	false		false	330	330	c23pch3vc17zmk3gmr632n0730onz80			false		false			false	false	
enwiki	page	create	2001-01-20 22:35:49.0		12016183	6295612	PD950D145.dip.t-dialin.net	PD950D145.dip.t-dialin.net		nocreate					false	false	true	false	false	true	2010-03-27 16:07:31.0	2010-03-27 16:07:32.0	2001-01-20 22:32:39.0			9167	EuroCurrency	EuroCurrency	0	true	0	true	true	false	2001-01-20 22:35:49.0	2001-01-20 22:35:49.0																																							
enwiki	revision	create	2001-01-20 22:36:24.0	*			pD950D145.dip.t-dialin.net	pD950D145.dip.t-dialin.net										true								5058											2	88803																				241064	241063	false		false	589	0	sgstiweyiowcet8tl06xgdfi190c4k6			false		false			false	false	
enwiki	revision	create	2001-01-20 22:37:10.0	*	12016183	6295612	PD950D145.dip.t-dialin.net	PD950D145.dip.t-dialin.net		nocreate					false	false	true	false	false	true	2010-03-27 16:07:31.0	2010-03-27 16:07:32.0	2001-01-20 22:32:39.0	3	81	17744623	NewTopics	New_topics	0	true	4	false	false	false	2008-06-03 03:33:40.0	2001-01-17 00:16:37.0	7	54866																				1209542246	1209542245	false		false	583	25	lpqn618t35vlbx88j3ttlc0dihj0pju			false		false			false	true	
enwiki	revision	create	2001-01-20 22:40:24.0	*			pD950D145.dip.t-dialin.net	pD950D145.dip.t-dialin.net										true								22175											1																					271469	0	false		false	535	535	pgv4hrf3zjcm3b3shj5tv2i8gsyurq8			false		false			false	false	
enwiki	page	create	2001-01-20 22:59:17.0		12016183	6295612	PD950D145.dip.t-dialin.net	PD950D145.dip.t-dialin.net		nocreate					false	false	true	false	false	true	2010-03-27 16:07:31.0	2010-03-27 16:07:32.0	2001-01-20 22:32:39.0			22844	PrettyGoodPrivacy	PrettyGoodPrivacy	0	true	0	true	true	false	2001-01-20 22:59:17.0	2001-01-20 22:59:17.0																																							
enwiki	revision	create	2001-01-20 22:59:17.0	*	12016183	6295612	PD950D145.dip.t-dialin.net	PD950D145.dip.t-dialin.net		nocreate					false	false	true	false	false	true	2010-03-27 16:07:31.0	2010-03-27 16:07:32.0	2001-01-20 22:32:39.0	4	1327	22844	PrettyGoodPrivacy	PrettyGoodPrivacy	0	true	0	true	true	false	2001-01-20 22:59:17.0	2001-01-20 22:59:17.0	1																					1264706845	0	false		false	1288	1288	cwvf4p50mgmiz301qklt3ek043t1r5z			false		false			false	false	
enwiki	revision	create	2001-01-20 23:00:51.0	*	12016183	6295612	PD950D145.dip.t-dialin.net	PD950D145.dip.t-dialin.net		nocreate					false	false	true	false	false	true	2010-03-27 16:07:31.0	2010-03-27 16:07:32.0	2001-01-20 22:32:39.0	5	94	23486	Phil_Zimmermann	Phil_Zimmermann	0	true	0	true	false	false	2001-01-20 23:00:51.0	2001-01-20 23:00:51.0	1																					1264563916	0	false		false	242	242	n8keby6sklsitp6flsaeoynbigvbgxw			false		false			false	false	
enwiki	page	create	2001-01-20 23:00:51.0		12016183	6295612	PD950D145.dip.t-dialin.net	PD950D145.dip.t-dialin.net		nocreate					false	false	true	false	false	true	2010-03-27 16:07:31.0	2010-03-27 16:07:32.0	2001-01-20 22:32:39.0			23486	Phil_Zimmermann	Phil_Zimmermann	0	true	0	true	false	false	2001-01-20 23:00:51.0	2001-01-20 23:00:51.0																																							
enwiki	revision	create	2001-01-20 23:01:11.0	*	12016183	6295612	PD950D145.dip.t-dialin.net	PD950D145.dip.t-dialin.net		nocreate					false	false	true	false	false	true	2010-03-27 16:07:31.0	2010-03-27 16:07:32.0	2001-01-20 22:32:39.0	6	20	23486	Phil_Zimmermann	Phil_Zimmermann	0	true	0	true	false	false	2001-01-20 23:00:51.0	2001-01-20 23:00:51.0	2	20																				1264563917	1264563916	false		false	277	35	l955x7ypi7gwkmxf5l2tgcqocdhs7cg			false		false			false	false	
enwiki	revision	create	2001-01-21 01:14:51.0	The sabbath is a day of rest.			ffaxvahe5-4-211.cox.rr.com	ffaxvahe5-4-211.cox.rr.com										true								26603											1																					279634	0	false		false	191	191	n7ztzw1xw5rbohvq4szcw4dd9li26y6			false		false			false	false	
enwiki	user	create	2001-01-21 01:34:09.0		194203	745	Graham87											false	false	true																			11955143	6205992	Ffaxvahe5-4-211.cox.rr.com	Ffaxvahe5-4-211.cox.rr.com		nocreate					false	false	true	false	false	true	2010-03-19 12:28:29.0	2010-03-19 12:28:30.0	2001-01-21 01:34:09.0																		
enwiki	revision	create	2001-01-21 01:34:09.0	A brief overview of Germany, focusing on 20th-century east/west history	11955143	6205992	Ffaxvahe5-4-211.cox.rr.com	Ffaxvahe5-4-211.cox.rr.com		nocreate					false	false	true	false	false	true	2010-03-19 12:28:29.0	2010-03-19 12:28:30.0	2001-01-21 01:34:09.0	1		11833	GerMany	GerMany	0	true	0	true	true	false	2001-01-20 22:32:39.0	2001-01-20 22:32:39.0	2	10890																				1268759951	1268759950	false		false	2091	1961	a9jilgbhzaqod7cvjjt07xpzr1p8umb			false		false			false	false	
enwiki	revision	create	2001-01-21 01:35:59.0	*	11955143	6205992	Ffaxvahe5-4-211.cox.rr.com	Ffaxvahe5-4-211.cox.rr.com		nocreate					false	false	true	false	false	true	2010-03-19 12:28:29.0	2010-03-19 12:28:30.0	2001-01-21 01:34:09.0	2	110	9167	EuroCurrency	EuroCurrency	0	true	0	true	true	false	2001-01-20 22:35:49.0	2001-01-20 22:35:49.0	2	10810																				1269370930	1269370929	false		false	330	0	4xd19idcaosz4ihv41m2g9kvmlp2665			false		false			false	false	
enwiki	user	create	2001-01-21 02:03:58.0		194203	745	Graham87											false	false	true																			11947726	6195079	DIALUP337.TNNAS2.USIT.NET	DIALUP337.TNNAS2.USIT.NET		nocreate					false	false	true	false	false	true	2010-03-18 12:36:39.0	2010-03-18 12:36:40.0	2001-01-21 02:03:58.0																		
enwiki	revision	create	2001-01-21 02:03:58.0	*	11947726	6195079	DIALUP337.TNNAS2.USIT.NET	DIALUP337.TNNAS2.USIT.NET		nocreate					false	false	true	false	false	true	2010-03-18 12:36:39.0	2010-03-18 12:36:40.0	2001-01-21 02:03:58.0	1		23943555	JavaJini	JavaJini	2	false	2	false	false	false	2009-08-11 13:52:40.0	2001-01-21 02:03:58.0	1																					307361407	307361357	false		false	231	-15	a2satndw55h8phmne9gg3nq79cdwmz2			false		false			false	true	
enwiki	revision	create	2001-01-21 02:04:39.0	*	11947726	6195079	DIALUP337.TNNAS2.USIT.NET	DIALUP337.TNNAS2.USIT.NET		nocreate					false	false	true	false	false	true	2010-03-18 12:36:39.0	2010-03-18 12:36:40.0	2001-01-21 02:03:58.0	2	41	23943555	JavaJini	JavaJini	2	false	2	false	false	false	2009-08-11 13:52:40.0	2001-01-21 02:03:58.0	2	41																				307361408	307361357	false		false	276	30	9a95sm9d3euahy1myc9ksppnksxjbef			false		false			false	true	
enwiki	revision	create	2001-01-21 02:07:43.0	*	99	37738155	RoseParks	RoseParks							false	false	false	false	false	true	2001-01-21 02:12:21.0		2001-01-18 06:07:37.0	3	244593	5213	Computing	Computing	0	true	0	true	false	false	2001-01-16 20:11:02.0	2001-01-16 20:11:02.0	3	243086																				1271056281	1271056280	false		false	101	22	ohvakwmkscegc19q38we4pj3va5b0i5			false		false			false	false	
enwiki	revision	create	2001-01-21 02:12:21.0	*	99	37738155	RoseParks	RoseParks							false	false	false	false	false	true	2001-01-21 02:12:21.0		2001-01-18 06:07:37.0	4	278	10	AccessibleComputing	AccessibleComputing	0	true	0	true	true	false	2001-01-21 02:12:21.0	2001-01-21 02:12:21.0	1																					233192	0	false		false	124	124	8kul9tlwjm9oxgvqzbwuegt9b2830vw			false		false			false	false	
enwiki	page	create	2001-01-21 02:12:21.0		99	37738155	RoseParks	RoseParks							false	false	false	false	false	true	2001-01-21 02:12:21.0		2001-01-18 06:07:37.0			10	AccessibleComputing	AccessibleComputing	0	true	0	true	true	false	2001-01-21 02:12:21.0	2001-01-21 02:12:21.0																																							
enwiki	revision	create	2001-01-21 02:14:34.0	*	99	37738155	RoseParks	RoseParks							false	false	false	false	false	true	2001-01-21 02:12:21.0		2001-01-18 06:07:37.0	5	133	5213	Computing	Computing	0	true	0	true	false	false	2001-01-16 20:11:02.0	2001-01-16 20:11:02.0	4	411																				1271056282	1271056281	false		false	124	23	rhikkrtbk83pqor1vz71ocql2owdw6e			false		false			false	false	
enwiki	page	create	2001-01-21 02:30:08.0		11946325	6192840	C373514-a.provo1.ut.home.com	C373514-a.provo1.ut.home.com		nocreate					false	false	true	false	false	true	2010-03-18 07:35:40.0	2010-03-18 07:35:41.0	2001-01-21 02:30:08.0			20519	Mathematics_of_musical_scales	Mathematics_of_musical_scales	0	true	0	true	true	false	2001-01-21 02:30:08.0	2001-01-21 02:30:08.0																																							
enwiki	revision	create	2001-01-21 02:30:08.0	*	11946325	6192840	C373514-a.provo1.ut.home.com	C373514-a.provo1.ut.home.com		nocreate					false	false	true	false	false	true	2010-03-18 07:35:40.0	2010-03-18 07:35:41.0	2001-01-21 02:30:08.0	1		20519	Mathematics_of_musical_scales	Mathematics_of_musical_scales	0	true	0	true	true	false	2001-01-21 02:30:08.0	2001-01-21 02:30:08.0	1																					1270006799	0	false		false	150	150	616agf1pzwrjb9tjk0xliasab34htw3			false		false			false	false	
enwiki	user	create	2001-01-21 02:30:08.0		194203	745	Graham87											false	false	true																			11946325	6192840	C373514-a.provo1.ut.home.com	C373514-a.provo1.ut.home.com		nocreate					false	false	true	false	false	true	2010-03-18 07:35:40.0	2010-03-18 07:35:41.0	2001-01-21 02:30:08.0																		
enwiki	revision	create	2001-01-21 02:30:59.0	*	11946325	6192840	C373514-a.provo1.ut.home.com	C373514-a.provo1.ut.home.com		nocreate					false	false	true	false	false	true	2010-03-18 07:35:40.0	2010-03-18 07:35:41.0	2001-01-21 02:30:08.0	2	51	18743	MuSic	MuSic	0	true	0	true	true	false	2001-01-17 00:18:15.0	2001-01-17 00:18:15.0	7	29101																				1271289298	1271289297	false		false	588	-2	mws73uo6pav78frdjlxfxc72f3us3dj			false		false			false	false	
enwiki	revision	create	2001-01-21 03:42:47.0	*	43201001	68672662	2Cust2.tnt13.nyc1.da.uu.net	2Cust2.tnt13.nyc1.da.uu.net							false	false	true	false	false	true	2022-01-16 15:15:47.0	2022-01-16 15:15:48.0	2001-01-21 03:42:47.0	1		51205	What_is_a_wiki	What_is_a_wiki	4	false	4	false	true	false	2001-01-17 00:05:52.0	2001-01-17 00:05:52.0	18	21301																				1066049419	1066049418	false		false	516	25	b9xx0f37qkzio3uc9oj4kte35w4xu9y			false		true	1066049421	1298	false	false	
enwiki	user	create	2001-01-21 03:42:47.0		194203	745	Graham87											false	false	true																			43201001	68672662	2Cust2.tnt13.nyc1.da.uu.net	2Cust2.tnt13.nyc1.da.uu.net							false	false	true	false	false	true	2022-01-16 15:15:47.0	2022-01-16 15:15:48.0	2001-01-21 03:42:47.0																		
enwiki	revision	create	2001-01-21 03:56:21.0	*	43200977	68672636	P282-apx1.syd.ihug.com.au	P282-apx1.syd.ihug.com.au							false	false	true	false	false	true	2022-01-16 15:12:30.0	2022-01-16 15:12:30.0	2001-01-21 03:56:21.0	1		51205	What_is_a_wiki	What_is_a_wiki	4	false	4	false	true	false	2001-01-17 00:05:52.0	2001-01-17 00:05:52.0	19	814																				1066049420	1066049419	false		false	546	30	3i365vyffrws7zx5tlrz3kj1oplx6fb			false		true	1066049421	484	false	false	
enwiki	user	create	2001-01-21 03:56:21.0		194203	745	Graham87											false	false	true																			43200977	68672636	P282-apx1.syd.ihug.com.au	P282-apx1.syd.ihug.com.au							false	false	true	false	false	true	2022-01-16 15:12:30.0	2022-01-16 15:12:30.0	2001-01-21 03:56:21.0																		
enwiki	revision	create	2001-01-21 04:04:25.0	*	11327310	5299052	Dhcp058.246.lvcm.com	Dhcp058.246.lvcm.com							false	false	true	false	false	true	2009-12-30 11:47:23.0	2009-12-30 11:47:24.0	2001-01-17 00:05:18.0	126	21925	51205	What_is_a_wiki	What_is_a_wiki	4	false	4	false	true	false	2001-01-17 00:05:52.0	2001-01-17 00:05:52.0	20	484																				1066049421	1066049420	false		false	491	-55	dr2ne7zczq8u0ur8bq6txhp3c1givfh			false		false			true	false	
enwiki	revision	create	2001-01-21 04:07:26.0	*	11327310	5299052	Dhcp058.246.lvcm.com	Dhcp058.246.lvcm.com							false	false	true	false	false	true	2009-12-30 11:47:23.0	2009-12-30 11:47:24.0	2001-01-17 00:05:18.0	127	181	38406001	GoD	GoD	0	true	0	true	true	false	2013-02-03 03:13:27.0	2001-01-18 07:54:14.0	7	169785																				1271697615	1271697614	false		false	1129	13	cyykfkt3bq2ddu62hd48ihnew3anhlf			false		false			false	true	
enwiki	revision	create	2001-01-21 04:07:43.0	explain the Saturday/Sunday thing	49054913	77398579	Dwp.esri.com	Dwp.esri.com							false	false	true	false	false	true	2025-01-15 07:39:49.0	2025-01-15 07:39:49.0	2001-01-21 04:07:43.0	1		26603	SabBath	SabBath	0	true	0	true	true	false	2001-01-21 04:07:43.0	2001-01-21 04:07:43.0	2	10372																				1269557890	279634	false		false	604	413	oc3c396gjbfzxn71173hqupnxsriwif			false		false			false	false	
enwiki	page	create	2001-01-21 04:07:43.0		49054913	77398579	Dwp.esri.com	Dwp.esri.com							false	false	true	false	false	true	2025-01-15 07:39:49.0	2025-01-15 07:39:49.0	2001-01-21 04:07:43.0			26603	SabBath	SabBath	0	true	0	true	true	false	2001-01-21 04:07:43.0	2001-01-21 04:07:43.0																																							
enwiki	user	create	2001-01-21 04:07:43.0		194203	745	Graham87											false	false	true																			49054913	77398579	Dwp.esri.com	Dwp.esri.com							false	false	true	false	false	true	2025-01-15 07:39:49.0	2025-01-15 07:39:49.0	2001-01-21 04:07:43.0																		
enwiki	revision	create	2001-01-21 04:08:38.0	*	11327310	5299052	Dhcp058.246.lvcm.com	Dhcp058.246.lvcm.com							false	false	true	false	false	true	2009-12-30 11:47:23.0	2009-12-30 11:47:24.0	2001-01-17 00:05:18.0	128	72	38406001	GoD	GoD	0	true	0	true	true	false	2013-02-03 03:13:27.0	2001-01-18 07:54:14.0	8	72																				1271697616	1271697615	false		false	1149	20	efstti41cfyhh610r4vajol8y092cie			false		false			false	true	
enwiki	revision	create	2001-01-21 04:10:02.0	*	11327310	5299052	Dhcp058.246.lvcm.com	Dhcp058.246.lvcm.com							false	false	true	false	false	true	2009-12-30 11:47:23.0	2009-12-30 11:47:24.0	2001-01-17 00:05:18.0	129	84	26323569	HomePage	HomePage	0	true	0	true	true	false	2010-02-24 14:25:49.0	2001-01-15 19:27:13.0	34	72206																				908493331	908493330	false		false	857	14	ffhv62efhpiid1mc8wf8ml81pcldu4l			false		true	986116384	623958686	false	true	
enwiki	revision	create	2001-01-21 04:15:38.0	*	11327310	5299052	Dhcp058.246.lvcm.com	Dhcp058.246.lvcm.com							false	false	true	false	false	true	2009-12-30 11:47:23.0	2009-12-30 11:47:24.0	2001-01-17 00:05:18.0	130	336	20519	Mathematics_of_musical_scales	Mathematics_of_musical_scales	0	true	0	true	true	false	2001-01-21 02:30:08.0	2001-01-21 02:30:08.0	2	6330																				1270006800	1270006799	false		false	330	180	astgii949uxnzp6f9wxetisr6367fky			false		false			false	false	
enwiki	revision	create	2001-01-21 05:58:45.0	fix this	48944418	77235514	Adsl-63-193-147-77.dsl.lsan03.pacbell.net	Adsl-63-193-147-77.dsl.lsan03.pacbell.net							false	false	true	false	false	true	2024-12-23 01:34:19.0	2024-12-23 01:34:20.0	2001-01-21 05:58:45.0	1		15544	JohnnyCash	JohnnyCash	0	true	0	true	true	false	2001-01-21 05:58:45.0	2001-01-21 05:58:45.0	1																					1264692979	0	false		false	479	479	r6fzyac3rkh9ok9dcfs2nb5h30gwlas			false		false			false	false	
enwiki	user	create	2001-01-21 05:58:45.0		194203	745	Graham87											false	false	true																			48944418	77235514	Adsl-63-193-147-77.dsl.lsan03.pacbell.net	Adsl-63-193-147-77.dsl.lsan03.pacbell.net							false	false	true	false	false	true	2024-12-23 01:34:19.0	2024-12-23 01:34:20.0	2001-01-21 05:58:45.0																		
enwiki	page	create	2001-01-21 05:58:45.0		48944418	77235514	Adsl-63-193-147-77.dsl.lsan03.pacbell.net	Adsl-63-193-147-77.dsl.lsan03.pacbell.net							false	false	true	false	false	true	2024-12-23 01:34:19.0	2024-12-23 01:34:20.0	2001-01-21 05:58:45.0			15544	JohnnyCash	JohnnyCash	0	true	0	true	true	false	2001-01-21 05:58:45.0	2001-01-21 05:58:45.0																																							
enwiki	revision	create	2001-01-21 05:59:24.0	*	48944418	77235514	Adsl-63-193-147-77.dsl.lsan03.pacbell.net	Adsl-63-193-147-77.dsl.lsan03.pacbell.net							false	false	true	false	false	true	2024-12-23 01:34:19.0	2024-12-23 01:34:20.0	2001-01-21 05:58:45.0	2	39	15544	JohnnyCash	JohnnyCash	0	true	0	true	true	false	2001-01-21 05:58:45.0	2001-01-21 05:58:45.0	2	39																				1264692980	1264692979	false		false	480	1	k509orgo2mh0wgcuxh6elkdrqfcjiqn			false		false			false	false	
enwiki	revision	create	2001-01-21 06:11:56.0	*	49004301	77323683	H002078012038.ne.mediaone.net	H002078012038.ne.mediaone.net							false	false	true	false	false	true	2025-01-05 11:01:03.0	2025-01-05 11:01:04.0	2001-01-21 06:11:56.0	1		26513034	Pythagorean_Theorem	Pythagorean_theorem	9	false	0	true	false	false	2010-03-11 10:55:41.0	2001-01-18 05:52:48.0	4	259680																				1267500446	1267500445	false		false	1705	-4	gzmbnwm71gzhjqgzg8y25o8y22sjt4n			false		true	1267500449	162275	false	true	
enwiki	user	create	2001-01-21 06:11:56.0		194203	745	Graham87											false	false	true																			49004301	77323683	H002078012038.ne.mediaone.net	H002078012038.ne.mediaone.net							false	false	true	false	false	true	2025-01-05 11:01:03.0	2025-01-05 11:01:04.0	2001-01-21 06:11:56.0																		
enwiki	revision	create	2001-01-21 06:12:28.0	*	49004301	77323683	H002078012038.ne.mediaone.net	H002078012038.ne.mediaone.net							false	false	true	false	false	true	2025-01-05 11:01:03.0	2025-01-05 11:01:04.0	2001-01-21 06:11:56.0	2	32	26513034	Pythagorean_Theorem	Pythagorean_theorem	9	false	0	true	false	false	2010-03-11 10:55:41.0	2001-01-18 05:52:48.0	5	32																				1267500447	1267500446	false		false	1702	-3	kfrmmxn1wjiohm6v2p233881jxd1ub6			false		true	1267500449	162243	false	true	
enwiki	revision	create	2001-01-21 06:12:53.0	*	49004301	77323683	H002078012038.ne.mediaone.net	H002078012038.ne.mediaone.net							false	false	true	false	false	true	2025-01-05 11:01:03.0	2025-01-05 11:01:04.0	2001-01-21 06:11:56.0	3	25	26513034	Pythagorean_Theorem	Pythagorean_theorem	9	false	0	true	false	false	2010-03-11 10:55:41.0	2001-01-18 05:52:48.0	6	25																				1267500448	1267500447	false		false	1707	5	3dqd03zcz10bv8rhzerd2k1us90rrvz			false		true	1267500449	162218	false	true	
enwiki	user	create	2001-01-21 06:36:07.0		194203	745	Graham87											false	false	true																			43200966	68672622	M447.pro-ns.net	M447.pro-ns.net							false	false	true	false	false	true	2022-01-16 15:10:19.0	2022-01-16 15:10:19.0	2001-01-21 06:36:07.0																		
enwiki	revision	create	2001-01-21 06:36:07.0	*	43200966	68672622	M447.pro-ns.net	M447.pro-ns.net							false	false	true	false	false	true	2022-01-16 15:10:19.0	2022-01-16 15:10:19.0	2001-01-21 06:36:07.0	1		51205	What_is_a_wiki	What_is_a_wiki	4	false	4	false	true	false	2001-01-17 00:05:52.0	2001-01-17 00:05:52.0	21	9102																				1066049422	1066049421	false		false	498	7	4um0z1v8isb8pc51ygz8nawo1wm3w5w			false		false			false	false	
enwiki	revision	create	2001-01-21 06:38:15.0	* added "Jazz"	43200966	68672622	M447.pro-ns.net	M447.pro-ns.net							false	false	true	false	false	true	2022-01-16 15:10:19.0	2022-01-16 15:10:19.0	2001-01-21 06:36:07.0	2	128	18743	MuSic	MuSic	0	true	0	true	true	false	2001-01-17 00:18:15.0	2001-01-17 00:18:15.0	8	14836																				1271289299	1271289298	false		false	595	7	lqoio2pcnryptpgikty5tjevfa3b399			false		false			false	false	
enwiki	user	create	2001-01-21 06:41:10.0		194203	745	Graham87											false	false	true																			37033246	59136160	Sdn-ar-001payorkP102.dialsprint.net	Sdn-ar-001payorkP102.dialsprint.net		nocreate,noautoblock					false	false	true	false	false	true	2019-07-30 02:15:55.0	2019-07-30 02:15:56.0	2001-01-21 06:41:10.0																		
enwiki	revision	create	2001-01-21 06:41:10.0	*	37033246	59136160	Sdn-ar-001payorkP102.dialsprint.net	Sdn-ar-001payorkP102.dialsprint.net		nocreate,noautoblock					false	false	true	false	false	true	2019-07-30 02:15:55.0	2019-07-30 02:15:56.0	2001-01-21 06:41:10.0	1		26323569	HomePage	HomePage	0	true	0	true	true	false	2010-02-24 14:25:49.0	2001-01-15 19:27:13.0	35	9068																				908493332	908493331	false		false	857	0	ikyh6bntdfjemb37w0n2uf490l0d6wa			false		true	908493334	2900	false	true	
enwiki	page	create	2001-01-21 07:05:49.0		48968077	77270179	Proxy.mgtnwv.adelphia.net	Proxy.mgtnwv.adelphia.net							false	false	true	false	false	true	2024-12-28 13:28:22.0	2024-12-28 13:28:23.0	2001-01-21 07:05:49.0			1242	Ada_programming_language	Ada_(programming_language)	0	true	0	true	false	false	2001-01-21 07:05:49.0	2001-01-21 07:05:49.0																																							
enwiki	user	create	2001-01-21 07:05:49.0		194203	745	Graham87											false	false	true																			48968077	77270179	Proxy.mgtnwv.adelphia.net	Proxy.mgtnwv.adelphia.net							false	false	true	false	false	true	2024-12-28 13:28:22.0	2024-12-28 13:28:23.0	2001-01-21 07:05:49.0																		
enwiki	revision	create	2001-01-21 07:05:49.0	*	48968077	77270179	Proxy.mgtnwv.adelphia.net	Proxy.mgtnwv.adelphia.net							false	false	true	false	false	true	2024-12-28 13:28:22.0	2024-12-28 13:28:23.0	2001-01-21 07:05:49.0	1		1242	Ada_programming_language	Ada_(programming_language)	0	true	0	true	false	false	2001-01-21 07:05:49.0	2001-01-21 07:05:49.0	1																					1265905647	0	false		false	252	252	47848863ofh5uajk6kw11p2mzaljd9f			false		false			false	false	
enwiki	page	create	2001-01-21 07:10:35.0		48968077	77270179	Proxy.mgtnwv.adelphia.net	Proxy.mgtnwv.adelphia.net							false	false	true	false	false	true	2024-12-28 13:28:22.0	2024-12-28 13:28:23.0	2001-01-21 07:05:49.0			32905	West_Virginia	West_Virginia	0	true	0	true	false	false	2001-01-21 07:10:35.0	2001-01-21 07:10:35.0																																							
enwiki	revision	create	2001-01-21 07:10:35.0	*	48968077	77270179	Proxy.mgtnwv.adelphia.net	Proxy.mgtnwv.adelphia.net							false	false	true	false	false	true	2024-12-28 13:28:22.0	2024-12-28 13:28:23.0	2001-01-21 07:05:49.0	2	286	32905	West_Virginia	West_Virginia	0	true	0	true	false	false	2001-01-21 07:10:35.0	2001-01-21 07:10:35.0	1																					1265750685	0	false		false	417	417	2pjffc2822c2tjvxadg0x8ivkgt4bod			false		false			false	false	
enwiki	revision	create	2001-01-21 07:11:56.0	*	48968077	77270179	Proxy.mgtnwv.adelphia.net	Proxy.mgtnwv.adelphia.net							false	false	true	false	false	true	2024-12-28 13:28:22.0	2024-12-28 13:28:23.0	2001-01-21 07:05:49.0	3	81	32905	West_Virginia	West_Virginia	0	true	0	true	false	false	2001-01-21 07:10:35.0	2001-01-21 07:10:35.0	2	81																				1265750686	1265750685	false		false	474	57	8ohhmo31jopigahc0jb1uzbai4yn5ib			false		false			false	false	
enwiki	revision	create	2001-01-21 07:29:18.0	*	11327310	5299052	Dhcp058.246.lvcm.com	Dhcp058.246.lvcm.com							false	false	true	false	false	true	2009-12-30 11:47:23.0	2009-12-30 11:47:24.0	2001-01-17 00:05:18.0	131	11620	26323569	HomePage	HomePage	0	true	0	true	true	false	2010-02-24 14:25:49.0	2001-01-15 19:27:13.0	36	2888																				908493333	908493332	false		false	861	4	0kdahwijbjwktje5uqoolkeo2hs40fs			false		true	908493334	12	false	true	
enwiki	revision	create	2001-01-21 07:29:30.0	*	11327310	5299052	Dhcp058.246.lvcm.com	Dhcp058.246.lvcm.com							false	false	true	false	false	true	2009-12-30 11:47:23.0	2009-12-30 11:47:24.0	2001-01-17 00:05:18.0	132	12	26323569	HomePage	HomePage	0	true	0	true	true	false	2010-02-24 14:25:49.0	2001-01-15 19:27:13.0	37	12																				908493334	908493333	false		false	857	-4	ffhv62efhpiid1mc8wf8ml81pcldu4l			false		true	986116384	623946718	true	true	
enwiki	revision	create	2001-01-21 07:30:26.0	*	11327310	5299052	Dhcp058.246.lvcm.com	Dhcp058.246.lvcm.com							false	false	true	false	false	true	2009-12-30 11:47:23.0	2009-12-30 11:47:24.0	2001-01-17 00:05:18.0	133	56	15544	JohnnyCash	JohnnyCash	0	true	0	true	true	false	2001-01-21 05:58:45.0	2001-01-21 05:58:45.0	3	5462																				1264692981	1264692980	false		false	575	95	iv0aaj9lvctjfolwpbebey3tu6gveex			false		false			false	false	
enwiki	revision	create	2001-01-21 07:31:28.0	*	11327310	5299052	Dhcp058.246.lvcm.com	Dhcp058.246.lvcm.com							false	false	true	false	false	true	2009-12-30 11:47:23.0	2009-12-30 11:47:24.0	2001-01-17 00:05:18.0	134	62	15544	JohnnyCash	JohnnyCash	0	true	0	true	true	false	2001-01-21 05:58:45.0	2001-01-21 05:58:45.0	4	62																				1264692982	1264692981	false		false	575	0	i2q22cui6w5methixytr13n73c62szj			false		false			false	false	
enwiki	revision	create	2001-01-21 07:31:39.0	*	11946325	6192840	C373514-a.provo1.ut.home.com	C373514-a.provo1.ut.home.com		nocreate					false	false	true	false	false	true	2010-03-18 07:35:40.0	2010-03-18 07:35:41.0	2001-01-21 02:30:08.0	3	18040	32840	WikiPedia	WikiPedia	0	true	0	true	true	false	2001-01-15 19:52:32.0	2001-01-15 19:52:32.0	12	174969																				999508069	999508068	false		false	636	1	4vu28g68gymgw9e7k7cq38r25z7i2eu			false		false			false	false	
enwiki	revision	create	2001-01-21 07:58:57.0	*	11946325	6192840	C373514-a.provo1.ut.home.com	C373514-a.provo1.ut.home.com		nocreate					false	false	true	false	false	true	2010-03-18 07:35:40.0	2010-03-18 07:35:41.0	2001-01-21 02:30:08.0	4	1638	20519	Mathematics_of_musical_scales	Mathematics_of_musical_scales	0	true	0	true	true	false	2001-01-21 02:30:08.0	2001-01-21 02:30:08.0	3	13399																				1270006801	1270006800	false		false	415	85	alz695c9xkls8mbl4z9kahjg629uw26			false		false			false	false	
enwiki	revision	create	2001-01-21 08:11:26.0	When did WikiPedia start?	11946325	6192840	C373514-a.provo1.ut.home.com	C373514-a.provo1.ut.home.com		nocreate					false	false	true	false	false	true	2010-03-18 07:35:40.0	2010-03-18 07:35:41.0	2001-01-21 02:30:08.0	5	749	17743639	WikiPediaFaq	FAQ	0	true	4	false	false	false	2008-06-03 01:51:12.0	2001-01-17 01:12:24.0	13	37248																				1269545140	1269545139	false		false	3492	45	700qg2331ul0hm0feynccocw5i0k35c			false		false			false	true	
enwiki	revision	create	2001-01-21 08:47:28.0	*			141.151.146.xxx	141.151.146.xxx										true								51205	What_is_a_wiki	What_is_a_wiki	4	false	4	false	true	false	2001-01-17 00:05:52.0	2001-01-17 00:05:52.0	22	7881																				1066049423	1066049422	false		false	569	71	fjfwn41v4hfap5uzbvmbtx10eoqgi9h			false		false			false	false	
enwiki	revision	create	2001-01-21 09:02:16.0	*	43200952	68672599	Zeus.synflux.com.au	Zeus.synflux.com.au							false	false	true	false	false	true	2022-01-16 15:07:18.0	2022-01-16 15:07:18.0	2001-01-21 09:02:16.0	1		51205	What_is_a_wiki	What_is_a_wiki	4	false	4	false	true	false	2001-01-17 00:05:52.0	2001-01-17 00:05:52.0	23	888																				1066049424	1066049423	false		false	578	9	sklxuyd5l9865s2te8mn1wzxbx0kvhv			false		false			false	false	
enwiki	user	create	2001-01-21 09:02:16.0		194203	745	Graham87											false	false	true																			43200952	68672599	Zeus.synflux.com.au	Zeus.synflux.com.au							false	false	true	false	false	true	2022-01-16 15:07:18.0	2022-01-16 15:07:18.0	2001-01-21 09:02:16.0																		
enwiki	revision	create	2001-01-21 09:11:03.0	*	7800319		LarrySanger											false						1		17743639	WikiPediaFaq	FAQ	0	true	4	false	false	false	2008-06-03 01:51:12.0	2001-01-17 01:12:24.0	14	3577																				1269545142	1269545140	false		false	3908	416	fphxi1074r3qvq6gzs9z4c6t5ls6jzk			false		false			false	true	
enwiki	revision	create	2001-01-21 09:11:41.0	*	49044214	77382865	C-b340.036-25-6f736c2.cust.bredbandsbolaget.se	C-b340.036-25-6f736c2.cust.bredbandsbolaget.se							false	false	true	false	false	true	2025-01-13 07:37:54.0	2025-01-13 07:37:55.0	2001-01-21 09:11:41.0	1		5063	CountriesP	CountriesP	0	true	0	true	false	false	2001-01-20 09:23:43.0	2001-01-20 09:23:43.0	4	46682																				1269150837	1269150836	false		false	41	17	sz6mudsbsgsldv6b501heyigpaoj7ir			false		false			false	false	
enwiki	user	create	2001-01-21 09:11:41.0		194203	745	Graham87											false	false	true																			49044214	77382865	C-b340.036-25-6f736c2.cust.bredbandsbolaget.se	C-b340.036-25-6f736c2.cust.bredbandsbolaget.se							false	false	true	false	false	true	2025-01-13 07:37:54.0	2025-01-13 07:37:55.0	2001-01-21 09:11:41.0																		
enwiki	revision	create	2001-01-21 09:12:04.0	*	49044214	77382865	C-b340.036-25-6f736c2.cust.bredbandsbolaget.se	C-b340.036-25-6f736c2.cust.bredbandsbolaget.se							false	false	true	false	false	true	2025-01-13 07:37:54.0	2025-01-13 07:37:55.0	2001-01-21 09:11:41.0	2	23	5063	CountriesP	CountriesP	0	true	0	true	false	false	2001-01-20 09:23:43.0	2001-01-20 09:23:43.0	5	23																				1269150838	1269150837	false		false	42	1	nwep68cvl9uau589ciyifm6qf4pgzyf			false		false			false	false	
enwiki	revision	create	2001-01-21 09:12:39.0	*	49044214	77382865	C-b340.036-25-6f736c2.cust.bredbandsbolaget.se	C-b340.036-25-6f736c2.cust.bredbandsbolaget.se							false	false	true	false	false	true	2025-01-13 07:37:54.0	2025-01-13 07:37:55.0	2001-01-21 09:11:41.0	3	35	5063	CountriesP	CountriesP	0	true	0	true	false	false	2001-01-20 09:23:43.0	2001-01-20 09:23:43.0	6	35																				1269150839	1269150838	false		false	41	-1	7et0k45r90ee3hwaa24lpuwy43bv9b7			false		false			false	false	
enwiki	revision	create	2001-01-21 09:13:52.0	*	7800319		LarrySanger											false						2	169	51205	What_is_a_wiki	What_is_a_wiki	4	false	4	false	true	false	2001-01-17 00:05:52.0	2001-01-17 00:05:52.0	24	696																				1066049425	1066049424	false		false	659	81	9v845jqr9juhbjlr3rl7tpshk9k8e0p			false		false			false	false	
enwiki	user	create	2001-01-21 09:14:33.0		194203	745	Graham87											false	false	true																			43200934	68672578	Proxy3.senet.com.au	Proxy3.senet.com.au							false	false	true	false	false	true	2022-01-16 15:04:33.0	2022-01-16 15:04:34.0	2001-01-21 09:14:33.0																		
enwiki	revision	create	2001-01-21 09:14:33.0	*	43200934	68672578	Proxy3.senet.com.au	Proxy3.senet.com.au							false	false	true	false	false	true	2022-01-16 15:04:33.0	2022-01-16 15:04:34.0	2001-01-21 09:14:33.0	1		51205	What_is_a_wiki	What_is_a_wiki	4	false	4	false	true	false	2001-01-17 00:05:52.0	2001-01-17 00:05:52.0	25	41																				1066049426	1066049425	false		false	735	76	6l3jzlxpnrq7r68tiwf53ivowbo3uif			false		false			false	false	
enwiki	revision	create	2001-01-21 09:15:51.0	*	7800319		LarrySanger											false						3	119	5063	CountriesP	CountriesP	0	true	0	true	false	false	2001-01-20 09:23:43.0	2001-01-20 09:23:43.0	7	192																				1269150840	1269150839	false		false	39	-2	m9yil1yqppu5av4gr3bje9hnhydhh30			false		false			false	false	
enwiki	page	create	2001-01-21 09:17:05.0		49044214	77382865	C-b340.036-25-6f736c2.cust.bredbandsbolaget.se	C-b340.036-25-6f736c2.cust.bredbandsbolaget.se							false	false	true	false	false	true	2025-01-13 07:37:54.0	2025-01-13 07:37:55.0	2001-01-21 09:11:41.0			14480	IslandS	IslandS	0	true	0	true	true	false	2001-01-21 09:17:05.0	2001-01-21 09:17:05.0																																							
enwiki	revision	create	2001-01-21 09:17:05.0	*	49044214	77382865	C-b340.036-25-6f736c2.cust.bredbandsbolaget.se	C-b340.036-25-6f736c2.cust.bredbandsbolaget.se							false	false	true	false	false	true	2025-01-13 07:37:54.0	2025-01-13 07:37:55.0	2001-01-21 09:11:41.0	4	266	14480	IslandS	IslandS	0	true	0	true	true	false	2001-01-21 09:17:05.0	2001-01-21 09:17:05.0	1																					1269152881	0	false		false	120	120	lnrleiyegow48vv2xzhu9x8faps1bmr			false		false			false	false	
enwiki	user	create	2001-01-21 09:17:59.0		194203	745	Graham87											false	false	true																			12021977	6304218	Proxy8.senet.com.au	Proxy8.senet.com.au		nocreate					false	false	true	false	false	true	2010-03-28 14:17:22.0	2010-03-28 14:17:23.0	2001-01-21 09:17:59.0																		
enwiki	revision	create	2001-01-21 09:17:59.0		12021977	6304218	Proxy8.senet.com.au	Proxy8.senet.com.au		nocreate					false	false	true	false	false	true	2010-03-28 14:17:22.0	2010-03-28 14:17:23.0	2001-01-21 09:17:59.0	1		21077	NuPedia	NuPedia	0	true	0	true	true	false	2001-01-17 00:08:43.0	2001-01-17 00:08:43.0	3	353920																				952044827	952044826	false		false	406	132	0z4umel7fp3x72aihgur4025mntxrn1			true	2020-04-20 08:27:04.0	false			false	false	
enwiki	revision	create	2001-01-21 09:17:59.0	*	12021977	6304218	Proxy8.senet.com.au	Proxy8.senet.com.au		nocreate					false	false	true	false	false	true	2010-03-28 14:17:22.0	2010-03-28 14:17:23.0	2001-01-21 09:17:59.0	2	0	26155570	Nupedia	Nupedia	0	true	0	true	false	false	2010-02-11 02:26:10.0	2001-01-17 00:08:43.0	3	353920																				952046202	952046201	false		false	406	132	0z4umel7fp3x72aihgur4025mntxrn1			false		false			false	true	
enwiki	revision	create	2001-01-21 09:18:05.0	*	49044214	77382865	C-b340.036-25-6f736c2.cust.bredbandsbolaget.se	C-b340.036-25-6f736c2.cust.bredbandsbolaget.se							false	false	true	false	false	true	2025-01-13 07:37:54.0	2025-01-13 07:37:55.0	2001-01-21 09:11:41.0	5	60	5063	CountriesP	CountriesP	0	true	0	true	false	false	2001-01-20 09:23:43.0	2001-01-20 09:23:43.0	8	134																				1269150841	1269150840	false		false	40	1	jidxuxac4u40csw4u5rlkkzi42tyifl			false		false			false	false	
enwiki	revision	create	2001-01-21 09:19:10.0	*	49044214	77382865	C-b340.036-25-6f736c2.cust.bredbandsbolaget.se	C-b340.036-25-6f736c2.cust.bredbandsbolaget.se							false	false	true	false	false	true	2025-01-13 07:37:54.0	2025-01-13 07:37:55.0	2001-01-21 09:11:41.0	6	65	5063	CountriesP	CountriesP	0	true	0	true	false	false	2001-01-20 09:23:43.0	2001-01-20 09:23:43.0	9	65																				1269150842	1269150841	false		false	41	1	esgkdd7uosmgy1i81jjlehtl01aonk2			false		true	1269150843	30	false	false	
enwiki	revision	create	2001-01-21 09:19:27.0	*			proxy8.senet.com.au	proxy8.senet.com.au										true								26155570	Nupedia	Nupedia	0	true	0	true	false	false	2010-02-11 02:26:10.0	2001-01-17 00:08:43.0	4	88																				269588	0	false		false	530	530	0tnul1da9me2wvrc50u3prh18h7tghr			false		false			false	true	
enwiki	revision	create	2001-01-21 09:19:40.0	*	49044214	77382865	C-b340.036-25-6f736c2.cust.bredbandsbolaget.se	C-b340.036-25-6f736c2.cust.bredbandsbolaget.se							false	false	true	false	false	true	2025-01-13 07:37:54.0	2025-01-13 07:37:55.0	2001-01-21 09:11:41.0	7	30	5063	CountriesP	CountriesP	0	true	0	true	false	false	2001-01-20 09:23:43.0	2001-01-20 09:23:43.0	10	30																				1269150843	1269150842	false		false	40	-1	jidxuxac4u40csw4u5rlkkzi42tyifl			false		false			true	false	
enwiki	revision	create	2001-01-21 09:22:33.0	*	43200934	68672578	Proxy3.senet.com.au	Proxy3.senet.com.au							false	false	true	false	false	true	2022-01-16 15:04:33.0	2022-01-16 15:04:34.0	2001-01-21 09:14:33.0	2	480	22900278	Weekend_(disambiguation)	Weekend_(disambiguation)	0	true	0	true	false	false	2009-05-22 12:36:14.0	2001-01-20 07:41:26.0	6	41305																				1324557478	1324557477	false		false	3082	64	n2djkcrcseri6zqrirjx25orjkh0241			false		false			false	true	
enwiki	revision	create	2001-01-21 09:22:43.0	*	49044214	77382865	C-b340.036-25-6f736c2.cust.bredbandsbolaget.se	C-b340.036-25-6f736c2.cust.bredbandsbolaget.se							false	false	true	false	false	true	2025-01-13 07:37:54.0	2025-01-13 07:37:55.0	2001-01-21 09:11:41.0	8	183	5063	CountriesP	CountriesP	0	true	0	true	false	false	2001-01-20 09:23:43.0	2001-01-20 09:23:43.0	11	183																				1269150844	1269150843	false		false	40	0	fkvmsu4ecm9zzuhmzlnw08igpwdetk4			false		false			false	false	
enwiki	revision	create	2001-01-21 09:25:16.0	*			proxy7.senet.com.au	proxy7.senet.com.au										true								7856											1																					246325	0	false		false	2689	2689	klz9eqwj7d6jokr783gao7ok43i1kh1			false		false			false	false	
enwiki	revision	create	2001-01-21 09:34:13.0	*	7800319		LarrySanger											false						4	1102	8539050	Patent_nonsense	Patent_nonsense	4	false	4	false	false	false	2006-12-21 01:16:17.0	2001-01-21 09:34:13.0	1																					1066663104	0	false		false	1255	1255	nzjr2aruojqvm0pmcwfep2led90ds0o			false		false			false	true	
enwiki	revision	create	2001-01-21 09:35:47.0	*	12021969	6304205	Proxy7.senet.com.au	Proxy7.senet.com.au		nocreate					false	false	true	false	false	true	2010-03-28 14:15:49.0	2010-03-28 14:15:52.0	2001-01-21 09:35:47.0	1		5063	CountriesP	CountriesP	0	true	0	true	false	false	2001-01-20 09:23:43.0	2001-01-20 09:23:43.0	12	784																				1269150845	1269150844	false		false	47	7	hkgesg7mkfu9wvevlh18o1chcccto6a			false		false			false	false	
enwiki	user	create	2001-01-21 09:35:47.0		194203	745	Graham87											false	false	true																			12021969	6304205	Proxy7.senet.com.au	Proxy7.senet.com.au		nocreate					false	false	true	false	false	true	2010-03-28 14:15:49.0	2010-03-28 14:15:52.0	2001-01-21 09:35:47.0																		
enwiki	revision	create	2001-01-21 09:36:15.0	*	7800319		LarrySanger											false						5	122	8539050	Patent_nonsense	Patent_nonsense	4	false	4	false	false	false	2006-12-21 01:16:17.0	2001-01-21 09:34:13.0	2	122																				1066663105	1066663104	false		false	1272	17	9fd8y2815zsambyejcls8b4fhgq6sx2			false		false			false	true	
enwiki	user	create	2001-01-21 09:36:25.0		194203	745	Graham87											false	false	true																			49044207	77382848	Proxy1.senet.com.au	Proxy1.senet.com.au							false	false	true	false	false	true	2025-01-13 07:34:29.0	2025-01-13 07:34:30.0	2001-01-21 09:36:25.0																		
enwiki	revision	create	2001-01-21 09:36:25.0	*	49044207	77382848	Proxy1.senet.com.au	Proxy1.senet.com.au							false	false	true	false	false	true	2025-01-13 07:34:29.0	2025-01-13 07:34:30.0	2001-01-21 09:36:25.0	1		5063	CountriesP	CountriesP	0	true	0	true	false	false	2001-01-20 09:23:43.0	2001-01-20 09:23:43.0	13	38																				1269150846	1269150845	false		false	47	0	o4b17b381znnmh2dy3vdrogrprte8at			false		false			false	false	
enwiki	revision	create	2001-01-21 09:37:17.0	*	7800319		LarrySanger											false						6	62	5063	CountriesP	CountriesP	0	true	0	true	false	false	2001-01-20 09:23:43.0	2001-01-20 09:23:43.0	14	52																				1269150847	1269150846	false		false	103	56	20c4rx1s5lgmia7l61kx12jyjnqqztb			false		false			false	false	
enwiki	revision	create	2001-01-21 09:38:01.0	*	7800319		LarrySanger											false						7	44	5063	CountriesP	CountriesP	0	true	0	true	false	false	2001-01-20 09:23:43.0	2001-01-20 09:23:43.0	15	44																				1269150848	1269150847	false		false	117	14	jzx6310uhkgya2pljs0xau3m3v776px			false		false			false	false	
enwiki	revision	create	2001-01-21 09:38:26.0	*	43200934	68672578	Proxy3.senet.com.au	Proxy3.senet.com.au							false	false	true	false	false	true	2022-01-16 15:04:33.0	2022-01-16 15:04:34.0	2001-01-21 09:14:33.0	3	953	8539050	Patent_nonsense	Patent_nonsense	4	false	4	false	false	false	2006-12-21 01:16:17.0	2001-01-21 09:34:13.0	3	131																				1066663106	1066663105	false		false	1331	59	c30pjw7re1d3fmkk3x4tejfyec9p29q			false		false			false	true	
enwiki	revision	create	2001-01-21 09:39:37.0	*			proxy2.senet.com.au	proxy2.senet.com.au										true								14480	IslandS	IslandS	0	true	0	true	true	false	2001-01-21 09:17:05.0	2001-01-21 09:17:05.0	2	1352																				258440	0	false		false	186	186	39y4ig2g7ehuevhx4mnv62kw10r4bbk			false		false			false	false	
enwiki	user	create	2001-01-21 09:41:18.0		194203	745	Graham87											false	false	true																			49044192	77382826	Proxy6.senet.com.au	Proxy6.senet.com.au							false	false	true	false	false	true	2025-01-13 07:31:03.0	2025-01-13 07:31:04.0	2001-01-21 09:41:18.0																		
enwiki	revision	create	2001-01-21 09:41:18.0	*	49044192	77382826	Proxy6.senet.com.au	Proxy6.senet.com.au							false	false	true	false	false	true	2025-01-13 07:31:03.0	2025-01-13 07:31:04.0	2001-01-21 09:41:18.0	1		5063	CountriesP	CountriesP	0	true	0	true	false	false	2001-01-20 09:23:43.0	2001-01-20 09:23:43.0	16	197																				1269150849	1269150848	false		false	175	58	ihdi9uojvzmu7q201i8gcto84fvxt4k			false		false			false	false	
enwiki	revision	create	2001-01-21 09:42:26.0	*	7800319		LarrySanger											false						8	265	22848	PitcairnIsland	PitcairnIsland	0	true	0	true	true	false	2001-01-21 09:42:26.0	2001-01-21 09:42:26.0	1																					272853	0	false		false	350	350	l140soaizx5ty7rtwp2cf2xhn172735			false		false			false	false	
enwiki	page	create	2001-01-21 09:42:26.0		7800319	194394	LarrySanger											false								22848	PitcairnIsland	PitcairnIsland	0	true	0	true	true	false	2001-01-21 09:42:26.0	2001-01-21 09:42:26.0																																							
enwiki	revision	create	2001-01-21 09:42:47.0	*	7800319		LarrySanger											false						9	21	5063	CountriesP	CountriesP	0	true	0	true	false	false	2001-01-20 09:23:43.0	2001-01-20 09:23:43.0	17	89																				1269150850	1269150849	false		false	46	-129	749jv1d8jyn68w73jwewjsr7b8uhoh4			false		false			false	false	
enwiki	revision	create	2001-01-21 09:44:16.0	*	43200934	68672578	Proxy3.senet.com.au	Proxy3.senet.com.au							false	false	true	false	false	true	2022-01-16 15:04:33.0	2022-01-16 15:04:34.0	2001-01-21 09:14:33.0	4	350	5063	CountriesP	CountriesP	0	true	0	true	false	false	2001-01-20 09:23:43.0	2001-01-20 09:23:43.0	18	89																				1269150851	1269150850	false		false	71	25	fxz2deozhdw4rtgjx4dv9u07ey3mzua			false		false			false	false	
enwiki	revision	create	2001-01-21 09:51:21.0	*	7800319		LarrySanger											false						10	514	8539050	Patent_nonsense	Patent_nonsense	4	false	4	false	false	false	2006-12-21 01:16:17.0	2001-01-21 09:34:13.0	4	775																				1066663107	1066663106	false		false	1368	37	ei8quewa131bfm1okkp6xzma8fmpfno			false		false			false	true	
enwiki	revision	create	2001-01-21 09:52:31.0	*	43219595	68700167	Proxy4.senet.com.au	Proxy4.senet.com.au							false	false	true	false	false	true	2022-01-19 13:21:22.0	2022-01-19 13:21:23.0	2001-01-21 09:52:31.0	1		8539050	Patent_nonsense	Patent_nonsense	4	false	4	false	false	false	2006-12-21 01:16:17.0	2001-01-21 09:34:13.0	5	70																				1066663108	1066663107	false		false	1421	53	p5kdfs7jafu5b17s39mow2e650yl8nk			false		false			false	true	
enwiki	user	create	2001-01-21 09:52:31.0		194203	745	Graham87											false	false	true																			43219595	68700167	Proxy4.senet.com.au	Proxy4.senet.com.au							false	false	true	false	false	true	2022-01-19 13:21:22.0	2022-01-19 13:21:23.0	2001-01-21 09:52:31.0																		
enwiki	revision	create	2001-01-21 09:54:55.0	*	7800319		LarrySanger											false						11	214	8539050	Patent_nonsense	Patent_nonsense	4	false	4	false	false	false	2006-12-21 01:16:17.0	2001-01-21 09:34:13.0	6	144																				1066663109	1066663108	false		false	1433	12	bw8set762qp2pijeyq2aagi46unz1d0			false		false			false	true	
enwiki	revision	create	2001-01-21 09:58:45.0	*	7800319		LarrySanger											false						12	230	17743639	WikiPediaFaq	FAQ	0	true	4	false	false	false	2008-06-03 01:51:12.0	2001-01-17 01:12:24.0	15	2862																				1269545143	1269545142	false		false	3953	45	gaa12i70rksodrwdk6xp6lqdmvoq4q1			false		false			false	true	
enwiki	revision	create	2001-01-21 10:04:48.0	*	7800319		LarrySanger											false						13	363	17743639	WikiPediaFaq	FAQ	0	true	4	false	false	false	2008-06-03 01:51:12.0	2001-01-17 01:12:24.0	16	363																				1269545144	1269545143	false		false	4055	102	050qo8i36dmt5tfh44iu7r7mit089ps			false		false			false	true	
enwiki	revision	create	2001-01-21 10:19:17.0	*	7800319		LarrySanger											false						14	869	22900278	Weekend_(disambiguation)	Weekend_(disambiguation)	0	true	0	true	false	false	2009-05-22 12:36:14.0	2001-01-20 07:41:26.0	7	3404																				294280	0	true		false	3072	3072	6zuc720mruwvgu9cbr6xvkfe4j0zc4i			false		false			false	true	
enwiki	revision	create	2001-01-21 10:30:50.0	*	49098989	77464141	P58-max4.dun.ihug.co.nz	P58-max4.dun.ihug.co.nz							false	false	true	false	false	true	2025-01-23 11:35:08.0	2025-01-23 11:35:09.0	2001-01-21 10:30:50.0	1		29675	TheBible	TheBible	0	true	0	true	true	false	2001-01-18 13:38:46.0	2001-01-18 13:38:46.0	5	89440																				1271296511	1271296510	false		false	1096	240	8w9m30y7b4q5s1p8pw8jw7cv5a12p08			false		false			false	false	
enwiki	user	create	2001-01-21 10:30:50.0		194203	745	Graham87											false	false	true																			49098989	77464141	P58-max4.dun.ihug.co.nz	P58-max4.dun.ihug.co.nz							false	false	true	false	false	true	2025-01-23 11:35:08.0	2025-01-23 11:35:09.0	2001-01-21 10:30:50.0																		
enwiki	revision	create	2001-01-21 10:33:01.0	*	49098989	77464141	P58-max4.dun.ihug.co.nz	P58-max4.dun.ihug.co.nz							false	false	true	false	false	true	2025-01-23 11:35:08.0	2025-01-23 11:35:09.0	2001-01-21 10:30:50.0	2	131	29675	TheBible	TheBible	0	true	0	true	true	false	2001-01-18 13:38:46.0	2001-01-18 13:38:46.0	6	131																				1271296512	1271296511	false		false	1111	15	dh95uqszezll33ahnqsl1ggwemvwe48			false		false			false	false	
enwiki	user	create	2001-01-21 11:55:26.0		194203	745	Graham87											false	false	true																			49049885	77391125	PD905534C.dip.t-dialin.net	PD905534C.dip.t-dialin.net							false	false	true	false	false	true	2025-01-14 09:28:54.0	2025-01-14 09:28:55.0	2001-01-21 11:55:26.0																		
enwiki	revision	create	2001-01-21 11:55:26.0	*	49049885	77391125	PD905534C.dip.t-dialin.net	PD905534C.dip.t-dialin.net							false	false	true	false	false	true	2025-01-14 09:28:54.0	2025-01-14 09:28:55.0	2001-01-21 11:55:26.0	1		9167	EuroCurrency	EuroCurrency	0	true	0	true	true	false	2001-01-20 22:35:49.0	2001-01-20 22:35:49.0	3	37167																				1269370931	1269370930	false		false	995	665	m6jnbwa27xfvbhazqngcqsk9anwtckb			false		false			false	false	
enwiki	user	create	2001-01-21 12:07:21.0		194203	745	Graham87											false	false	true																			12015096	6293920	NCHM02A45.RMT.UTK.EDU	NCHM02A45.RMT.UTK.EDU		nocreate					false	false	true	false	false	true	2010-03-27 12:53:51.0	2010-03-27 12:53:52.0	2001-01-21 12:07:21.0																		
enwiki	revision	create	2001-01-21 12:07:21.0	*	12015096	6293920	NCHM02A45.RMT.UTK.EDU	NCHM02A45.RMT.UTK.EDU		nocreate					false	false	true	false	false	true	2010-03-27 12:53:51.0	2010-03-27 12:53:52.0	2001-01-21 12:07:21.0	1		22844	PrettyGoodPrivacy	PrettyGoodPrivacy	0	true	0	true	true	false	2001-01-20 22:59:17.0	2001-01-20 22:59:17.0	2	47284																				272847	0	true		false	1313	1313	mibpe52u6zck802y8qqkzutdo218i1v			false		false			false	false	
enwiki	revision	create	2001-01-21 12:15:19.0	*	43200918	68672551	Ae07101.powerup.com.au	Ae07101.powerup.com.au							false	false	true	false	false	true	2022-01-16 15:01:35.0	2022-01-16 15:01:36.0	2001-01-21 12:15:19.0	1		51205	What_is_a_wiki	What_is_a_wiki	4	false	4	false	true	false	2001-01-17 00:05:52.0	2001-01-17 00:05:52.0	26	10846																				1066049427	1066049426	false		false	915	180	72njqb5v08alvlyhf8vnnnnamze5hju			false		false			false	false	
enwiki	user	create	2001-01-21 12:15:19.0		194203	745	Graham87											false	false	true																			43200918	68672551	Ae07101.powerup.com.au	Ae07101.powerup.com.au							false	false	true	false	false	true	2022-01-16 15:01:35.0	2022-01-16 15:01:36.0	2001-01-21 12:15:19.0																		
enwiki	user	create	2001-01-21 13:13:52.0		194203	745	Graham87											false	false	true																			49044393	77383166	C124162.upc-c.chello.nl	C124162.upc-c.chello.nl							false	false	true	false	false	true	2025-01-13 08:37:32.0	2025-01-13 08:37:33.0	2001-01-21 13:13:52.0																		
enwiki	revision	create	2001-01-21 13:13:52.0	*	49044393	77383166	C124162.upc-c.chello.nl	C124162.upc-c.chello.nl							false	false	true	false	false	true	2025-01-13 08:37:32.0	2025-01-13 08:37:33.0	2001-01-21 13:13:52.0	1		5061	CountriesN	CountriesN	0	true	0	true	false	false	2001-01-19 06:50:25.0	2001-01-19 06:50:25.0	3	68217																				1269156271	1269156270	false		false	29	12	bcrslhm0psj2x35lpsb0jq1ocrh7h93			false		false			false	false	
enwiki	page	create	2001-01-21 17:32:33.0		10164500	3603764	IvoryRing	IvoryRing							false	false	true	false	false	true	2009-07-22 03:13:43.0	2009-07-22 03:13:44.0	2001-01-20 17:16:42.0			26458	Rosa_Parks	Rosa_Parks	0	true	0	true	false	false	2001-01-21 17:32:33.0	2001-01-21 17:32:33.0																																							
enwiki	revision	create	2001-01-21 17:32:33.0	*	10164500	3603764	IvoryRing	IvoryRing							false	false	true	false	false	true	2009-07-22 03:13:43.0	2009-07-22 03:13:44.0	2001-01-20 17:16:42.0	4	76734	26458	Rosa_Parks	Rosa_Parks	0	true	0	true	false	false	2001-01-21 17:32:33.0	2001-01-21 17:32:33.0	1																					1264245648	0	false		false	186	186	ols6zhodyj63skd57k4733zn39l8ucg			false		false			false	false	
enwiki	revision	create	2001-01-21 17:33:33.0	*	10164500	3603764	IvoryRing	IvoryRing							false	false	true	false	false	true	2009-07-22 03:13:43.0	2009-07-22 03:13:44.0	2001-01-20 17:16:42.0	5	60	5061	CountriesN	CountriesN	0	true	0	true	false	false	2001-01-19 06:50:25.0	2001-01-19 06:50:25.0	4	15581																				1269156272	1269156271	false		false	29	0	j559hda7d7ldrrsulvyzrge1l08x6p8			false		false			false	false	
enwiki	user	create	2001-01-21 20:31:54.0		32609824	37415973	LinusTolke	LinusTolke							false	true	false	false	false	true	2017-12-12 19:30:57.0	2017-12-12 19:30:58.0	2001-01-21 20:31:54.0																32609824	37415973	LinusTolke	LinusTolke							false	true	false	false	false	true	2017-12-12 19:30:57.0	2017-12-12 19:30:58.0	2001-01-21 20:31:54.0																		
enwiki	page	create	2001-01-21 20:31:54.0		32609824	37415973	LinusTolke	LinusTolke							false	true	false	false	false	true	2017-12-12 19:30:57.0	2017-12-12 19:30:58.0	2001-01-21 20:31:54.0			5069	CountriesU	CountriesU	0	true	0	true	false	false	2001-01-21 20:31:54.0	2001-01-21 20:31:54.0																																							
enwiki	revision	create	2001-01-21 20:31:54.0	*	32609824	37415973	LinusTolke	LinusTolke							false	true	false	false	false	true	2017-12-12 19:30:57.0	2017-12-12 19:30:58.0	2001-01-21 20:31:54.0	1		5069	CountriesU	CountriesU	0	true	0	true	false	false	2001-01-21 20:31:54.0	2001-01-21 20:31:54.0	1																					1269181544	0	false		false	12	12	74n28odusbayq9hgu652nen6b0vw1bu			false		false			false	false	
enwiki	revision	create	2001-01-21 20:35:48.0	*	7792258	41338285	LinusTolke	LinusTolke~enwiki		nocreate,noemail,nousertalk					true	false	false	false	false	true	2008-09-05 19:23:05.0	2008-09-05 19:23:06.0	2001-01-21 20:35:48.0	1		26618	SwedishLanguage	SwedishLanguage	0	true	0	true	true	false	2001-01-21 20:35:48.0	2001-01-21 20:35:48.0	1																					536295178	15923175	false		false	70	40	5xqkby2392mwqhb0nhs9ond3a0vw6fb			false		false			false	false	
enwiki	page	create	2001-01-21 20:35:48.0		7792258	41338285	LinusTolke	LinusTolke~enwiki		nocreate,noemail,nousertalk					true	false	false	false	false	true	2008-09-05 19:23:05.0	2008-09-05 19:23:06.0	2001-01-21 20:35:48.0			26618	SwedishLanguage	SwedishLanguage	0	true	0	true	true	false	2001-01-21 20:35:48.0	2001-01-21 20:35:48.0																																							
enwiki	user	create	2001-01-21 20:35:48.0		7792258	41338285	LinusTolke	LinusTolke~enwiki		nocreate,noemail,nousertalk					true	false	false	false	false	true	2008-09-05 19:23:05.0	2008-09-05 19:23:06.0	2001-01-21 20:35:48.0																7792258	41338285	LinusTolke	LinusTolke~enwiki		nocreate,noemail,nousertalk					true	false	false	false	false	true	2008-09-05 19:23:05.0	2008-09-05 19:23:06.0	2001-01-21 20:35:48.0																		
enwiki	revision	create	2001-01-21 21:02:27.0	*			sdn-ar-005nvlvegP151.dialsprint.net	sdn-ar-005nvlvegP151.dialsprint.net										true								29674	TheKoran	TheKoran	0	true	0	true	true	false	2001-01-18 04:19:44.0	2001-01-18 04:19:44.0	6	106646																				286347	0	true		false	1818	1818	tezxxdpbzo4c7m03zd8rkcocmrgdxvt			false		false			false	false	
enwiki	user	create	2001-01-21 21:06:57.0		194203	745	Graham87											false	false	true																			12029132	6314725	Sdn-ar-005nvlvegP151.dialsprint.net	Sdn-ar-005nvlvegP151.dialsprint.net		nocreate					false	false	true	false	false	true	2010-03-29 13:13:45.0	2010-03-29 13:13:47.0	2001-01-21 21:06:57.0																		
enwiki	revision	create	2001-01-21 21:06:57.0	*	12029132	6314725	Sdn-ar-005nvlvegP151.dialsprint.net	Sdn-ar-005nvlvegP151.dialsprint.net		nocreate					false	false	true	false	false	true	2010-03-29 13:13:45.0	2010-03-29 13:13:47.0	2001-01-21 21:06:57.0	1		26458	Rosa_Parks	Rosa_Parks	0	true	0	true	false	false	2001-01-21 17:32:33.0	2001-01-21 17:32:33.0	2	12864																				369531801	369531774	false		false	212	-62534	l4vbngk7yr4mbe6zc5ue4hny5z7dkes			false		false			false	false	
enwiki	revision	create	2001-01-21 21:44:48.0	*	9161929	2147580	KlausSeistrup	KlausSeistrup							false	false	true	false	false	true	2009-03-08 07:54:44.0	2009-03-08 07:54:45.0	2001-01-21 21:44:48.0	1		38406074	DenmarK	DenmarK	0	true	0	true	true	false	2001-01-21 21:44:48.0	2001-01-21 21:44:48.0	1																					536295073	0	false		false	26	26	9x2eatudiyudordd4c25ysu2wso9ohr			false		false			false	false	
enwiki	page	create	2001-01-21 21:44:48.0		9161929	2147580	KlausSeistrup	KlausSeistrup							false	false	true	false	false	true	2009-03-08 07:54:44.0	2009-03-08 07:54:45.0	2001-01-21 21:44:48.0			38406074	DenmarK	DenmarK	0	true	0	true	true	false	2001-01-21 21:44:48.0	2001-01-21 21:44:48.0																																							
enwiki	user	create	2001-01-21 21:44:48.0		194203	745	Graham87											false	false	true																			9161929	2147580	KlausSeistrup	KlausSeistrup							false	false	true	false	false	true	2009-03-08 07:54:44.0	2009-03-08 07:54:45.0	2001-01-21 21:44:48.0																		
enwiki	revision	create	2001-01-21 21:47:41.0	*	9161929	2147580	KlausSeistrup	KlausSeistrup							false	false	true	false	false	true	2009-03-08 07:54:44.0	2009-03-08 07:54:45.0	2001-01-21 21:44:48.0	2	173	21870297	KlausSeistrup	KlausSeistrup	2	false	2	false	false	false	2009-03-08 07:53:20.0	2001-01-21 21:47:41.0	1																					1163916640	0	false		false	25	25	t64xazr1zqpw6lf6me5dvdji2waoyyo			false		false			false	true	
enwiki	revision	create	2001-01-21 21:48:56.0	*	9161929	2147580	KlausSeistrup	KlausSeistrup							false	false	true	false	false	true	2009-03-08 07:54:44.0	2009-03-08 07:54:45.0	2001-01-21 21:44:48.0	3	75	21870297	KlausSeistrup	KlausSeistrup	2	false	2	false	false	false	2009-03-08 07:53:20.0	2001-01-21 21:47:41.0	2	75																				1163916641	1163916640	false		false	85	60	cyso2fbspyk65k2v3g8ra7seo5ed0i2			false		false			false	true	
enwiki	revision	create	2001-01-21 22:04:12.0	*			192.107.13.xxx	192.107.13.xxx										true								18743	MuSic	MuSic	0	true	0	true	true	false	2001-01-17 00:18:15.0	2001-01-17 00:18:15.0	9	55557																				1271289300	1271289299	false		false	608	13	ilpg4eqph83oxxmrnlxlc3soc8ugmu4			false		false			false	false	
enwiki	revision	create	2001-01-21 22:05:01.0	*			192.107.13.xxx	192.107.13.xxx										true								18743	MuSic	MuSic	0	true	0	true	true	false	2001-01-17 00:18:15.0	2001-01-17 00:18:15.0	10	49																				1271289301	1271289300	false		false	608	0	n4ixmthdb3j1kktyhl6tisj3arftxbw			false		false			false	false	
enwiki	revision	create	2001-01-21 22:09:35.0	*	9161929	2147580	KlausSeistrup	KlausSeistrup							false	false	true	false	false	true	2009-03-08 07:54:44.0	2009-03-08 07:54:45.0	2001-01-21 21:44:48.0	4	1239	21870297	KlausSeistrup	KlausSeistrup	2	false	2	false	false	false	2009-03-08 07:53:20.0	2001-01-21 21:47:41.0	3	1239																				1163916642	1163916641	false		false	114	29	c65buvxhj55lnenryishjws1agyjzdo			false		false			false	true	
enwiki	revision	create	2001-01-21 22:21:44.0	*	11946325	6192840	C373514-a.provo1.ut.home.com	C373514-a.provo1.ut.home.com		nocreate					false	false	true	false	false	true	2010-03-18 07:35:40.0	2010-03-18 07:35:41.0	2001-01-21 02:30:08.0	6	51018	26323569	HomePage	HomePage	0	true	0	true	true	false	2010-02-24 14:25:49.0	2001-01-15 19:27:13.0	38	53534																				908493335	908493334	false		false	868	11	pks905890jcf5nnh52bmhhjl58bzczo			false		true	986116384	623893184	false	true	
enwiki	revision	create	2001-01-21 22:24:21.0	*			c373514-a.provo1.ut.home.com	c373514-a.provo1.ut.home.com										true								3284											1																					237885	0	false		false	50	50	2o8hviggwoib6jx6kjh7lo9n5esfmgc			false		false			false	false	
enwiki	revision	create	2001-01-21 22:55:24.0	*	32609824	37415973	LinusTolke	LinusTolke							false	true	false	false	false	true	2017-12-12 19:30:57.0	2017-12-12 19:30:58.0	2001-01-21 20:31:54.0	2	8610	5054	CountriesOfTheWorld	CountriesOfTheWorld	0	true	0	true	true	false	2001-01-16 19:02:46.0	2001-01-16 19:02:46.0	12	228044																				1264750691	1264750690	false		false	1092	137	h0vjdegqu7rr6yur6259keebivfinxa			false		false			false	false	
enwiki	page	create	2001-01-21 23:00:32.0		32609824	37415973	LinusTolke	LinusTolke							false	true	false	false	false	true	2017-12-12 19:30:57.0	2017-12-12 19:30:58.0	2001-01-21 20:31:54.0			14	AfghanistanGeography	AfghanistanGeography	0	true	0	true	true	false	2001-01-21 23:00:32.0	2001-01-21 23:00:32.0																																							
enwiki	revision	create	2001-01-21 23:00:32.0	*	32609824	37415973	LinusTolke	LinusTolke							false	true	false	false	false	true	2017-12-12 19:30:57.0	2017-12-12 19:30:58.0	2001-01-21 20:31:54.0	3	308	14	AfghanistanGeography	AfghanistanGeography	0	true	0	true	true	false	2001-01-21 23:00:32.0	2001-01-21 23:00:32.0	1																					233198	0	false		false	1663	1663	gbgp40xyf1evutj2bcq1zc60bfyf68j			false		false			false	false	
enwiki	page	create	2001-01-21 23:01:07.0		32609824	37415973	LinusTolke	LinusTolke							false	true	false	false	false	true	2017-12-12 19:30:57.0	2017-12-12 19:30:58.0	2001-01-21 20:31:54.0			15	AfghanistanPeople	AfghanistanPeople	0	true	0	true	true	false	2001-01-21 23:01:07.0	2001-01-21 23:01:07.0																																							
enwiki	revision	create	2001-01-21 23:01:07.0	*	32609824	37415973	LinusTolke	LinusTolke							false	true	false	false	false	true	2017-12-12 19:30:57.0	2017-12-12 19:30:58.0	2001-01-21 20:31:54.0	4	35	15	AfghanistanPeople	AfghanistanPeople	0	true	0	true	true	false	2001-01-21 23:01:07.0	2001-01-21 23:01:07.0	1																					233200	0	false		false	1601	1601	lbz49utust81r78fu0zak3umnzaczwh			false		false			false	false	
enwiki	page	create	2001-01-21 23:02:12.0		32609824	37415973	LinusTolke	LinusTolke							false	true	false	false	false	true	2017-12-12 19:30:57.0	2017-12-12 19:30:58.0	2001-01-21 20:31:54.0			9895	Economy_of_Afghanistan	Economy_of_Afghanistan	0	true	0	true	false	false	2001-01-21 23:02:12.0	2001-01-21 23:02:12.0																																							
enwiki	revision	create	2001-01-21 23:02:12.0	*	32609824	37415973	LinusTolke	LinusTolke							false	true	false	false	false	true	2017-12-12 19:30:57.0	2017-12-12 19:30:58.0	2001-01-21 20:31:54.0	5	65	9895	Economy_of_Afghanistan	Economy_of_Afghanistan	0	true	0	true	false	false	2001-01-21 23:02:12.0	2001-01-21 23:02:12.0	1																					233202	0	false		false	4077	4077	csqn8bhz7rx8mv7k1g8nhx44q0hcwfq			false		false			false	false	
enwiki	revision	create	2001-01-21 23:02:29.0	*	32609824	37415973	LinusTolke	LinusTolke							false	true	false	false	false	true	2017-12-12 19:30:57.0	2017-12-12 19:30:58.0	2001-01-21 20:31:54.0	6	17	18	AfghanistanCommunications	AfghanistanCommunications	0	true	0	true	true	false	2001-01-21 23:02:29.0	2001-01-21 23:02:29.0	1																					233203	0	false		false	1159	1159	hssqyt4lp4fvkbkrpo3az4r813js99x			false		false			false	false	
enwiki	page	create	2001-01-21 23:02:29.0		32609824	37415973	LinusTolke	LinusTolke							false	true	false	false	false	true	2017-12-12 19:30:57.0	2017-12-12 19:30:58.0	2001-01-21 20:31:54.0			18	AfghanistanCommunications	AfghanistanCommunications	0	true	0	true	true	false	2001-01-21 23:02:29.0	2001-01-21 23:02:29.0																																							
enwiki	page	create	2001-01-21 23:02:45.0		32609824	37415973	LinusTolke	LinusTolke							false	true	false	false	false	true	2017-12-12 19:30:57.0	2017-12-12 19:30:58.0	2001-01-21 20:31:54.0			19	AfghanistanTransportations	AfghanistanTransportations	0	true	0	true	true	false	2001-01-21 23:02:45.0	2001-01-21 23:02:45.0																																							
enwiki	revision	create	2001-01-21 23:02:45.0	*	32609824	37415973	LinusTolke	LinusTolke							false	true	false	false	false	true	2017-12-12 19:30:57.0	2017-12-12 19:30:58.0	2001-01-21 20:31:54.0	7	16	19	AfghanistanTransportations	AfghanistanTransportations	0	true	0	true	true	false	2001-01-21 23:02:45.0	2001-01-21 23:02:45.0	1																					233204	0	false		false	927	927	56xm42wh5ct4wcshjrv3wmhklefjy5p			false		false			false	false	
enwiki	revision	create	2001-01-21 23:03:04.0	*	32609824	37415973	LinusTolke	LinusTolke							false	true	false	false	false	true	2017-12-12 19:30:57.0	2017-12-12 19:30:58.0	2001-01-21 20:31:54.0	8	19	20	AfghanistanMilitary	AfghanistanMilitary	0	true	0	true	true	false	2001-01-21 23:03:04.0	2001-01-21 23:03:04.0	1																					233205	0	false		false	718	718	bmexa0xxumuzoq2i6tbe6kt28iqjztc			false		false			false	false	
enwiki	page	create	2001-01-21 23:03:04.0		32609824	37415973	LinusTolke	LinusTolke							false	true	false	false	false	true	2017-12-12 19:30:57.0	2017-12-12 19:30:58.0	2001-01-21 20:31:54.0			20	AfghanistanMilitary	AfghanistanMilitary	0	true	0	true	true	false	2001-01-21 23:03:04.0	2001-01-21 23:03:04.0																																							
enwiki	revision	create	2001-01-21 23:03:18.0	*	32609824	37415973	LinusTolke	LinusTolke							false	true	false	false	false	true	2017-12-12 19:30:57.0	2017-12-12 19:30:58.0	2001-01-21 20:31:54.0	9	14	21	AfghanistanTransnationalIssues	AfghanistanTransnationalIssues	0	true	0	true	true	false	2001-01-21 23:03:18.0	2001-01-21 23:03:18.0	1																					233206	0	false		false	523	523	6ncyskx3mah5q0csk5hwgeq0sa3d2su			false		false			false	false	
enwiki	page	create	2001-01-21 23:03:18.0		32609824	37415973	LinusTolke	LinusTolke							false	true	false	false	false	true	2017-12-12 19:30:57.0	2017-12-12 19:30:58.0	2001-01-21 20:31:54.0			21	AfghanistanTransnationalIssues	AfghanistanTransnationalIssues	0	true	0	true	true	false	2001-01-21 23:03:18.0	2001-01-21 23:03:18.0																																							
enwiki	page	create	2001-01-21 23:11:31.0		11946325	6192840	C373514-a.provo1.ut.home.com	C373514-a.provo1.ut.home.com		nocreate					false	false	true	false	false	true	2010-03-18 07:35:40.0	2010-03-18 07:35:41.0	2001-01-21 02:30:08.0			336	Altruism	Altruism	0	true	0	true	false	false	2001-01-21 23:11:31.0	2001-01-21 23:11:31.0																																							
enwiki	revision	create	2001-01-21 23:11:31.0	*	11946325	6192840	C373514-a.provo1.ut.home.com	C373514-a.provo1.ut.home.com		nocreate					false	false	true	false	false	true	2010-03-18 07:35:40.0	2010-03-18 07:35:41.0	2001-01-21 02:30:08.0	7	2987	336	Altruism	Altruism	0	true	0	true	false	false	2001-01-21 23:11:31.0	2001-01-21 23:11:31.0	1																					1320694247	0	false		false	654	654	l74trqduezyfqvwia4ub1h7bvv9uwmz			false		false			false	false	
enwiki	revision	create	2001-01-21 23:11:59.0	*	7800319		LarrySanger											false						15	46362	8539050	Patent_nonsense	Patent_nonsense	4	false	4	false	false	false	2006-12-21 01:16:17.0	2001-01-21 09:34:13.0	7	47824																				1066663110	1066663109	false		false	1445	12	n4s6hjp5hbign33r1yq50dt79ey9o4w			false		false			false	true	
enwiki	revision	create	2001-01-21 23:16:09.0	*	11946325	6192840	C373514-a.provo1.ut.home.com	C373514-a.provo1.ut.home.com		nocreate					false	false	true	false	false	true	2010-03-18 07:35:40.0	2010-03-18 07:35:41.0	2001-01-21 02:30:08.0	8	278	21870297	KlausSeistrup	KlausSeistrup	2	false	2	false	false	false	2009-03-08 07:53:20.0	2001-01-21 21:47:41.0	4	3994																				1163916643	1163916642	false		false	254	140	a1m19y6wxw68omudipk3u3sa0gqc7rm			false		false			false	true	
enwiki	revision	create	2001-01-21 23:16:51.0	*	11946325	6192840	C373514-a.provo1.ut.home.com	C373514-a.provo1.ut.home.com		nocreate					false	false	true	false	false	true	2010-03-18 07:35:40.0	2010-03-18 07:35:41.0	2001-01-21 02:30:08.0	9	42	21870297	KlausSeistrup	KlausSeistrup	2	false	2	false	false	false	2009-03-08 07:53:20.0	2001-01-21 21:47:41.0	5	42																				1163916644	1163916643	false		false	255	1	2gpm5ehqhuo5kislcyx6gp3rlifhxy0			false		false			false	true	
enwiki	revision	create	2001-01-21 23:17:21.0	*	7800319		LarrySanger											false						16	322	336	Altruism	Altruism	0	true	0	true	false	false	2001-01-21 23:11:31.0	2001-01-21 23:11:31.0	2	350																				1320694248	1320694247	false		false	795	141	tcr7l0ajg4w7niytc281w16dpopzbj3			false		false			false	false	
enwiki	revision	create	2001-01-21 23:17:28.0	*	11946325	6192840	C373514-a.provo1.ut.home.com	C373514-a.provo1.ut.home.com		nocreate					false	false	true	false	false	true	2010-03-18 07:35:40.0	2010-03-18 07:35:41.0	2001-01-21 02:30:08.0	10	37	21870297	KlausSeistrup	KlausSeistrup	2	false	2	false	false	false	2009-03-08 07:53:20.0	2001-01-21 21:47:41.0	6	37																				1163916645	1163916644	false		false	256	1	0zarx5ejpsy4csu6s0wt7zkp8ecf4nn			false		false			false	true	
enwiki	revision	create	2001-01-21 23:17:55.0	*	11946325	6192840	C373514-a.provo1.ut.home.com	C373514-a.provo1.ut.home.com		nocreate					false	false	true	false	false	true	2010-03-18 07:35:40.0	2010-03-18 07:35:41.0	2001-01-21 02:30:08.0	11	27	21870297	KlausSeistrup	KlausSeistrup	2	false	2	false	false	false	2009-03-08 07:53:20.0	2001-01-21 21:47:41.0	7	27																				1163916646	1163916645	false		false	258	2	46nbkllfz4ke8pnylrclctw7h04y3sd			false		false			false	true	
enwiki	revision	create	2001-01-21 23:18:25.0	*	11946325	6192840	C373514-a.provo1.ut.home.com	C373514-a.provo1.ut.home.com		nocreate					false	false	true	false	false	true	2010-03-18 07:35:40.0	2010-03-18 07:35:41.0	2001-01-21 02:30:08.0	12	30	21870297	KlausSeistrup	KlausSeistrup	2	false	2	false	false	false	2009-03-08 07:53:20.0	2001-01-21 21:47:41.0	8	30																				1163916647	1163916646	false		false	256	-2	mpmcg43xu45rxvve0p1qq5dopfxzzn7			false		false			false	true	
enwiki	page	create	2001-01-21 23:18:39.0		7800319	194394	LarrySanger											false								22951	Psychological_egoism	Psychological_egoism	0	true	0	true	false	false	2001-01-21 23:18:39.0	2001-01-21 23:18:39.0																																							
enwiki	revision	create	2001-01-21 23:18:39.0	*	7800319		LarrySanger											false						17	78	22951	Psychological_egoism	Psychological_egoism	0	true	0	true	false	false	2001-01-21 23:18:39.0	2001-01-21 23:18:39.0	1																					1264749468	0	false		false	89	89	l1uw1bchuaiw3a2lpb7kxgyo68wth7r			false		false			false	false	
enwiki	revision	create	2001-01-21 23:28:48.0	*	7800319		LarrySanger											false						18	609	21870297	KlausSeistrup	KlausSeistrup	2	false	2	false	false	false	2009-03-08 07:53:20.0	2001-01-21 21:47:41.0	9	623																				1163916648	1163916647	false		false	579	323	hi29bmrv9wc8fyjvjkitlktr081efvf			false		false			false	true	
enwiki	revision	create	2001-01-21 23:31:49.0	*	32609824	37415973	LinusTolke	LinusTolke							false	true	false	false	false	true	2017-12-12 19:30:57.0	2017-12-12 19:30:58.0	2001-01-21 20:31:54.0	10	1711	9969298	NamingConventions	NamingConventions	0	true	0	true	true	false	2016-11-02 00:45:25.0	2001-01-16 21:13:06.0	15	165457																				1264752855	1264752854	false		false	6660	418	2e7i1zn4vmsup1qjrge6nodyxe757nq			false		false			false	true	
enwiki	revision	create	2001-01-21 23:31:53.0	*	7800319		LarrySanger											false						19	185	26323569	HomePage	HomePage	0	true	0	true	true	false	2010-02-24 14:25:49.0	2001-01-15 19:27:13.0	39	4209																				908493336	908493335	false		false	907	39	1pbq5z0xg28cgfbaesvdcq7h4c60p4t			false		true	986116384	623888975	false	true	
enwiki	revision	create	2001-01-21 23:32:56.0	*	7800319		LarrySanger											false						20	63	32942	Announcements	Milestones	4	false	4	false	false	false	2001-01-21 23:32:56.0	2001-01-21 23:32:56.0	1																					1066656638	0	false		false	115	115	4loakbzylbym0l0vdtyqqdqvjmbb6nw			false		false			false	false	
enwiki	page	create	2001-01-21 23:32:56.0		7800319	194394	LarrySanger											false								32942	Announcements	Milestones	4	false	4	false	false	false	2001-01-21 23:32:56.0	2001-01-21 23:32:56.0																																							
enwiki	revision	create	2001-01-21 23:33:43.0	*	7800319		LarrySanger											false						21	47	78783122	PartakeInDiscussion	Historical_archive/Abandoned_help_pages_from_2001/PartakeInDiscussion	0	true	4	false	false	false	2001-01-17 00:29:18.0	2001-01-17 00:29:18.0	3	248231																				1266806803	1266806802	false		false	645	157	4sjv8x3ssa7lf6ldq6v12vig0n0t5fs			false		false			false	false	
enwiki	revision	create	2001-01-21 23:33:49.0	*	9161929	2147580	KlausSeistrup	KlausSeistrup							false	false	true	false	false	true	2009-03-08 07:54:44.0	2009-03-08 07:54:45.0	2001-01-21 21:44:48.0	5	5054	21870297	KlausSeistrup	KlausSeistrup	2	false	2	false	false	false	2009-03-08 07:53:20.0	2001-01-21 21:47:41.0	10	301																				275769640	275769575	false		false	979	139	jff3fhzgs2mc8fyx9vbc47x5alj7rdg			false		false			false	true	
enwiki	revision	create	2001-01-21 23:34:25.0	*	7800319		LarrySanger											false						22	42	17744623	NewTopics	New_topics	0	true	4	false	false	false	2008-06-03 03:33:40.0	2001-01-17 00:16:37.0	8	89835																				1209542247	1209542246	false		false	623	40	0graaanp3otwoew77rcy4f3iqlrnink			false		false			false	true	
enwiki	page	create	2001-01-21 23:37:10.0		7800319	194394	LarrySanger											false								40615	Mailing_lists	Mailing_lists	4	false	4	false	false	false	2001-01-21 23:37:10.0	2001-01-21 23:37:10.0																																							
enwiki	revision	create	2001-01-21 23:37:10.0	*	7800319		LarrySanger											false						23	165	40615	Mailing_lists	Mailing_lists	4	false	4	false	false	false	2001-01-21 23:37:10.0	2001-01-21 23:37:10.0	1																					1276348298	0	false		false	401	401	n5sl86fb6kfs24t785np6u7aznigj9f			false		false			false	false	
enwiki	revision	create	2001-01-21 23:38:19.0	*	7800319		LarrySanger											false						24	69	40615	Mailing_lists	Mailing_lists	4	false	4	false	false	false	2001-01-21 23:37:10.0	2001-01-21 23:37:10.0	2	69																				1276348299	1276348298	false		false	603	202	hacirha435gx6lz03r0o3fsiv1dhfi7			false		false			false	false	
enwiki	revision	create	2001-01-21 23:39:42.0	*	7800319		LarrySanger											false						25	83	30259707	WikiPedians	WikiPedians	0	true	0	true	true	false	2011-09-30 08:44:03.0	2001-01-17 00:22:35.0	4	429333																				1209537165	1209537164	false		false	209	144	4ike5s7s1r6rt439eofg6fwrpt2avi3			false		false			false	true	
enwiki	page	create	2001-01-21 23:46:05.0		7800319	194394	LarrySanger											false								7856	DefinitionofBibleTerms	DefinitionofBibleTerms	0	true	0	true	true	false	2001-01-21 23:46:05.0	2001-01-21 23:46:05.0																																							
enwiki	revision	create	2001-01-21 23:46:05.0	*	7800319		LarrySanger											false						26	383	7856	DefinitionofBibleTerms	DefinitionofBibleTerms	0	true	0	true	true	false	2001-01-21 23:46:05.0	2001-01-21 23:46:05.0	2	51649																				246326	246325	false		false	105	-2584	1diox5ffm7wkhonyueyrzooy7xbjhcm			false		false			false	false	
enwiki	revision	create	2001-01-21 23:47:00.0	*	32609824	37415973	LinusTolke	LinusTolke							false	true	false	false	false	true	2017-12-12 19:30:57.0	2017-12-12 19:30:58.0	2001-01-21 20:31:54.0	11	911	17743639	WikiPediaFaq	FAQ	0	true	4	false	false	false	2008-06-03 01:51:12.0	2001-01-17 01:12:24.0	17	49332																				1269545145	1269545144	false		false	4171	116	gst372r483kx2c5qun30k0uddd4y9ar			false		false			false	true	
enwiki	revision	create	2001-01-21 23:53:25.0	*			wp002.bloomberg.com	wp002.bloomberg.com										true								22850											1																					272857	0	false		false	50	50	2vz90zezqk3ol72mue1useu58hj3z2s			false		false			false	false	
enwiki	revision	create	2001-01-21 23:53:39.0	*	7800319		LarrySanger											false						27	454	8539050	Patent_nonsense	Patent_nonsense	4	false	4	false	false	false	2006-12-21 01:16:17.0	2001-01-21 09:34:13.0	8	2500																				1066663111	1066663110	false		false	1497	52	qxgnekwjiiuy14f9b9nye1464vfua8j			false		false			false	true	
enwiki	revision	create	2001-01-21 23:53:53.0	*	7800319		LarrySanger											false						28	14	21132385	BrilliantProse	Historical_archive/Brilliant_prose/BrilliantProse	0	true	4	false	false	false	2011-06-01 23:47:13.0	2001-01-21 23:53:53.0	1																					1042543697	0	false		false	286	286	np01jcbj95q915z77m24lro5urnlzt0			false		false			false	true	
enwiki	revision	create	2001-01-21 23:57:41.0	*	32609824	37415973	LinusTolke	LinusTolke							false	true	false	false	false	true	2017-12-12 19:30:57.0	2017-12-12 19:30:58.0	2001-01-21 20:31:54.0	12	641	26323569	HomePage	HomePage	0	true	0	true	true	false	2010-02-24 14:25:49.0	2001-01-15 19:27:13.0	40	1548																				908493337	908493336	false		false	989	82	lauz2w89bk7jwh3jme8s5wx7d7yuts5			false		true	986116384	623887427	false	true	
enwiki	revision	create	2001-01-21 23:59:29.0	*	7800319		LarrySanger											false						29	336	21132385	BrilliantProse	Historical_archive/Brilliant_prose/BrilliantProse	0	true	4	false	false	false	2011-06-01 23:47:13.0	2001-01-21 23:53:53.0	2	336																				1042543698	1042543697	false		false	405	119	iyglo1hqrb8hdivw451lrerkxpe873s			false		false			false	true	
enwiki	revision	create	2001-01-21 23:59:55.0	*	7800319		LarrySanger											false						30	26	30259707	WikiPedians	WikiPedians	0	true	0	true	true	false	2011-09-30 08:44:03.0	2001-01-17 00:22:35.0	5	1213																				1209537166	1209537165	false		false	222	13	da3oxy8joxvh3om10toik61qlw3nfhb			false		false			false	true	
enwiki	revision	create	2001-01-22 00:01:03.0	*	7800319		LarrySanger											false						31	68	21132385	BrilliantProse	Historical_archive/Brilliant_prose/BrilliantProse	0	true	4	false	false	false	2011-06-01 23:47:13.0	2001-01-21 23:53:53.0	3	94																				1042543699	1042543698	false		false	460	55	q8t5eyaqd9v6yelsnq699wxxnsnwv5n			false		false			false	true	
enwiki	revision	create	2001-01-22 00:02:03.0	*	7800319		LarrySanger											false						32	60	21132385	BrilliantProse	Historical_archive/Brilliant_prose/BrilliantProse	0	true	4	false	false	false	2011-06-01 23:47:13.0	2001-01-21 23:53:53.0	4	60																				1042543700	1042543699	false		false	474	14	dpbrhn0guadwybb2mr9h19ydpbq1244			false		false			false	true	
enwiki	revision	create	2001-01-22 00:02:54.0	*	7800319		LarrySanger											false						33	51	78783901	How_does_one_edit_a_page/Old_version	Historical_archive/Abandoned_help_pages_from_2001/How_does_one_edit_a_page/Old_version	0	true	4	false	false	false	2001-01-17 00:07:39.0	2001-01-17 00:07:39.0	3	119407																				1266839144	1266839143	false		false	767	66	dscaun7m11f8yvunzkqjfl8mfyf6uqs			false		false			false	false	
enwiki	revision	create	2001-01-22 00:03:41.0	*	7800319		LarrySanger											false						34	47	21438480	Be_bold	Be_bold	4	false	4	false	false	false	2009-02-07 18:48:22.0	2001-01-17 00:30:00.0	6	187187																				1267042739	1267042738	false		false	788	48	9dezapu40n22mvk3odrj05k41kefoyu			false		false			false	true	
enwiki	revision	create	2001-01-22 00:07:36.0	*	7800319		LarrySanger											false						35	235	17743639	WikiPediaFaq	FAQ	0	true	4	false	false	false	2008-06-03 01:51:12.0	2001-01-17 01:12:24.0	18	1236																				1269545146	1269545145	false		false	4252	81	bre5q2d1ai9k5kg23cebt8ossk66yly			false		false			false	true	
enwiki	revision	create	2001-01-22 00:18:15.0	*	7800319		LarrySanger											false						36	639	40615	Mailing_lists	Mailing_lists	4	false	4	false	false	false	2001-01-21 23:37:10.0	2001-01-21 23:37:10.0	3	2396																				1276348300	1276348299	false		false	593	-10	h5aljfxartr4wxd3rr1vb5090tydkkq			false		false			false	false	
enwiki	revision	create	2001-01-22 01:52:00.0	*			c373514-a.provo1.ut.home.com	c373514-a.provo1.ut.home.com										true								23											1																					233209	0	false		false	1628	1628	tfb00qbey5wc2vi9r1cffiab0u5ow4n			false		false			false	false	
enwiki	user	create	2001-01-22 04:37:50.0		194203	745	Graham87											false	false	true																			11739281	5891743	Cr542767-a.rchrd1.on.wave.home.com	Cr542767-a.rchrd1.on.wave.home.com							false	false	true	false	false	true	2010-02-20 07:13:03.0	2010-02-20 07:13:04.0	2001-01-22 04:37:50.0																		
enwiki	revision	create	2001-01-22 04:37:50.0	*	11739281	5891743	Cr542767-a.rchrd1.on.wave.home.com	Cr542767-a.rchrd1.on.wave.home.com							false	false	true	false	false	true	2010-02-20 07:13:03.0	2010-02-20 07:13:04.0	2001-01-22 04:37:50.0	1		18745	MathematicalGrouP	MathematicalGrouP	0	true	0	true	true	false	2001-01-17 00:25:58.0	2001-01-17 00:25:58.0	5	132482																				1271963083	1271963082	false		false	2023	-37	i160xibvbb4yp60myvqzh0bang14h5k			false		false			false	false	
enwiki	user	create	2001-01-22 07:11:28.0		7792520	183098	JoshuaGrosse	JoshuaGrosse		nocreate,noemail,nousertalk					true	false	false	false	false	true	2008-09-05 20:14:59.0	2008-09-05 20:14:59.0	2001-01-22 07:11:28.0																7792520	183098	JoshuaGrosse	JoshuaGrosse		nocreate,noemail,nousertalk					true	false	false	false	false	true	2008-09-05 20:14:59.0	2008-09-05 20:14:59.0	2001-01-22 07:11:28.0																		
enwiki	revision	create	2001-01-22 07:11:28.0	*	7792520	183098	JoshuaGrosse	JoshuaGrosse		nocreate,noemail,nousertalk					true	false	false	false	false	true	2008-09-05 20:14:59.0	2008-09-05 20:14:59.0	2001-01-22 07:11:28.0	1		26323569	HomePage	HomePage	0	true	0	true	true	false	2010-02-24 14:25:49.0	2001-01-15 19:27:13.0	41	26027																				908493338	908493337	false		false	1000	11	shfjl8tqcknil0j21xp93qpwcl1k5wq			false		true	986116384	623861400	false	true	
enwiki	revision	create	2001-01-22 07:19:08.0	*	37033230	59136132	Dhcp-22-129.lclark.edu	Dhcp-22-129.lclark.edu		nocreate,noautoblock					false	false	true	false	false	true	2019-07-30 02:11:02.0	2019-07-30 02:11:04.0	2001-01-22 07:19:08.0	1		5213	Computing	Computing	0	true	0	true	false	false	2001-01-16 20:11:02.0	2001-01-16 20:11:02.0	5	104674																				1271056283	1271056282	false		false	151	27	saayej1dtcptqc2ggjcczk50oyzawa8			false		false			false	false	
enwiki	user	create	2001-01-22 07:19:08.0		194203	745	Graham87											false	false	true																			37033230	59136132	Dhcp-22-129.lclark.edu	Dhcp-22-129.lclark.edu		nocreate,noautoblock					false	false	true	false	false	true	2019-07-30 02:11:02.0	2019-07-30 02:11:04.0	2001-01-22 07:19:08.0																		
enwiki	revision	create	2001-01-22 07:21:20.0	*	37033230	59136132	Dhcp-22-129.lclark.edu	Dhcp-22-129.lclark.edu		nocreate,noautoblock					false	false	true	false	false	true	2019-07-30 02:11:02.0	2019-07-30 02:11:04.0	2001-01-22 07:19:08.0	2	132	23534602	Human–computer_interaction	Human–computer_interaction	0	true	0	true	false	false	2009-07-08 09:35:55.0	2001-01-22 07:21:20.0	1																					1267727521	0	false		false	122	122	djyl8mamgwetoanbakn7t4p07dzo8ts			false		false			false	true	
enwiki	revision	create	2001-01-22 07:22:15.0	*	37033230	59136132	Dhcp-22-129.lclark.edu	Dhcp-22-129.lclark.edu		nocreate,noautoblock					false	false	true	false	false	true	2019-07-30 02:11:02.0	2019-07-30 02:11:04.0	2001-01-22 07:19:08.0	3	55	5213	Computing	Computing	0	true	0	true	false	false	2001-01-16 20:11:02.0	2001-01-16 20:11:02.0	6	187																				1271056284	1271056283	false		false	164	13	83de8td847jtdqsdh68pqxfs33dh673			false		false			false	false	
enwiki	revision	create	2001-01-22 07:28:49.0	Note on Caley	7792520	183098	JoshuaGrosse	JoshuaGrosse		nocreate,noemail,nousertalk					true	false	false	false	false	true	2008-09-05 20:14:59.0	2008-09-05 20:14:59.0	2001-01-22 07:11:28.0	2	1041	18745	MathematicalGrouP	MathematicalGrouP	0	true	0	true	true	false	2001-01-17 00:25:58.0	2001-01-17 00:25:58.0	6	10259																				1271963085	1271963083	false		false	2252	229	tcwzd8p660qwwuyepiip4j3y02uyufc			false		false			false	false	
enwiki	revision	create	2001-01-22 07:31:26.0	*	32609824	37415973	LinusTolke	LinusTolke							false	true	false	false	false	true	2017-12-12 19:30:57.0	2017-12-12 19:30:58.0	2001-01-21 20:31:54.0	13	27225	9166	EncycloPedia	EncycloPedia	0	true	0	true	true	false	2001-01-22 07:31:26.0	2001-01-22 07:31:26.0	2	455923																				248613	248612	false		false	948	743	jkj4oyk59jej1m5bvwiy01lqn1rxxbg			false		false			false	false	
enwiki	page	create	2001-01-22 07:31:26.0		32609824	37415973	LinusTolke	LinusTolke							false	true	false	false	false	true	2017-12-12 19:30:57.0	2017-12-12 19:30:58.0	2001-01-21 20:31:54.0			9166	EncycloPedia	EncycloPedia	0	true	0	true	true	false	2001-01-22 07:31:26.0	2001-01-22 07:31:26.0																																							
enwiki	revision	create	2001-01-22 07:31:37.0		7792520	183098	JoshuaGrosse	JoshuaGrosse		nocreate,noemail,nousertalk					true	false	false	false	false	true	2008-09-05 20:14:59.0	2008-09-05 20:14:59.0	2001-01-22 07:11:28.0	3	168	26618	SwedishLanguage	SwedishLanguage	0	true	0	true	true	false	2001-01-21 20:35:48.0	2001-01-21 20:35:48.0	2	39349																				536295179	536295178	true		false	100	30	6otbidtnn8lv578aq0x4vzdyje9njmi			false		false			false	false	
enwiki	revision	create	2001-01-22 07:37:02.0	*	32609824	37415973	LinusTolke	LinusTolke							false	true	false	false	false	true	2017-12-12 19:30:57.0	2017-12-12 19:30:58.0	2001-01-21 20:31:54.0	14	336	5072	CountrY	CountrY	0	true	0	true	true	false	2001-01-22 07:37:02.0	2001-01-22 07:37:02.0	1																					241080	0	false		false	113	113	5ycwy49jbniqe7x8a5oqhhh0tagann9			false		false			false	false	
enwiki	page	create	2001-01-22 07:37:02.0		32609824	37415973	LinusTolke	LinusTolke							false	true	false	false	false	true	2017-12-12 19:30:57.0	2017-12-12 19:30:58.0	2001-01-21 20:31:54.0			5072	CountrY	CountrY	0	true	0	true	true	false	2001-01-22 07:37:02.0	2001-01-22 07:37:02.0																																							
enwiki	revision	create	2001-01-22 07:39:41.0	*	32609824	37415973	LinusTolke	LinusTolke							false	true	false	false	false	true	2017-12-12 19:30:57.0	2017-12-12 19:30:58.0	2001-01-21 20:31:54.0	15	159	5054	CountriesOfTheWorld	CountriesOfTheWorld	0	true	0	true	true	false	2001-01-16 19:02:46.0	2001-01-16 19:02:46.0	13	31457																				1264750692	1264750691	false		false	1195	103	b7xlqjedjqflmloy4up2oeyfnzk5faa			false		false			false	false	
enwiki	revision	create	2001-01-22 07:48:54.0	*	37033230	59136132	Dhcp-22-129.lclark.edu	Dhcp-22-129.lclark.edu		nocreate,noautoblock					false	false	true	false	false	true	2019-07-30 02:11:02.0	2019-07-30 02:11:04.0	2001-01-22 07:19:08.0	4	1599	26323569	HomePage	HomePage	0	true	0	true	true	false	2010-02-24 14:25:49.0	2001-01-15 19:27:13.0	42	2246																				908493339	908493338	false		false	1029	29	9nsyyihxc2nvdprq0jm3k5y6i0b71tu			false		true	986116384	623859154	false	true	
enwiki	revision	create	2001-01-22 07:51:08.0	*	37033230	59136132	Dhcp-22-129.lclark.edu	Dhcp-22-129.lclark.edu		nocreate,noautoblock					false	false	true	false	false	true	2019-07-30 02:11:02.0	2019-07-30 02:11:04.0	2001-01-22 07:19:08.0	5	134	23534602	Human–computer_interaction	Human–computer_interaction	0	true	0	true	false	false	2009-07-08 09:35:55.0	2001-01-22 07:21:20.0	2	1788																				1267727522	1267727521	false		false	136	14	ags404deci28hg0cm0qk0f8cz7y708l			false		false			false	true	
enwiki	revision	create	2001-01-22 07:51:23.0	*	37033230	59136132	Dhcp-22-129.lclark.edu	Dhcp-22-129.lclark.edu		nocreate,noautoblock					false	false	true	false	false	true	2019-07-30 02:11:02.0	2019-07-30 02:11:04.0	2001-01-22 07:19:08.0	6	15	23534602	Human–computer_interaction	Human–computer_interaction	0	true	0	true	false	false	2009-07-08 09:35:55.0	2001-01-22 07:21:20.0	3	15																				1267727523	1267727522	false		false	136	0	1qj2pn03in04rd6ewq72x7t4ccaxu81			false		false			false	true	
enwiki	revision	create	2001-01-22 07:54:38.0	*	37033230	59136132	Dhcp-22-129.lclark.edu	Dhcp-22-129.lclark.edu		nocreate,noautoblock					false	false	true	false	false	true	2019-07-30 02:11:02.0	2019-07-30 02:11:04.0	2001-01-22 07:19:08.0	7	195	23534602	Human–computer_interaction	Human–computer_interaction	0	true	0	true	false	false	2009-07-08 09:35:55.0	2001-01-22 07:21:20.0	4	195																				1267727524	1267727523	false		false	484	348	tg53b5u2mhidbtu8kow91moj6kbto7i			false		false			false	true	
enwiki	revision	create	2001-01-22 08:58:05.0	Changed to standard continent list	7792520	183098	JoshuaGrosse	JoshuaGrosse		nocreate,noemail,nousertalk					true	false	false	false	false	true	2008-09-05 20:14:59.0	2008-09-05 20:14:59.0	2001-01-22 07:11:28.0	4	5188	5054	CountriesOfTheWorld	CountriesOfTheWorld	0	true	0	true	true	false	2001-01-16 19:02:46.0	2001-01-16 19:02:46.0	14	4704																				1264750694	1264750692	false		false	1253	58	qxdqz7okyasv79cu4nqdotiojr7r3hn			false		false			false	false	
enwiki	user	create	2001-01-22 13:09:05.0																																				600	17263445	OleAndersen	OleAndersen							false	false	false	false	false	true	2001-01-22 13:09:05.0		2001-01-22 13:09:05.0																		
enwiki	page	create	2001-01-22 13:09:05.0		600	17263445	OleAndersen	OleAndersen							false	false	false	false	false	true	2001-01-22 13:09:05.0		2001-01-22 13:09:05.0			454036	AfghanistanGovernement	AfghanistanGovernement	0	true	0	true	true	false	2001-01-22 13:09:05.0	2001-01-22 13:09:05.0																																							
enwiki	revision	create	2001-01-22 13:09:05.0	*	600	17263445	OleAndersen	OleAndersen							false	false	false	false	false	true	2001-01-22 13:09:05.0		2001-01-22 13:09:05.0	1		454036	AfghanistanGovernement	AfghanistanGovernement	0	true	0	true	true	false	2001-01-22 13:09:05.0	2001-01-22 13:09:05.0	1																					2296806	0	false		false	5026	5026	cxgws8v3oadlgqde70eiw5spovd2pau			false		false			false	false	
enwiki	revision	create	2001-01-22 16:03:52.0	*			205.244.224.xxx	205.244.224.xxx										true								51205	What_is_a_wiki	What_is_a_wiki	4	false	4	false	true	false	2001-01-17 00:05:52.0	2001-01-17 00:05:52.0	27	100113																				1066049428	1066049427	false		false	945	30	0829sdvtq5hli2d3jq139yn9sgspa7r			false		false			false	false	
enwiki	revision	create	2001-01-22 16:04:09.0	*			205.244.224.xxx	205.244.224.xxx										true								51205	What_is_a_wiki	What_is_a_wiki	4	false	4	false	true	false	2001-01-17 00:05:52.0	2001-01-17 00:05:52.0	28	17																				1066049429	1066049428	false		false	962	17	4a5bw7pj5bvsujq8d7dseroxqz0xuqm			false		false			false	false	
enwiki	user	create	2001-01-22 16:23:48.0		194203	745	Graham87											false	false	true																			49054909	77398574	Cr105159-a.lndn1.on.wave.home.com	Cr105159-a.lndn1.on.wave.home.com							false	false	true	false	false	true	2025-01-15 07:38:27.0	2025-01-15 07:38:28.0	2001-01-22 16:23:48.0																		
enwiki	revision	create	2001-01-22 16:23:48.0	*	49054909	77398574	Cr105159-a.lndn1.on.wave.home.com	Cr105159-a.lndn1.on.wave.home.com							false	false	true	false	false	true	2025-01-15 07:38:27.0	2025-01-15 07:38:28.0	2001-01-22 16:23:48.0	1		26603	SabBath	SabBath	0	true	0	true	true	false	2001-01-21 04:07:43.0	2001-01-21 04:07:43.0	3	130565																				1269557892	1269557890	false		false	629	25	gv8uyre4wr0oez01pw6vlo13h2vqce0			false		false			false	false	
enwiki	user	create	2001-01-22 19:23:53.0		194203	745	Graham87											false	false	true																			49035816	77370383	Arsenic.akopia.com	Arsenic.akopia.com							false	false	true	false	false	true	2025-01-11 11:31:56.0	2025-01-11 11:31:56.0	2001-01-22 19:23:53.0																		
enwiki	revision	create	2001-01-22 19:23:53.0	*	49035816	77370383	Arsenic.akopia.com	Arsenic.akopia.com							false	false	true	false	false	true	2025-01-11 11:31:56.0	2025-01-11 11:31:56.0	2001-01-22 19:23:53.0	1		11833	GerMany	GerMany	0	true	0	true	true	false	2001-01-20 22:32:39.0	2001-01-20 22:32:39.0	3	150584																				1268759952	1268759951	false		false	2115	24	e9jh418wxqtth6nqat0932ugiyc4sen			false		false			false	false	
enwiki	page	create	2001-01-22 20:49:24.0		9021399	1946481	GiovanniPensa	GiovanniPensa							false	false	true	false	false	true	2009-02-19 05:32:30.0	2009-02-19 05:32:31.0	2001-01-22 20:49:24.0			14482	ItalY	ItalY	0	true	0	true	true	false	2001-01-22 20:49:24.0	2001-01-22 20:49:24.0																																							
enwiki	user	create	2001-01-22 20:49:24.0		194203	745	Graham87											false	false	true																			9021399	1946481	GiovanniPensa	GiovanniPensa							false	false	true	false	false	true	2009-02-19 05:32:30.0	2009-02-19 05:32:31.0	2001-01-22 20:49:24.0																		
enwiki	revision	create	2001-01-22 20:49:24.0	*	9021399	1946481	GiovanniPensa	GiovanniPensa							false	false	true	false	false	true	2009-02-19 05:32:30.0	2009-02-19 05:32:31.0	2001-01-22 20:49:24.0	1		14482	ItalY	ItalY	0	true	0	true	true	false	2001-01-22 20:49:24.0	2001-01-22 20:49:24.0	1																					1271274982	0	false		false	229	229	f91hxd28q8y8jntazx5ujso23tenkn3			false		false			false	false	
enwiki	revision	create	2001-01-22 20:50:37.0	*	9021399	1946481	GiovanniPensa	GiovanniPensa							false	false	true	false	false	true	2009-02-19 05:32:30.0	2009-02-19 05:32:31.0	2001-01-22 20:49:24.0	2	73	21603698	GiovanniPensa	GiovanniPensa	2	false	2	false	false	false	2009-02-19 05:29:09.0	2001-01-22 20:50:37.0	1																					271756997	271756838	false		false	15	0	aj41ziet8dmig002jtmly7fb7r988no			false		false			false	true	
enwiki	revision	create	2001-01-22 20:52:12.0	*	9021399	1946481	GiovanniPensa	GiovanniPensa							false	false	true	false	false	true	2009-02-19 05:32:30.0	2009-02-19 05:32:31.0	2001-01-22 20:49:24.0	3	95	21603698	GiovanniPensa	GiovanniPensa	2	false	2	false	false	false	2009-02-19 05:29:09.0	2001-01-22 20:50:37.0	2	95																				271756998	271756838	false		false	15	0	btqoyzlgeym3m5oslfxotlplfoi5hd6			false		false			false	true	
enwiki	revision	create	2001-01-22 20:53:56.0	*	9021399	1946481	GiovanniPensa	GiovanniPensa							false	false	true	false	false	true	2009-02-19 05:32:30.0	2009-02-19 05:32:31.0	2001-01-22 20:49:24.0	4	104	14482	ItalY	ItalY	0	true	0	true	true	false	2001-01-22 20:49:24.0	2001-01-22 20:49:24.0	2	272																				1271274983	1271274982	false		false	248	19	s323rkfy0t21wxmxja3u7zxqdb3ytf0			false		false			false	false	
enwiki	revision	create	2001-01-22 20:57:24.0	*	9021399	1946481	GiovanniPensa	GiovanniPensa							false	false	true	false	false	true	2009-02-19 05:32:30.0	2009-02-19 05:32:31.0	2001-01-22 20:49:24.0	5	208	14482	ItalY	ItalY	0	true	0	true	true	false	2001-01-22 20:49:24.0	2001-01-22 20:49:24.0	3	208																				1271274984	1271274983	false		false	247	-1	93l8oj241o5thcelb7dtvq4bkrtz2rn			false		false			false	false	
enwiki	revision	create	2001-01-22 21:12:17.0	*	99	37738155	RoseParks	RoseParks							false	false	false	false	false	true	2001-01-21 02:12:21.0		2001-01-18 06:07:37.0	6	154663	23	AssistiveTechnology	AssistiveTechnology	0	true	0	true	true	false	2001-01-22 21:12:17.0	2001-01-22 21:12:17.0	2	69617																				233210	233209	false		false	2056	428	reiwhc298xtaumwma6xr1cm2pbpx7vw			false		false			false	false	
enwiki	page	create	2001-01-22 21:12:17.0		99	37738155	RoseParks	RoseParks							false	false	false	false	false	true	2001-01-21 02:12:21.0		2001-01-18 06:07:37.0			23	AssistiveTechnology	AssistiveTechnology	0	true	0	true	true	false	2001-01-22 21:12:17.0	2001-01-22 21:12:17.0																																							
enwiki	user	create	2001-01-22 21:25:51.0		194203	745	Graham87											false	false	true																			49067144	77417084	Organ.cs.byu.edu	Organ.cs.byu.edu							false	false	true	false	false	true	2025-01-17 13:07:45.0	2025-01-17 13:07:46.0	2001-01-22 21:25:51.0																		
enwiki	revision	create	2001-01-22 21:25:51.0	Added full article text from Napalm e-zine	49067144	77417084	Organ.cs.byu.edu	Organ.cs.byu.edu							false	false	true	false	false	true	2025-01-17 13:07:45.0	2025-01-17 13:07:46.0	2001-01-22 21:25:51.0	1		20519	Mathematics_of_musical_scales	Mathematics_of_musical_scales	0	true	0	true	true	false	2001-01-21 02:30:08.0	2001-01-21 02:30:08.0	4	134814																				1270006802	1270006801	false		false	6134	5719	gnnx9tojq2wisnemt7qu5zpgm30yryk			false		false			false	false	
enwiki	revision	create	2001-01-22 21:56:28.0	*	99	37738155	RoseParks	RoseParks							false	false	false	false	false	true	2001-01-21 02:12:21.0		2001-01-18 06:07:37.0	7	2651	18745	MathematicalGrouP	MathematicalGrouP	0	true	0	true	true	false	2001-01-17 00:25:58.0	2001-01-17 00:25:58.0	7	52059																				1271963086	1271963085	false		false	2596	344	idemf04nru525r30hfa5kii3g9z4usl			false		false			false	false	
enwiki	revision	create	2001-01-22 22:02:24.0	*	99	37738155	RoseParks	RoseParks							false	false	false	false	false	true	2001-01-21 02:12:21.0		2001-01-18 06:07:37.0	8	356	18745	MathematicalGrouP	MathematicalGrouP	0	true	0	true	true	false	2001-01-17 00:25:58.0	2001-01-17 00:25:58.0	8	356																				1271963087	1271963086	false		false	2596	0	lbhnsy9bkrwm19y2mszypu54i86dca5			false		false			false	false	
enwiki	revision	create	2001-01-22 22:50:40.0	*	7800319		LarrySanger											false						37	81145	18745	MathematicalGrouP	MathematicalGrouP	0	true	0	true	true	false	2001-01-17 00:25:58.0	2001-01-17 00:25:58.0	9	2896																				1271963088	1271963087	false		false	2593	-3	62qcwzp1o4th8y4ciysg221mxs1fday			false		false			false	false	
enwiki	user	create	2001-01-22 23:35:09.0		194203	745	Graham87											false	false	true																			11975673	6236267	Gkca-public.discoverbrokerage.com	Gkca-public.discoverbrokerage.com		nocreate					false	false	true	false	false	true	2010-03-22 12:22:06.0	2010-03-22 12:22:07.0	2001-01-22 23:35:09.0																		
enwiki	revision	create	2001-01-22 23:35:09.0	*	11975673	6236267	Gkca-public.discoverbrokerage.com	Gkca-public.discoverbrokerage.com		nocreate					false	false	true	false	false	true	2010-03-22 12:22:06.0	2010-03-22 12:22:07.0	2001-01-22 23:35:09.0	1		26323569	HomePage	HomePage	0	true	0	true	true	false	2010-02-24 14:25:49.0	2001-01-15 19:27:13.0	43	56775																				908493340	908493339	false		false	1093	64	nkjj46p6dqb1b9pv39ps3llhphwn6wz			false		true	986116384	623802379	false	true	
enwiki	revision	create	2001-01-22 23:36:38.0	*	99	37738155	RoseParks	RoseParks							false	false	false	false	false	true	2001-01-21 02:12:21.0		2001-01-18 06:07:37.0	9	5654	18740	MathematicsAndStatistics	MathematicsAndStatistics	0	true	0	true	true	false	2001-01-16 18:54:55.0	2001-01-16 18:54:55.0	11	276503																				1271656194	1271656193	false		false	271	35	tdbad64sfsxsfevmmzooailquasyqde			false		false			false	false	
enwiki	page	create	2001-01-22 23:39:22.0		11975673	6236267	Gkca-public.discoverbrokerage.com	Gkca-public.discoverbrokerage.com		nocreate					false	false	true	false	false	true	2010-03-22 12:22:06.0	2010-03-22 12:22:07.0	2001-01-22 23:35:09.0			12410	GNE_Project_Files/Proposed_GNU_Moderation_System	Historical_archive/GNE_project_files/Proposed_GNU_Moderation_System	4	false	4	false	false	false	2001-01-22 23:39:22.0	2001-01-22 23:39:22.0																																							
enwiki	revision	create	2001-01-22 23:39:22.0	A proposed moderation design for the GNU Encyclopedia	11975673	6236267	Gkca-public.discoverbrokerage.com	Gkca-public.discoverbrokerage.com		nocreate					false	false	true	false	false	true	2010-03-22 12:22:06.0	2010-03-22 12:22:07.0	2001-01-22 23:35:09.0	2	253	12410	GNE_Project_Files/Proposed_GNU_Moderation_System	Historical_archive/GNE_project_files/Proposed_GNU_Moderation_System	4	false	4	false	false	false	2001-01-22 23:39:22.0	2001-01-22 23:39:22.0	1																					1264547500	0	false		false	4632	4632	sdjv0f6jc43bukqkavd4qnsqu2v3lcv			false		false			false	false	
enwiki	revision	create	2001-01-22 23:40:04.0	*	11975673	6236267	Gkca-public.discoverbrokerage.com	Gkca-public.discoverbrokerage.com		nocreate					false	false	true	false	false	true	2010-03-22 12:22:06.0	2010-03-22 12:22:07.0	2001-01-22 23:35:09.0	3	42	12410	GNE_Project_Files/Proposed_GNU_Moderation_System	Historical_archive/GNE_project_files/Proposed_GNU_Moderation_System	4	false	4	false	false	false	2001-01-22 23:39:22.0	2001-01-22 23:39:22.0	2	42																				1264547501	1264547500	false		false	4625	-7	ihoer9a5ulmo33ngrzwgqw0qk0af17s			false		false			false	false	
enwiki	revision	create	2001-01-22 23:52:18.0	Added commentary on Imran's article	11975673	6236267	Gkca-public.discoverbrokerage.com	Gkca-public.discoverbrokerage.com		nocreate					false	false	true	false	false	true	2010-03-22 12:22:06.0	2010-03-22 12:22:07.0	2001-01-22 23:35:09.0	4	734	12410	GNE_Project_Files/Proposed_GNU_Moderation_System	Historical_archive/GNE_project_files/Proposed_GNU_Moderation_System	4	false	4	false	false	false	2001-01-22 23:39:22.0	2001-01-22 23:39:22.0	3	734																				1264547502	1264547501	false		false	5685	1060	l38jq5agckasls7wim0vp8oterjj8i9			false		false			false	false	
enwiki	revision	create	2001-01-23 00:16:24.0	*	11975673	6236267	Gkca-public.discoverbrokerage.com	Gkca-public.discoverbrokerage.com		nocreate					false	false	true	false	false	true	2010-03-22 12:22:06.0	2010-03-22 12:22:07.0	2001-01-22 23:35:09.0	5	1446	26323569	HomePage	HomePage	0	true	0	true	true	false	2010-02-24 14:25:49.0	2001-01-15 19:27:13.0	44	2475																				908493341	908493340	false		false	1105	12	dysdwzcvh7udz22xlppk78poe7poz8q			false		true	986116384	623799904	false	true	
enwiki	revision	create	2001-01-23 00:20:21.0	Added Dan Geiser's proposal for establishing a FAQ, plus entry #1	11975673	6236267	Gkca-public.discoverbrokerage.com	Gkca-public.discoverbrokerage.com		nocreate					false	false	true	false	false	true	2010-03-22 12:22:06.0	2010-03-22 12:22:07.0	2001-01-22 23:35:09.0	6	237	12411	GNE_Project_Files/GNU_Encyclopedia_Tech_FAQ	Historical_archive/GNE_project_files/GNU_Encyclopedia_Tech_FAQ	4	false	4	false	false	false	2001-01-23 00:20:21.0	2001-01-23 00:20:21.0	1																					1264533483	0	false		false	2768	2768	i1e42mev1ghgq4qc377mw8nsf5sheg3			false		false			false	false	
enwiki	page	create	2001-01-23 00:20:21.0		11975673	6236267	Gkca-public.discoverbrokerage.com	Gkca-public.discoverbrokerage.com		nocreate					false	false	true	false	false	true	2010-03-22 12:22:06.0	2010-03-22 12:22:07.0	2001-01-22 23:35:09.0			12411	GNE_Project_Files/GNU_Encyclopedia_Tech_FAQ	Historical_archive/GNE_project_files/GNU_Encyclopedia_Tech_FAQ	4	false	4	false	false	false	2001-01-23 00:20:21.0	2001-01-23 00:20:21.0																																							
enwiki	user	create	2001-01-23 00:36:58.0		194203	745	Graham87											false	false	true																			49098201	77462886	NewZealander	NewZealander							false	false	true	false	false	true	2025-01-23 08:46:29.0	2025-01-23 08:46:30.0	2001-01-23 00:36:58.0																		
enwiki	revision	create	2001-01-23 00:36:58.0	*	49098201	77462886	NewZealander	NewZealander							false	false	true	false	false	true	2025-01-23 08:46:29.0	2025-01-23 08:46:30.0	2001-01-23 00:36:58.0	1		14482	ItalY	ItalY	0	true	0	true	true	false	2001-01-22 20:49:24.0	2001-01-22 20:49:24.0	4	13174																				1271274985	1271274984	false		false	271	24	df4rtmgigwg0ahch12sudvfria56lm4			false		false			false	false	
enwiki	revision	create	2001-01-23 00:44:31.0	*	7800319		LarrySanger											false						38	6831	26323569	HomePage	HomePage	0	true	0	true	true	false	2010-02-24 14:25:49.0	2001-01-15 19:27:13.0	45	1687																				908493343	908493341	false		false	1069	-36	j2ed7c983pqtvub6avp2ly6fjy526sr			false		true	986116384	623798217	false	true	
enwiki	revision	create	2001-01-23 00:45:17.0	*	7800319		LarrySanger											false						39	46	12410	GNE_Project_Files/Proposed_GNU_Moderation_System	Historical_archive/GNE_project_files/Proposed_GNU_Moderation_System	4	false	4	false	false	false	2001-01-22 23:39:22.0	2001-01-22 23:39:22.0	4	3179																				1264547503	1264547502	false		false	5685	0	l38jq5agckasls7wim0vp8oterjj8i9			false		false			true	false	
enwiki	revision	create	2001-01-23 00:47:54.0	*	7800319		LarrySanger											false						40	157	12411	GNE_Project_Files/GNU_Encyclopedia_Tech_FAQ	Historical_archive/GNE_project_files/GNU_Encyclopedia_Tech_FAQ	4	false	4	false	false	false	2001-01-23 00:20:21.0	2001-01-23 00:20:21.0	2	1653																				1264533484	1264533483	false		false	2899	131	rlcklr639b97pg3n8udguqkvt3tj1vq			false		false			false	false	
enwiki	revision	create	2001-01-23 00:50:51.0	*	7800319		LarrySanger											false						41	177	14482	ItalY	ItalY	0	true	0	true	true	false	2001-01-22 20:49:24.0	2001-01-22 20:49:24.0	5	833																				1271274986	1271274985	false		false	259	-12	96slli9k4d8p02vm5c4vyq21rvncaqy			false		false			false	false	
enwiki	revision	create	2001-01-23 00:51:31.0	*	7800319		LarrySanger											false						42	40	14482	ItalY	ItalY	0	true	0	true	true	false	2001-01-22 20:49:24.0	2001-01-22 20:49:24.0	6	40																				1271274987	1271274986	false		false	263	4	elrzvqrsyssnoceo4wrfo9se4y0bekn			false		false			false	false	
enwiki	revision	create	2001-01-23 00:52:26.0	*	7800319		LarrySanger											false						43	55	26323569	HomePage	HomePage	0	true	0	true	true	false	2010-02-24 14:25:49.0	2001-01-15 19:27:13.0	46	475																				908493344	908493343	false		false	1081	12	m75jxq0u9i8b5o4xocrna4ipyvm9prp			false		true	986116384	623797742	false	true	
enwiki	revision	create	2001-01-23 00:52:54.0	*	7800319		LarrySanger											false						44	28	26323569	HomePage	HomePage	0	true	0	true	true	false	2010-02-24 14:25:49.0	2001-01-15 19:27:13.0	47	28																				908493345	908493344	false		false	1040	-41	095axbefykdd61ekcf38gfn3rnu4wxf			false		true	986116384	623797714	false	true	
enwiki	revision	create	2001-01-23 00:54:55.0	*	7800319		LarrySanger											false						45	121	11839	GNUStufF	Historical_archive/GNE_project_files/GNUStufF	0	true	4	false	false	false	2001-01-23 00:54:55.0	2001-01-23 00:54:55.0	1																					1264499812	0	false		false	295	295	pn5ew9scr4bpb34ktwz3kepnl5a3sy4			false		false			false	false	
enwiki	page	create	2001-01-23 00:54:55.0		7800319	194394	LarrySanger											false								11839	GNUStufF	Historical_archive/GNE_project_files/GNUStufF	0	true	4	false	false	false	2001-01-23 00:54:55.0	2001-01-23 00:54:55.0																																							
enwiki	revision	create	2001-01-23 00:55:34.0	*	7800319		LarrySanger											false						46	39	26323569	HomePage	HomePage	0	true	0	true	true	false	2010-02-24 14:25:49.0	2001-01-15 19:27:13.0	48	160																				908493346	908493345	false		false	991	-49	efkb8b5ai8gdsmwyu60iab4z2clq67y			false		true	986116384	623797554	false	true	
enwiki	revision	create	2001-01-23 00:56:57.0	*	7800319		LarrySanger											false						47	83	26323569	HomePage	HomePage	0	true	0	true	true	false	2010-02-24 14:25:49.0	2001-01-15 19:27:13.0	49	83																				908493347	908493346	false		false	1054	63	9x66e1vrzpe3crorq2z4at83o2dqjvw			false		true	986116384	623797471	false	true	
enwiki	revision	create	2001-01-23 00:57:37.0	*	7800319		LarrySanger											false						48	40	32942	Announcements	Milestones	4	false	4	false	false	false	2001-01-21 23:32:56.0	2001-01-21 23:32:56.0	2	91481																				1066656639	1066656638	false		false	151	36	a1b5d4twyusxxtbouvv9pjggtvgedds			false		false			false	false	
enwiki	revision	create	2001-01-23 00:58:33.0	*	7800319		LarrySanger											false						49	56	32942	Announcements	Milestones	4	false	4	false	false	false	2001-01-21 23:32:56.0	2001-01-21 23:32:56.0	3	56																				1066656640	1066656639	false		false	279	128	hi480eerhwi3qmaj8cm6i1tpmmgxoar			false		false			false	false	
enwiki	revision	create	2001-01-23 00:58:43.0	*	7800319		LarrySanger											false						50	10	32942	Announcements	Milestones	4	false	4	false	false	false	2001-01-21 23:32:56.0	2001-01-21 23:32:56.0	4	10																				1066656641	1066656640	false		false	279	0	inqfj0u4z6uqe9gz9e2tf8mbl1hqv6f			false		false			false	false	
enwiki	revision	create	2001-01-23 00:59:25.0	*	7800319		LarrySanger											false						51	42	26323569	HomePage	HomePage	0	true	0	true	true	false	2010-02-24 14:25:49.0	2001-01-15 19:27:13.0	50	148																				908493348	908493347	false		false	1074	20	em8wkysxues8yprkqwl4ee3e4oz36ji			false		true	986116384	623797323	false	true	
enwiki	revision	create	2001-01-23 01:00:18.0	*	7800319		LarrySanger											false						52	53	11839	GNUStufF	Historical_archive/GNE_project_files/GNUStufF	0	true	4	false	false	false	2001-01-23 00:54:55.0	2001-01-23 00:54:55.0	2	323																				1264499813	1264499812	false		false	326	31	k1thhl9a5hns982voms7jrrvlcwemmd			false		false			false	false	
enwiki	revision	create	2001-01-23 01:00:47.0	*	7800319		LarrySanger											false						53	29	11839	GNUStufF	Historical_archive/GNE_project_files/GNUStufF	0	true	4	false	false	false	2001-01-23 00:54:55.0	2001-01-23 00:54:55.0	3	29																				1264499814	1264499813	false		false	408	82	mf5dvvyi6d3iv89f982w67jat6922ex			false		false			false	false	
enwiki	revision	create	2001-01-23 01:05:25.0	*	479	17255773	JimboWales	JimboWales		nocreate,noautoblock					false	false	false	false	false	true	2001-01-23 22:34:16.0		2001-01-19 01:24:40.0	6	276190	5054	CountriesOfTheWorld	CountriesOfTheWorld	0	true	0	true	true	false	2001-01-16 19:02:46.0	2001-01-16 19:02:46.0	15	58040																				1264750695	1264750694	false		false	1302	49	iyg1rv6iryn8gw6fyt3qbm8x9jgxztc			false		false			false	false	
enwiki	revision	create	2001-01-23 01:05:46.0	*	7800319		LarrySanger											false						54	299	26323569	HomePage	HomePage	0	true	0	true	true	false	2010-02-24 14:25:49.0	2001-01-15 19:27:13.0	51	381																				908493349	908493348	false		false	1078	4	ne07qirv8nne6w5dj4t2rdqu3jwgvso			false		true	986116384	623796942	false	true	
enwiki	revision	create	2001-01-23 01:21:08.0	*South Australia			ls10-2.internode.on.net.au	ls10-2.internode.on.net.au										true								26716											1																					279649	0	false		false	1632	1632	c7395ri7ce1qxbuwchqm4751dqee63i			false		false			false	false	
enwiki	revision	create	2001-01-23 03:16:31.0	*	99	37738155	RoseParks	RoseParks							false	false	false	false	false	true	2001-01-21 02:12:21.0		2001-01-18 06:07:37.0	10	13193	26513034	Pythagorean_Theorem	Pythagorean_theorem	9	false	0	true	false	false	2010-03-11 10:55:41.0	2001-01-18 05:52:48.0	7	162218																				1267500449	1267500448	false		false	1709	2	eg6csnnx6k8mvyxq9kctxsfyl9owlw1			false		false			true	true	
enwiki	revision	create	2001-01-23 03:41:20.0	*	99	37738155	RoseParks	RoseParks							false	false	false	false	false	true	2001-01-21 02:12:21.0		2001-01-18 06:07:37.0	11	1489	30367	Trigonometric_function	Trigonometric_functions	0	true	0	true	false	false	2001-01-23 03:41:20.0	2001-01-23 03:41:20.0	1																					1269774024	0	false		false	5137	5137	9u1laf46s02eqim5ldz28nc8e6ysw5t			false		false			false	false	
enwiki	page	create	2001-01-23 03:41:20.0		99	37738155	RoseParks	RoseParks							false	false	false	false	false	true	2001-01-21 02:12:21.0		2001-01-18 06:07:37.0			30367	Trigonometric_function	Trigonometric_functions	0	true	0	true	false	false	2001-01-23 03:41:20.0	2001-01-23 03:41:20.0																																							
enwiki	revision	create	2001-01-23 03:42:49.0	*	99	37738155	RoseParks	RoseParks							false	false	false	false	false	true	2001-01-21 02:12:21.0		2001-01-18 06:07:37.0	12	89	30367	Trigonometric_function	Trigonometric_functions	0	true	0	true	false	false	2001-01-23 03:41:20.0	2001-01-23 03:41:20.0	2	89																				1269774025	1269774024	false		false	5153	16	jqcrckuxbgi9dti3ommcvi2wj4mgapa			false		false			false	false	
enwiki	user	create	2001-01-23 04:45:47.0		194203	745	Graham87											false	false	true																			12015063	6293869	Nas1-p033.racc2000.com	Nas1-p033.racc2000.com		nocreate					false	false	true	false	false	true	2010-03-27 12:45:37.0	2010-03-27 12:45:37.0	2001-01-23 04:45:47.0																		
enwiki	revision	create	2001-01-23 04:45:47.0	*	12015063	6293869	Nas1-p033.racc2000.com	Nas1-p033.racc2000.com		nocreate					false	false	true	false	false	true	2010-03-27 12:45:37.0	2010-03-27 12:45:37.0	2001-01-23 04:45:47.0	1		26323569	HomePage	HomePage	0	true	0	true	true	false	2010-02-24 14:25:49.0	2001-01-15 19:27:13.0	52	13201																				908493350	908493349	false		false	1179	101	7nzwhdq5b1xuhoprwm521oaay2s38vm			false		true	986116384	623783741	false	true	
enwiki	page	create	2001-01-23 05:04:28.0		7792520	183098	JoshuaGrosse	JoshuaGrosse		nocreate,noemail,nousertalk					true	false	false	false	false	true	2008-09-05 20:14:59.0	2008-09-05 20:14:59.0	2001-01-22 07:11:28.0			16595	KingdomProtista	KingdomProtista	0	true	0	true	true	false	2001-01-23 05:04:28.0	2001-01-23 05:04:28.0																																							
enwiki	revision	create	2001-01-23 05:04:28.0		7792520	183098	JoshuaGrosse	JoshuaGrosse		nocreate,noemail,nousertalk					true	false	false	false	false	true	2008-09-05 20:14:59.0	2008-09-05 20:14:59.0	2001-01-22 07:11:28.0	5	72383	16595	KingdomProtista	KingdomProtista	0	true	0	true	true	false	2001-01-23 05:04:28.0	2001-01-23 05:04:28.0	1																					262178	0	false		false	1689	1689	q12ql4g6y4747jbfjkhumbb8k5pe07i			false		false			false	false	
enwiki	revision	create	2001-01-23 05:20:49.0		7792520	183098	JoshuaGrosse	JoshuaGrosse		nocreate,noemail,nousertalk					true	false	false	false	false	true	2008-09-05 20:14:59.0	2008-09-05 20:14:59.0	2001-01-22 07:11:28.0	6	981	43815710	Amebas_(pseudopod_protists)	Amoeba	0	true	0	true	false	false	2015-11-09 01:22:07.0	2001-01-23 05:20:49.0	1																					1286054692	0	false		false	1386	1386	cq1ecqn9lmji7w7iim0np44cczr9yoi			false		false			false	true	
enwiki	revision	create	2001-01-23 05:21:23.0		7792520	183098	JoshuaGrosse	JoshuaGrosse		nocreate,noemail,nousertalk					true	false	false	false	false	true	2008-09-05 20:14:59.0	2008-09-05 20:14:59.0	2001-01-22 07:11:28.0	7	34	43815710	Amebas_(pseudopod_protists)	Amoeba	0	true	0	true	false	false	2015-11-09 01:22:07.0	2001-01-23 05:20:49.0	2	34																				233211	0	true		false	1490	1490	nemqqm781j7q3ftozsao0cdsg8aafpi			false		false			false	true	
enwiki	revision	create	2001-01-23 05:35:00.0	*	7800319		LarrySanger											false						55	16154	17743639	WikiPediaFaq	FAQ	0	true	4	false	false	false	2008-06-03 01:51:12.0	2001-01-17 01:12:24.0	19	106044																				1269545147	1269545146	false		false	4288	36	4k988v5idx9m86ebuglrp03p34bwz1e			false		false			false	true	
enwiki	revision	create	2001-01-23 05:42:34.0	*	7800319		LarrySanger											false						56	454	26323569	HomePage	HomePage	0	true	0	true	true	false	2010-02-24 14:25:49.0	2001-01-15 19:27:13.0	53	3407																				908493351	908493350	false		false	1077	-102	cmb91i4dt384xi3cbh626ug7jt5prk4			false		true	986116384	623780334	false	true	
enwiki	revision	create	2001-01-23 06:05:41.0	*	7800357	194415	AyeSpy	AyeSpy		nocreate,noemail,nousertalk					false	true	false	false	false	true	2008-09-07 01:37:15.0	2008-09-07 01:37:15.0	2001-01-19 01:10:38.0	8	275489	26666560	ReLigion	ReLigion	0	true	0	true	true	false	2021-05-12 22:47:09.0	2001-01-18 04:39:07.0	9	363303																				1268354473	1268354472	false		false	377	16	2mkab36gdw74hzbpd2ak3z2eay7mq03			false		false			false	true	
enwiki	revision	create	2001-01-23 06:06:16.0	*	43200898	68672526	DIALN-ASYNC389.DIAL.NET.NYU.EDU	DIALN-ASYNC389.DIAL.NET.NYU.EDU							false	false	true	false	false	true	2022-01-16 14:57:58.0	2022-01-16 14:57:59.0	2001-01-23 06:06:16.0	1		51205	What_is_a_wiki	What_is_a_wiki	4	false	4	false	true	false	2001-01-17 00:05:52.0	2001-01-17 00:05:52.0	29	50527																				1066049430	1066049429	false		false	1004	42	e7er9i1qd2pk14gh1upjec58j82n1mq			false		false			false	false	
enwiki	user	create	2001-01-23 06:06:16.0		194203	745	Graham87											false	false	true																			43200898	68672526	DIALN-ASYNC389.DIAL.NET.NYU.EDU	DIALN-ASYNC389.DIAL.NET.NYU.EDU							false	false	true	false	false	true	2022-01-16 14:57:58.0	2022-01-16 14:57:59.0	2001-01-23 06:06:16.0																		
enwiki	revision	create	2001-01-23 06:54:48.0	*	7800319		LarrySanger											false						57	4334	51205	What_is_a_wiki	What_is_a_wiki	4	false	4	false	true	false	2001-01-17 00:05:52.0	2001-01-17 00:05:52.0	30	2912																				1066049431	1066049430	false		false	536	-468	51n2r1wunyp99wfgdlrkvgkhuj2tzlo			false		false			false	false	
enwiki	revision	create	2001-01-23 07:25:03.0	*	7800319		LarrySanger											false						58	1815	17743639	WikiPediaFaq	FAQ	0	true	4	false	false	false	2008-06-03 01:51:12.0	2001-01-17 01:12:24.0	20	6603																				1269545148	1269545147	false		false	4487	199	qwbh88g5cn4fh0j0vf3dujf095utlw0			false		false			false	true	
enwiki	revision	create	2001-01-23 07:39:03.0		7792520	183098	JoshuaGrosse	JoshuaGrosse		nocreate,noemail,nousertalk					true	false	false	false	false	true	2008-09-05 20:14:59.0	2008-09-05 20:14:59.0	2001-01-22 07:11:28.0	8	8260	18745	MathematicalGrouP	MathematicalGrouP	0	true	0	true	true	false	2001-01-17 00:25:58.0	2001-01-17 00:25:58.0	10	31703																				1271963089	1271963088	false		false	2593	0	pffdlndieeflkj0swijacafm94f4lx2			false		false			false	false	
enwiki	revision	create	2001-01-23 08:34:11.0		7792520	183098	JoshuaGrosse	JoshuaGrosse		nocreate,noemail,nousertalk					true	false	false	false	false	true	2008-09-05 20:14:59.0	2008-09-05 20:14:59.0	2001-01-22 07:11:28.0	9	3308	18745	MathematicalGrouP	MathematicalGrouP	0	true	0	true	true	false	2001-01-17 00:25:58.0	2001-01-17 00:25:58.0	11	3308																				1271963090	1271963089	false		false	3416	823	47gy54mtm62hjlw6xk19ikvpa0ddadj			false		false			false	false	
enwiki	revision	create	2001-01-23 08:35:43.0		7792520	183098	JoshuaGrosse	JoshuaGrosse		nocreate,noemail,nousertalk					true	false	false	false	false	true	2008-09-05 20:14:59.0	2008-09-05 20:14:59.0	2001-01-22 07:11:28.0	10	92	18745	MathematicalGrouP	MathematicalGrouP	0	true	0	true	true	false	2001-01-17 00:25:58.0	2001-01-17 00:25:58.0	12	92																				1271963091	1271963090	false		false	3477	61	037m9jyn02ub5y1p1ggeigkvq91k75l			false		false			false	false	
enwiki	revision	create	2001-01-23 08:49:37.0		7792520	183098	JoshuaGrosse	JoshuaGrosse		nocreate,noemail,nousertalk					true	false	false	false	false	true	2008-09-05 20:14:59.0	2008-09-05 20:14:59.0	2001-01-22 07:11:28.0	11	834	18740	MathematicsAndStatistics	MathematicsAndStatistics	0	true	0	true	true	false	2001-01-16 18:54:55.0	2001-01-16 18:54:55.0	12	33179																				1271656195	1271656194	false		false	310	39	f8q2iv5ztxn5acbbl2hhtpx8z7h651f			false		false			false	false	
enwiki	revision	create	2001-01-23 09:00:46.0	*	7792520	183098	JoshuaGrosse	JoshuaGrosse		nocreate,noemail,nousertalk					true	false	false	false	false	true	2008-09-05 20:14:59.0	2008-09-05 20:14:59.0	2001-01-22 07:11:28.0	12	669	18750	ModularArithmetic	ModularArithmetic	0	true	0	true	true	false	2001-01-23 09:00:46.0	2001-01-23 09:00:46.0	1																					265538	0	false		false	742	742	bcivy32pocc4m90uz1euna0lxb4owz1			false		false			false	false	
enwiki	page	create	2001-01-23 09:00:46.0		7792520	183098	JoshuaGrosse	JoshuaGrosse		nocreate,noemail,nousertalk					true	false	false	false	false	true	2008-09-05 20:14:59.0	2008-09-05 20:14:59.0	2001-01-22 07:11:28.0			18750	ModularArithmetic	ModularArithmetic	0	true	0	true	true	false	2001-01-23 09:00:46.0	2001-01-23 09:00:46.0																																							
enwiki	revision	create	2001-01-23 09:04:53.0	*	7792520	183098	JoshuaGrosse	JoshuaGrosse		nocreate,noemail,nousertalk					true	false	false	false	false	true	2008-09-05 20:14:59.0	2008-09-05 20:14:59.0	2001-01-22 07:11:28.0	13	247	25360	RationalNumbers	RationalNumbers	0	true	0	true	true	false	2001-01-23 09:04:53.0	2001-01-23 09:04:53.0	1																					277041	0	false		false	83	83	9aj2yuvnufjzt0gq3tqeqbrilx0tj7f			false		false			false	false	
enwiki	page	create	2001-01-23 09:04:53.0		7792520	183098	JoshuaGrosse	JoshuaGrosse		nocreate,noemail,nousertalk					true	false	false	false	false	true	2008-09-05 20:14:59.0	2008-09-05 20:14:59.0	2001-01-22 07:11:28.0			25360	RationalNumbers	RationalNumbers	0	true	0	true	true	false	2001-01-23 09:04:53.0	2001-01-23 09:04:53.0																																							
enwiki	revision	create	2001-01-23 10:24:27.0	*			195.156.30.xxx	195.156.30.xxx										true								26608											1																					279647	0	false		false	6376	6376	1eh4gxkt3gyy9qtofx0o0nctyb6ztl8			false		false			false	false	
enwiki	user	create	2001-01-23 10:52:14.0		194203	745	Graham87											false	false	true																			49035810	77370379	Isp.actis.de	Isp.actis.de							false	false	true	false	false	true	2025-01-11 11:30:57.0	2025-01-11 11:30:58.0	2001-01-23 10:52:14.0																		
enwiki	revision	create	2001-01-23 10:52:14.0	*	49035810	77370379	Isp.actis.de	Isp.actis.de							false	false	true	false	false	true	2025-01-11 11:30:57.0	2025-01-11 11:30:58.0	2001-01-23 10:52:14.0	1		11833	GerMany	GerMany	0	true	0	true	true	false	2001-01-20 22:32:39.0	2001-01-20 22:32:39.0	4	55701																				1268759953	1268759952	false		false	2109	-6	0hig4x7g4oxz0e6bxy0ratm2ze1eomm			false		false			false	false	
enwiki	user	create	2001-01-23 13:51:08.0		194203	745	Graham87											false	false	true																			10309920	3811829	PittiPan	PittiPan							false	false	true	false	false	true	2009-08-12 09:16:47.0	2009-08-12 09:16:48.0	2001-01-23 13:51:08.0																		
enwiki	revision	create	2001-01-23 13:51:08.0	*	10309920	3811829	PittiPan	PittiPan							false	false	true	false	false	true	2009-08-12 09:16:47.0	2009-08-12 09:16:48.0	2001-01-23 13:51:08.0	1		23955225	PittiPan	PittiPan	2	false	2	false	false	false	2009-08-12 09:16:08.0	2001-01-23 13:51:08.0	1																					310528359	310528310	false		false	30	-48	lbho1fxqjy08qjl9jv30iphd26ur07o			false		false			false	true	
enwiki	revision	create	2001-01-23 13:54:05.0	*	10309920	3811829	PittiPan	PittiPan							false	false	true	false	false	true	2009-08-12 09:16:47.0	2009-08-12 09:16:48.0	2001-01-23 13:51:08.0	2	177	23955225	PittiPan	PittiPan	2	false	2	false	false	false	2009-08-12 09:16:08.0	2001-01-23 13:51:08.0	2	177																				761321843	310528359	false		false	78	48	bz11d54ru8iaxvdbuy93sfm8uyd5x7s			false		false			false	true	
enwiki	revision	create	2001-01-23 13:57:25.0	*	10309920	3811829	PittiPan	PittiPan							false	false	true	false	false	true	2009-08-12 09:16:47.0	2009-08-12 09:16:48.0	2001-01-23 13:51:08.0	3	200	11833	GerMany	GerMany	0	true	0	true	true	false	2001-01-20 22:32:39.0	2001-01-20 22:32:39.0	5	11111																				253514	0	false		false	5273	5273	ch20iw3hosxtq8jyhh8k8vngfl413uu			false		false			false	false	
enwiki	revision	create	2001-01-23 15:16:29.0	*	10309920	3811829	PittiPan	PittiPan							false	false	true	false	false	true	2009-08-12 09:16:47.0	2009-08-12 09:16:48.0	2001-01-23 13:51:08.0	4	4744	11833	GerMany	GerMany	0	true	0	true	true	false	2001-01-20 22:32:39.0	2001-01-20 22:32:39.0	6	4744																				253515	253514	false		false	14	-5259	l0292fints3lpbnn403kmtose3i6541			false		false			false	false	
enwiki	revision	create	2001-01-23 15:54:31.0	*	99	37738155	RoseParks	RoseParks							false	false	false	false	false	true	2001-01-21 02:12:21.0		2001-01-18 06:07:37.0	13	43902	18745	MathematicalGrouP	MathematicalGrouP	0	true	0	true	true	false	2001-01-17 00:25:58.0	2001-01-17 00:25:58.0	13	26328																				1271963092	1271963091	false		false	3477	0	nv1dgvqjooet1hl4k4zxyif2k3d6ucs			false		false			false	false	
enwiki	revision	create	2001-01-23 15:58:45.0	*	99	37738155	RoseParks	RoseParks							false	false	false	false	false	true	2001-01-21 02:12:21.0		2001-01-18 06:07:37.0	14	254	30367	Trigonometric_function	Trigonometric_functions	0	true	0	true	false	false	2001-01-23 03:41:20.0	2001-01-23 03:41:20.0	3	44156																				1269774026	1269774025	false		false	5305	152	gjgp0l4t2dyvqqxocbpmi6ti0dshaiz			false		false			false	false	
enwiki	revision	create	2001-01-23 20:03:35.0	*	11946325	6192840	C373514-a.provo1.ut.home.com	C373514-a.provo1.ut.home.com		nocreate					false	false	true	false	false	true	2010-03-18 07:35:40.0	2010-03-18 07:35:41.0	2001-01-21 02:30:08.0	13	161110	26666560	ReLigion	ReLigion	0	true	0	true	true	false	2021-05-12 22:47:09.0	2001-01-18 04:39:07.0	10	50274																				1268354474	1268354473	false		false	481	104	49iem4tuy5b2oqpa6xhl5na0do7uf5v			false		false			false	true	
enwiki	revision	create	2001-01-23 20:04:17.0	* Added thoughts for GNE/GNUpedia/Alexandria architecture			24.65.198.xxx	24.65.198.xxx										true								11839	GNUStufF	Historical_archive/GNE_project_files/GNUStufF	0	true	4	false	false	false	2001-01-23 00:54:55.0	2001-01-23 00:54:55.0	4	68610																				1264499815	1264499814	false		false	428	20	jovgwgc8uphnndo4n2pxumqvxycoixo			false		false			false	false	
enwiki	revision	create	2001-01-23 20:06:27.0	*			24.65.198.xxx	24.65.198.xxx										true								11839	GNUStufF	Historical_archive/GNE_project_files/GNUStufF	0	true	4	false	false	false	2001-01-23 00:54:55.0	2001-01-23 00:54:55.0	5	130																				1264499816	1264499815	false		false	428	0	9ger9bud4snws2wtrfiq1ovwajwlsjq			false		false			false	false	
enwiki	revision	create	2001-01-23 20:08:16.0	*Added information about GNEArchitecture			24.65.198.xxx	24.65.198.xxx										true								12412											1																					1264519161	0	false		false	8476	8476	rcejdrlajcqzpzxflrxxq2sa8srdyx3			false		false			false	false	
enwiki	revision	create	2001-01-23 20:16:14.0	*			24.65.198.xxx	24.65.198.xxx										true								12412											2	478																				1264519162	1264519161	false		false	8480	4	a237v0pkb06dhutf3meuls4hqjfd47k			false		false			false	false	
enwiki	user	create	2001-01-23 20:18:15.0																																				312772	22077890	MikeWarren	MikeWarren							false	false	false	false	false	true			2001-01-23 20:18:15.0																		
enwiki	page	create	2001-01-23 20:18:15.0		312772	22077890	MikeWarren	MikeWarren							false	false	false	false	false	true			2001-01-23 20:18:15.0			12412	GNE_Project_Files/GNE_Architecture	Historical_archive/GNE_project_files/GNE_Architecture	4	false	4	false	false	false	2001-01-23 20:18:15.0	2001-01-23 20:18:15.0																																							
enwiki	revision	create	2001-01-23 20:18:15.0	*	312772	22077890	MikeWarren	MikeWarren							false	false	false	false	false	true			2001-01-23 20:18:15.0	1		12412	GNE_Project_Files/GNE_Architecture	Historical_archive/GNE_project_files/GNE_Architecture	4	false	4	false	false	false	2001-01-23 20:18:15.0	2001-01-23 20:18:15.0	3	121																				1264519163	1264519162	false		false	8463	-17	loq8iknwks14dqybuny7s3rde3ver72			false		false			false	false	
enwiki	revision	create	2001-01-23 20:18:47.0	*	312772	22077890	MikeWarren	MikeWarren							false	false	false	false	false	true			2001-01-23 20:18:15.0	2	32	12412	GNE_Project_Files/GNE_Architecture	Historical_archive/GNE_project_files/GNE_Architecture	4	false	4	false	false	false	2001-01-23 20:18:15.0	2001-01-23 20:18:15.0	4	32																				1264519164	1264519163	false		false	8460	-3	mtnp4m5tvmdb1w9fupslptkhffp1hi4			false		false			false	false	
enwiki	revision	create	2001-01-23 20:19:14.0	*	7800319		LarrySanger											false						59	46451	32840	WikiPedia	WikiPedia	0	true	0	true	true	false	2001-01-15 19:52:32.0	2001-01-15 19:52:32.0	13	218855																				999508070	999508069	false		false	655	19	1frf4ouwhpywvqlhm77p3pcrktdvkt3			false		false			false	false	
enwiki	revision	create	2001-01-23 20:20:39.0	*	7800319		LarrySanger											false						60	85	30259707	WikiPedians	WikiPedians	0	true	0	true	true	false	2011-09-30 08:44:03.0	2001-01-17 00:22:35.0	6	159644																				294259	0	false		false	233	233	emjzu6t6o53vrimliifhzozu2pomg1a			false		false			false	true	
enwiki	revision	create	2001-01-23 20:21:38.0	*	312772	22077890	MikeWarren	MikeWarren							false	false	false	false	false	true			2001-01-23 20:18:15.0	3	171	55307	MikeWarren	MikeWarren	2	false	2	false	false	false	2001-01-23 20:21:38.0	2001-01-23 20:21:38.0	1																					1264497585	0	false		false	352	352	l3a6w40xncgll7ppni9rjzywhf4azrp			false		false			false	false	
enwiki	page	create	2001-01-23 20:21:38.0		312772	22077890	MikeWarren	MikeWarren							false	false	false	false	false	true			2001-01-23 20:18:15.0			55307	MikeWarren	MikeWarren	2	false	2	false	false	false	2001-01-23 20:21:38.0	2001-01-23 20:21:38.0																																							
enwiki	revision	create	2001-01-23 20:21:45.0	*	7800319		LarrySanger											false						61	66	32840	WikiPedia	WikiPedia	0	true	0	true	true	false	2001-01-15 19:52:32.0	2001-01-15 19:52:32.0	14	151																				999508071	999508070	false		false	676	21	ezmbqn8d9oom2fgnqc66lte1zuyqlbj			false		false			false	false	
enwiki	revision	create	2001-01-23 21:21:30.0	*	12021691	6303725	PPPa83-ResaleSaltLakeCity2-2R7218.dialinx.net	PPPa83-ResaleSaltLakeCity2-2R7218.dialinx.net		nocreate					false	false	true	false	false	true	2010-03-28 13:22:57.0	2010-03-28 13:22:58.0	2001-01-23 21:21:30.0	1		26323569	HomePage	HomePage	0	true	0	true	true	false	2010-02-24 14:25:49.0	2001-01-15 19:27:13.0	54	56336																				908493352	908493351	false		false	1101	24	hadfvgnanuns5e14eg4cksxaj3fofut			false		true	986116384	623723998	false	true	
enwiki	user	create	2001-01-23 21:21:30.0		194203	745	Graham87											false	false	true																			12021691	6303725	PPPa83-ResaleSaltLakeCity2-2R7218.dialinx.net	PPPa83-ResaleSaltLakeCity2-2R7218.dialinx.net		nocreate					false	false	true	false	false	true	2010-03-28 13:22:57.0	2010-03-28 13:22:58.0	2001-01-23 21:21:30.0																		
enwiki	page	create	2001-01-23 21:25:11.0		12021691	6303725	PPPa83-ResaleSaltLakeCity2-2R7218.dialinx.net	PPPa83-ResaleSaltLakeCity2-2R7218.dialinx.net		nocreate					false	false	true	false	false	true	2010-03-28 13:22:57.0	2010-03-28 13:22:58.0	2001-01-23 21:21:30.0			26734192	ArtsandEntertainment	ArtsandEntertainment	0	true	0	true		true	2001-01-23 21:25:11.0	2001-01-23 21:25:11.0																																							
enwiki	revision	create	2001-01-23 21:25:11.0		12021691	6303725	PPPa83-ResaleSaltLakeCity2-2R7218.dialinx.net	PPPa83-ResaleSaltLakeCity2-2R7218.dialinx.net		nocreate					false	false	true	false	false	true	2010-03-28 13:22:57.0	2010-03-28 13:22:58.0	2001-01-23 21:21:30.0	2	221	26734192	ArtsandEntertainment	ArtsandEntertainment	0	true	0	true		true	2001-01-23 21:25:11.0	2001-01-23 21:25:11.0	1																					352529827		false		false	67	67	2xxpl6aungmxttmx3jwwujhkjergtpt			true	2010-03-28 13:20:25.0	false			false	false	
enwiki	revision	create	2001-01-23 21:26:54.0	*	12021691	6303725	PPPa83-ResaleSaltLakeCity2-2R7218.dialinx.net	PPPa83-ResaleSaltLakeCity2-2R7218.dialinx.net		nocreate					false	false	true	false	false	true	2010-03-28 13:22:57.0	2010-03-28 13:22:58.0	2001-01-23 21:21:30.0	3	103	21555729	Film	Film	0	true	0	true	false	false	2009-02-16 02:27:41.0	2001-01-23 21:26:54.0	1																					1276901952	0	false		false	28	28	jeo9o29pponvx620jb43skfzeqjvmcw			false		false			false	true	
enwiki	revision	create	2001-01-23 21:36:06.0	Film Theory and Criticism	12021691	6303725	PPPa83-ResaleSaltLakeCity2-2R7218.dialinx.net	PPPa83-ResaleSaltLakeCity2-2R7218.dialinx.net		nocreate					false	false	true	false	false	true	2010-03-28 13:22:57.0	2010-03-28 13:22:58.0	2001-01-23 21:21:30.0	4	552	11065202	Film_criticism	Film_criticism	0	true	0	true	false	false	2007-05-05 05:16:33.0	2001-01-23 21:36:06.0	1																					1277030549	0	false		false	776	776	2t8wn9brwwg20arhyyfsaivk88f6jij			false		false			false	true	
enwiki	revision	create	2001-01-23 21:37:50.0	Film Theory and Criticism	12021691	6303725	PPPa83-ResaleSaltLakeCity2-2R7218.dialinx.net	PPPa83-ResaleSaltLakeCity2-2R7218.dialinx.net		nocreate					false	false	true	false	false	true	2010-03-28 13:22:57.0	2010-03-28 13:22:58.0	2001-01-23 21:21:30.0	5	104	11065202	Film_criticism	Film_criticism	0	true	0	true	false	false	2007-05-05 05:16:33.0	2001-01-23 21:36:06.0	2	104																				1277030550	1277030549	false		false	698	-78	kpj1ok9rghuxwa0ug6aubnhny5kbx9s			false		false			false	true	
enwiki	page	create	2001-01-23 21:47:42.0		12021691	6303725	PPPa83-ResaleSaltLakeCity2-2R7218.dialinx.net	PPPa83-ResaleSaltLakeCity2-2R7218.dialinx.net		nocreate					false	false	true	false	false	true	2010-03-28 13:22:57.0	2010-03-28 13:22:58.0	2001-01-23 21:21:30.0			32898	W._K._Dickson	William_Kennedy_Dickson	0	true	0	true	false	false	2001-01-23 21:47:42.0	2001-01-23 21:47:42.0																																							
enwiki	revision	create	2001-01-23 21:47:42.0	*	12021691	6303725	PPPa83-ResaleSaltLakeCity2-2R7218.dialinx.net	PPPa83-ResaleSaltLakeCity2-2R7218.dialinx.net		nocreate					false	false	true	false	false	true	2010-03-28 13:22:57.0	2010-03-28 13:22:58.0	2001-01-23 21:21:30.0	6	592	32898	W._K._Dickson	William_Kennedy_Dickson	0	true	0	true	false	false	2001-01-23 21:47:42.0	2001-01-23 21:47:42.0	1																					294299	0	false		false	277	277	qa8rdgkq9lf3uvnaoxqmjcwu74whzq1			false		false			false	false	
enwiki	revision	create	2001-01-23 21:50:30.0	*	12021691	6303725	PPPa83-ResaleSaltLakeCity2-2R7218.dialinx.net	PPPa83-ResaleSaltLakeCity2-2R7218.dialinx.net		nocreate					false	false	true	false	false	true	2010-03-28 13:22:57.0	2010-03-28 13:22:58.0	2001-01-23 21:21:30.0	7	168	29778	.ł-ł..A.G.G.E.R.??	Thomas_Edison	0	true	0	true	false	false	2001-01-23 21:50:30.0	2001-01-23 21:50:30.0	1																					1264736677	0	false		false	448	448	pldnhs61unq5ullh4kra7jpufyyirgy			false		false			false	false	
enwiki	page	create	2001-01-23 21:50:30.0		12021691	6303725	PPPa83-ResaleSaltLakeCity2-2R7218.dialinx.net	PPPa83-ResaleSaltLakeCity2-2R7218.dialinx.net		nocreate					false	false	true	false	false	true	2010-03-28 13:22:57.0	2010-03-28 13:22:58.0	2001-01-23 21:21:30.0			29778	.ł-ł..A.G.G.E.R.??	Thomas_Edison	0	true	0	true	false	false	2001-01-23 21:50:30.0	2001-01-23 21:50:30.0																																							
enwiki	revision	create	2001-01-23 22:31:17.0	*	479	17255773	JimboWales	JimboWales		nocreate,noautoblock					false	false	false	false	false	true	2001-01-23 22:34:16.0		2001-01-19 01:24:40.0	7	77152	22951	Psychological_egoism	Psychological_egoism	0	true	0	true	false	false	2001-01-21 23:18:39.0	2001-01-21 23:18:39.0	2	169958																				1264749469	1264749468	false		false	235	146	qpf7gia7mqm3tdlzobn99rlre42bvpr			false		false			false	false	
enwiki	revision	create	2001-01-23 22:31:31.0	*	479	17255773	JimboWales	JimboWales		nocreate,noautoblock					false	false	false	false	false	true	2001-01-23 22:34:16.0		2001-01-19 01:24:40.0	8	14	22951	Psychological_egoism	Psychological_egoism	0	true	0	true	false	false	2001-01-21 23:18:39.0	2001-01-21 23:18:39.0	3	14																				1264749470	1264749469	false		false	237	2	6383q1izajtwbv8i7k0d7o92mq9j8et			false		false			false	false	
enwiki	revision	create	2001-01-23 22:31:47.0	*	479	17255773	JimboWales	JimboWales		nocreate,noautoblock					false	false	false	false	false	true	2001-01-23 22:34:16.0		2001-01-19 01:24:40.0	9	16	22951	Psychological_egoism	Psychological_egoism	0	true	0	true	false	false	2001-01-21 23:18:39.0	2001-01-21 23:18:39.0	4	16																				1264749471	1264749470	false		false	231	-6	qae7vipynhz7ryw7q4uulqmovecephe			false		false			false	false	
enwiki	revision	create	2001-01-23 22:34:16.0	*	479	17255773	JimboWales	JimboWales		nocreate,noautoblock					false	false	false	false	false	true	2001-01-23 22:34:16.0		2001-01-19 01:24:40.0	10	149	29778	.ł-ł..A.G.G.E.R.??	Thomas_Edison	0	true	0	true	false	false	2001-01-23 21:50:30.0	2001-01-23 21:50:30.0	2	2626																				286375	0	false		false	632	632	d5l0w6atia5nki9xotkok6e42tung16			false		false			false	false	
enwiki	revision	create	2001-01-23 23:13:48.0	*			192.208.8.xxx	192.208.8.xxx										true								12412	GNE_Project_Files/GNE_Architecture	Historical_archive/GNE_project_files/GNE_Architecture	4	false	4	false	false	false	2001-01-23 20:18:15.0	2001-01-23 20:18:15.0	5	10501																				1264519165	1264519164	false		false	8578	118	kcurk2rc96jf0tgf7txo0g8cwoe9mas			false		false			false	false	
enwiki	revision	create	2001-01-23 23:29:27.0	*	7800357	194415	AyeSpy	AyeSpy		nocreate,noemail,nousertalk					false	true	false	false	false	true	2008-09-07 01:37:15.0	2008-09-07 01:37:15.0	2001-01-19 01:10:38.0	9	62626	26666560	ReLigion	ReLigion	0	true	0	true	true	false	2021-05-12 22:47:09.0	2001-01-18 04:39:07.0	11	12352																				1268354475	1268354474	false		false	552	71	75laep9mcnmrtvdoy5gewp09deo5590			false		false			false	true	
enwiki	revision	create	2001-01-23 23:46:40.0	*	7800319		LarrySanger											false						62	12295	26666560	ReLigion	ReLigion	0	true	0	true	true	false	2021-05-12 22:47:09.0	2001-01-18 04:39:07.0	12	1033																				1268354476	1268354475	false		false	564	12	3kmarxiyehhuh16fevebt4h2b6sb2r2			false		false			false	true	
enwiki	revision	create	2001-01-23 23:47:34.0	*	7800319		LarrySanger											false						63	54	26666560	ReLigion	ReLigion	0	true	0	true	true	false	2021-05-12 22:47:09.0	2001-01-18 04:39:07.0	13	54																				1268354477	1268354476	false		false	576	12	oz52skubca1s6vjjrplj0dav6j3nol8			false		false			false	true	
enwiki	revision	create	2001-01-24 01:33:44.0	*			192.208.8.xxx	192.208.8.xxx										true								12412	GNE_Project_Files/GNE_Architecture	Historical_archive/GNE_project_files/GNE_Architecture	4	false	4	false	false	false	2001-01-23 20:18:15.0	2001-01-23 20:18:15.0	6	8396																				1264519166	1264519165	false		false	8568	-10	690z199563b6o29hnfusm41nxm2bq2k			false		false			false	false	
enwiki	revision	create	2001-01-24 01:35:36.0	*	7800357	194415	AyeSpy	AyeSpy		nocreate,noemail,nousertalk					false	true	false	false	false	true	2008-09-07 01:37:15.0	2008-09-07 01:37:15.0	2001-01-19 01:10:38.0	10	7569	11065202	Film_criticism	Film_criticism	0	true	0	true	false	false	2007-05-05 05:16:33.0	2001-01-23 21:36:06.0	3	14266																				250889	0	false		false	728	728	l5z8a4dxxdy4hi44uki8rwynzwg81cc			false		false			false	true	
enwiki	revision	create	2001-01-24 01:46:30.0	*			192.208.8.xxx	192.208.8.xxx										true								11839	GNUStufF	Historical_archive/GNE_project_files/GNUStufF	0	true	4	false	false	false	2001-01-23 00:54:55.0	2001-01-23 00:54:55.0	6	20403																				1264499817	1264499816	false		false	446	18	hmvnlms9j7m6o3usmcu65d8ps0zf7q0			false		false			false	false	
enwiki	page	create	2001-01-24 01:57:44.0		312772	22077890	MikeWarren	MikeWarren							false	false	false	false	false	true			2001-01-23 20:18:15.0			12413	GNE_Project_Files/Preliminary_DTD	Historical_archive/GNE_project_files/Preliminary_DTD	4	false	4	false	false	false	2001-01-24 01:57:44.0	2001-01-24 01:57:44.0																																							
enwiki	revision	create	2001-01-24 01:57:44.0	*	312772	22077890	MikeWarren	MikeWarren							false	false	false	false	false	true			2001-01-23 20:18:15.0	4	20166	12413	GNE_Project_Files/Preliminary_DTD	Historical_archive/GNE_project_files/Preliminary_DTD	4	false	4	false	false	false	2001-01-24 01:57:44.0	2001-01-24 01:57:44.0	1																					1264543380	0	false		false	1889	1889	mq51k4jjprip8knt7codetwgpliwvco			false		false			false	false	
enwiki	revision	create	2001-01-24 02:00:35.0	*	312772	22077890	MikeWarren	MikeWarren							false	false	false	false	false	true			2001-01-23 20:18:15.0	5	171	12413	GNE_Project_Files/Preliminary_DTD	Historical_archive/GNE_project_files/Preliminary_DTD	4	false	4	false	false	false	2001-01-24 01:57:44.0	2001-01-24 01:57:44.0	2	171																				1264543381	1264543380	false		false	1961	72	68580wxf8uiaxgg05v7yb7s4mouriie			false		false			false	false	
enwiki	revision	create	2001-01-24 02:01:10.0	*	312772	22077890	MikeWarren	MikeWarren							false	false	false	false	false	true			2001-01-23 20:18:15.0	6	35	12413	GNE_Project_Files/Preliminary_DTD	Historical_archive/GNE_project_files/Preliminary_DTD	4	false	4	false	false	false	2001-01-24 01:57:44.0	2001-01-24 01:57:44.0	3	35																				1264543382	1264543381	false		false	1964	3	f1y90fqeikgnueokww60ucytay0671g			false		false			false	false	
enwiki	revision	create	2001-01-24 02:01:42.0	*	312772	22077890	MikeWarren	MikeWarren							false	false	false	false	false	true			2001-01-23 20:18:15.0	7	32	12413	GNE_Project_Files/Preliminary_DTD	Historical_archive/GNE_project_files/Preliminary_DTD	4	false	4	false	false	false	2001-01-24 01:57:44.0	2001-01-24 01:57:44.0	4	32																				1264543383	1264543382	false		false	1962	-2	9xsoohz7u0dqumjxp4uhaueq5omff0w			false		false			false	false	
enwiki	revision	create	2001-01-24 02:03:41.0	*	312772	22077890	MikeWarren	MikeWarren							false	false	false	false	false	true			2001-01-23 20:18:15.0	8	119	12413	GNE_Project_Files/Preliminary_DTD	Historical_archive/GNE_project_files/Preliminary_DTD	4	false	4	false	false	false	2001-01-24 01:57:44.0	2001-01-24 01:57:44.0	5	119																				1264543384	1264543383	false		false	1956	-6	1jryh0n7xo6z5cp2qpumw82okz9pp74			false		false			false	false	
enwiki	revision	create	2001-01-24 02:08:00.0	*	99	37738155	RoseParks	RoseParks							false	false	false	false	false	true	2001-01-21 02:12:21.0		2001-01-18 06:07:37.0	15	36555	30367	Trigonometric_function	Trigonometric_functions	0	true	0	true	false	false	2001-01-23 03:41:20.0	2001-01-23 03:41:20.0	4	36555																				1269774027	1269774026	false		false	5321	16	kf4odrhbqtd0avo5lls8e5amq6rv19v			false		false			false	false	
enwiki	revision	create	2001-01-24 02:23:46.0	*	7800319		LarrySanger											false						64	9372	30367	Trigonometric_function	Trigonometric_functions	0	true	0	true	false	false	2001-01-23 03:41:20.0	2001-01-23 03:41:20.0	5	946																				1269774028	1269774027	false		false	5322	1	ehe6xmoonvdlcuo3hhef00ia80fnoh8			false		false			false	false	
enwiki	revision	create	2001-01-24 02:24:14.0	*	7800319		LarrySanger											false						65	28	30367	Trigonometric_function	Trigonometric_functions	0	true	0	true	false	false	2001-01-23 03:41:20.0	2001-01-23 03:41:20.0	6	28																				1269774029	1269774028	false		false	5322	0	e4xu6c5nprzo2pkncfqg7a525vq8ep9			false		false			false	false	
enwiki	revision	create	2001-01-24 03:07:26.0	* added unique ID	312772	22077890	MikeWarren	MikeWarren							false	false	false	false	false	true			2001-01-23 20:18:15.0	9	3825	12413	GNE_Project_Files/Preliminary_DTD	Historical_archive/GNE_project_files/Preliminary_DTD	4	false	4	false	false	false	2001-01-24 01:57:44.0	2001-01-24 01:57:44.0	6	3825																				1264543385	1264543384	false		false	2008	52	eimp32iisg6p3f9yjn2lgqgmeegtz2c			false		false			false	false	
enwiki	revision	create	2001-01-24 03:07:53.0	*	312772	22077890	MikeWarren	MikeWarren							false	false	false	false	false	true			2001-01-23 20:18:15.0	10	27	12413	GNE_Project_Files/Preliminary_DTD	Historical_archive/GNE_project_files/Preliminary_DTD	4	false	4	false	false	false	2001-01-24 01:57:44.0	2001-01-24 01:57:44.0	7	27																				1264543386	1264543385	false		false	2008	0	08npl8f33qat70p2rjxy09vjhxykfqn			false		false			false	false	
enwiki	revision	create	2001-01-24 06:46:35.0	*	11946325	6192840	C373514-a.provo1.ut.home.com	C373514-a.provo1.ut.home.com		nocreate					false	false	true	false	false	true	2010-03-18 07:35:40.0	2010-03-18 07:35:41.0	2001-01-21 02:30:08.0	14	38580	336	Altruism	Altruism	0	true	0	true	false	false	2001-01-21 23:11:31.0	2001-01-21 23:11:31.0	3	199754																				1320694249	1320694248	false		false	982	187	0j6y7p2jfnzo2b7d3qmkdp0pem960wz			false		false			false	false	
enwiki	revision	create	2001-01-24 06:48:33.0	*	11946325	6192840	C373514-a.provo1.ut.home.com	C373514-a.provo1.ut.home.com		nocreate					false	false	true	false	false	true	2010-03-18 07:35:40.0	2010-03-18 07:35:41.0	2001-01-21 02:30:08.0	15	118	336	Altruism	Altruism	0	true	0	true	false	false	2001-01-21 23:11:31.0	2001-01-21 23:11:31.0	4	118																				1320694250	1320694249	false		false	989	7	92bzoaesxu18onwoyvw3up43tcl1ewc			false		false			false	false	
enwiki	revision	create	2001-01-24 06:51:07.0	*			c373514-a.provo1.ut.home.com	c373514-a.provo1.ut.home.com										true								21870297	KlausSeistrup	KlausSeistrup	2	false	2	false	false	false	2009-03-08 07:53:20.0	2001-01-21 21:47:41.0	11	199038																				275769641	275769575	false		false	834	-6	tghoxq4u8wh7m9tusbwsoef97al2sy1			false		false			false	true	
enwiki	revision	create	2001-01-24 06:53:38.0	*	7800319		LarrySanger											false						66	16164	336	Altruism	Altruism	0	true	0	true	false	false	2001-01-21 23:11:31.0	2001-01-21 23:11:31.0	5	305																				1320694251	1320694250	false		false	1805	816	sf6uoh10jdmoa9f9zw85a4snn20onr9			false		false			false	false	
enwiki	revision	create	2001-01-24 06:57:36.0	*	7800319		LarrySanger											false						67	238	336	Altruism	Altruism	0	true	0	true	false	false	2001-01-21 23:11:31.0	2001-01-21 23:11:31.0	6	238																				1320694252	1320694251	false		false	1876	71	sd6pjoyhy76eczq5u9fsqzwrrtvejpo			false		false			false	false	
enwiki	revision	create	2001-01-24 08:02:26.0	*	7792520	183098	JoshuaGrosse	JoshuaGrosse		nocreate,noemail,nousertalk					true	false	false	false	false	true	2008-09-05 20:14:59.0	2008-09-05 20:14:59.0	2001-01-22 07:11:28.0	14	82653	336	Altruism	Altruism	0	true	0	true	false	false	2001-01-21 23:11:31.0	2001-01-21 23:11:31.0	7	3890																				1320694253	1320694252	false		false	2479	603	p8b3u2askefjf9dpu3x80ncormwymkw			false		false			false	false	
enwiki	revision	create	2001-01-24 08:39:42.0	*SURE CURE FORHEADACHE AND TENSION			202.9.176.xxx	202.9.176.xxx										true								18858											1																					1266167255	0	false		false	511	511	r5apmpyf7fkp0oi3e6aaz71hh7kv6im			false		false			false	false	
enwiki	revision	create	2001-01-24 08:44:44.0	The <article> tag should include the version of the DTD used since the DTD will undoubtedly change over time.	48941440	77231006	Cache2.uct.ac.za	Cache2.uct.ac.za							false	false	true	false	false	true	2024-12-22 09:58:56.0	2024-12-22 09:58:57.0	2001-01-24 08:44:44.0	1		12413	GNE_Project_Files/Preliminary_DTD	Historical_archive/GNE_project_files/Preliminary_DTD	4	false	4	false	false	false	2001-01-24 01:57:44.0	2001-01-24 01:57:44.0	8	20211																				1264543387	1264543386	false		false	2040	32	b2f5f26t4b0caapinf5c6riy34c6qbq			false		false			false	false	
enwiki	user	create	2001-01-24 08:44:44.0		194203	745	Graham87											false	false	true																			48941440	77231006	Cache2.uct.ac.za	Cache2.uct.ac.za							false	false	true	false	false	true	2024-12-22 09:58:56.0	2024-12-22 09:58:57.0	2001-01-24 08:44:44.0																		
enwiki	revision	create	2001-01-24 09:06:08.0		7792520	183098	JoshuaGrosse	JoshuaGrosse		nocreate,noemail,nousertalk					true	false	false	false	false	true	2008-09-05 20:14:59.0	2008-09-05 20:14:59.0	2001-01-22 07:11:28.0	15	3822	18745	MathematicalGrouP	MathematicalGrouP	0	true	0	true	true	false	2001-01-17 00:25:58.0	2001-01-17 00:25:58.0	14	61897																				1271963093	1271963092	false		false	2308	-1169	jcr3fncfoa2wgoaz7zoytql68awdzpe			false		false			false	false	
enwiki	revision	create	2001-01-24 09:06:27.0		7792520	183098	JoshuaGrosse	JoshuaGrosse		nocreate,noemail,nousertalk					true	false	false	false	false	true	2008-09-05 20:14:59.0	2008-09-05 20:14:59.0	2001-01-22 07:11:28.0	16	19	18745	MathematicalGrouP	MathematicalGrouP	0	true	0	true	true	false	2001-01-17 00:25:58.0	2001-01-17 00:25:58.0	15	19																				1271963094	1271963093	false		false	4998	2690	tgwkdz8jzgim8dos4bdcnj6i1xgrg3y			false		false			false	false	
enwiki	revision	create	2001-01-24 12:20:12.0	changed 'to correct and wrong (in their opinion) classification' to '...the wrong...' in the conclusion			193.129.70.xxx	193.129.70.xxx										true								12412	GNE_Project_Files/GNE_Architecture	Historical_archive/GNE_project_files/GNE_Architecture	4	false	4	false	false	false	2001-01-23 20:18:15.0	2001-01-23 20:18:15.0	7	38788																				253526	0	true		false	8899	8899	2bqnwh2oaws281hk2c4ucojfdapq0l7			false		false			false	false	
enwiki	revision	create	2001-01-24 12:20:12.0	changed 'to correct and wrong (in their opinion) classification' to '...the wrong...' in the conclusion			193.129.70.xxx	193.129.70.xxx										true								12412	GNE_Project_Files/GNE_Architecture	Historical_archive/GNE_project_files/GNE_Architecture	4	false	4	false	false	false	2001-01-23 20:18:15.0	2001-01-23 20:18:15.0	8	0																				1264519167	253526	false		false	8568	-331	afzywvysbmeavx9kde4782jiovzgywu			false		false			false	false	
enwiki	revision	create	2001-01-24 12:39:26.0	Added xml declaration processing instruction and !DOCTYPE declaration to reference the DTD.	48941430	77230991	DuncanLock	DuncanLock							false	false	true	false	false	true	2024-12-22 09:56:51.0	2024-12-22 09:56:52.0	2001-01-24 12:39:26.0	1		12413	GNE_Project_Files/Preliminary_DTD	Historical_archive/GNE_project_files/Preliminary_DTD	4	false	4	false	false	false	2001-01-24 01:57:44.0	2001-01-24 01:57:44.0	9	14082																				1264543388	1264543387	false		false	2094	54	a7uby3y6csl2pzmu9xrc8jto5qystzq			false		false			false	false	
enwiki	user	create	2001-01-24 12:39:26.0		194203	745	Graham87											false	false	true																			48941430	77230991	DuncanLock	DuncanLock							false	false	true	false	false	true	2024-12-22 09:56:51.0	2024-12-22 09:56:52.0	2001-01-24 12:39:26.0																		
enwiki	revision	create	2001-01-24 12:43:16.0	*	48941430	77230991	DuncanLock	DuncanLock							false	false	true	false	false	true	2024-12-22 09:56:51.0	2024-12-22 09:56:52.0	2001-01-24 12:39:26.0	2	230	12413	GNE_Project_Files/Preliminary_DTD	Historical_archive/GNE_project_files/Preliminary_DTD	4	false	4	false	false	false	2001-01-24 01:57:44.0	2001-01-24 01:57:44.0	10	230																				1264543389	1264543388	false		false	2096	2	5mg831y63iwd9m4ag9ecjggiv9a4aq1			false		false			false	false	
enwiki	revision	create	2001-01-24 13:49:29.0	*			209.69.30.xxx	209.69.30.xxx										true								18858											2	18587																				1266167256	1266167255	false		false	27	-484	a2xkb4dffn4bnztv1obuty3dd4g5e1m			false		false			false	false	
enwiki	revision	create	2001-01-24 16:13:12.0	*	32609824	37415973	LinusTolke	LinusTolke							false	true	false	false	false	true	2017-12-12 19:30:57.0	2017-12-12 19:30:58.0	2001-01-21 20:31:54.0	16	203611	5054	CountriesOfTheWorld	CountriesOfTheWorld	0	true	0	true	true	false	2001-01-16 19:02:46.0	2001-01-16 19:02:46.0	16	140867																				1264750696	1264750695	false		false	1115	-187	ebi1nazwklh55g72fbbfarssz1srq4f			false		false			false	false	
enwiki	revision	create	2001-01-24 16:21:13.0	*	32609824	37415973	LinusTolke	LinusTolke							false	true	false	false	false	true	2017-12-12 19:30:57.0	2017-12-12 19:30:58.0	2001-01-21 20:31:54.0	17	481	5054	CountriesOfTheWorld	CountriesOfTheWorld	0	true	0	true	true	false	2001-01-16 19:02:46.0	2001-01-16 19:02:46.0	17	481																				1264750697	1264750696	false		false	1112	-3	i2ksmhlzu1zvlm1csvxon09k51cwkvt			false		false			false	false	
enwiki	page	create	2001-01-24 16:25:00.0		32609824	37415973	LinusTolke	LinusTolke							false	true	false	false	false	true	2017-12-12 19:30:57.0	2017-12-12 19:30:58.0	2001-01-21 20:31:54.0			5079	CountriesE	CountriesE	0	true	0	true	false	false	2001-01-24 16:25:00.0	2001-01-24 16:25:00.0																																							
enwiki	revision	create	2001-01-24 16:25:00.0	*	32609824	37415973	LinusTolke	LinusTolke							false	true	false	false	false	true	2017-12-12 19:30:57.0	2017-12-12 19:30:58.0	2001-01-21 20:31:54.0	18	227	5079	CountriesE	CountriesE	0	true	0	true	false	false	2001-01-24 16:25:00.0	2001-01-24 16:25:00.0	1																					1269941759	0	false		false	7	7	sy912ul0xz0dvxihem2tlqdt5kqhoms			false		false			false	false	
enwiki	revision	create	2001-01-24 16:26:29.0	*	32609824	37415973	LinusTolke	LinusTolke							false	true	false	false	false	true	2017-12-12 19:30:57.0	2017-12-12 19:30:58.0	2001-01-21 20:31:54.0	19	89	9167	EuroCurrency	EuroCurrency	0	true	0	true	true	false	2001-01-20 22:35:49.0	2001-01-20 22:35:49.0	4	275463																				1269370932	1269370931	false		false	995	0	83aj8boel9hectqltz3soc7m8f9jsv8			false		false			false	false	
enwiki	revision	create	2001-01-24 16:28:23.0	*	32609824	37415973	LinusTolke	LinusTolke							false	true	false	false	false	true	2017-12-12 19:30:57.0	2017-12-12 19:30:58.0	2001-01-21 20:31:54.0	20	114	18858	J_CIIGT_?_To_understand_the_true_meaning,_replace_eaċh_letter_with_the_one_that_comes_two_letters_before_it_in_the_alphabet.	Maryland	0	true	0	true	false	false	2009-03-09 05:44:06.0	2001-01-24 16:28:23.0	3	9534																				1266167257	1266167256	false		false	40	13	9vf0yfcmxa3rvlef4qzxbf39hsdmdtq			false		false			false	true	
enwiki	revision	create	2001-01-24 16:55:27.0	*	32609824	37415973	LinusTolke	LinusTolke							false	true	false	false	false	true	2017-12-12 19:30:57.0	2017-12-12 19:30:58.0	2001-01-21 20:31:54.0	21	1624	26593	SportS	SportS	0	true	0	true	true	false	2001-01-16 18:54:35.0	2001-01-16 18:54:35.0	6	661561																				1272089900	1272089899	false		false	1410	1042	58nwueoul0wona8580j110u4b4h5oas			false		false			false	false	
enwiki	revision	create	2001-01-24 17:40:01.0	*	7800357	194415	AyeSpy	AyeSpy		nocreate,noemail,nousertalk					false	true	false	false	false	true	2008-09-07 01:37:15.0	2008-09-07 01:37:15.0	2001-01-19 01:10:38.0	11	57865	22951	Psychological_egoism	Psychological_egoism	0	true	0	true	false	false	2001-01-21 23:18:39.0	2001-01-21 23:18:39.0	5	68894																				1264749472	1264749471	false		false	879	648	fejrj2fhdpbu1fwbw2btsazojr98z4g			false		false			false	false	
enwiki	revision	create	2001-01-24 17:48:46.0	*	7800357	194415	AyeSpy	AyeSpy		nocreate,noemail,nousertalk					false	true	false	false	false	true	2008-09-07 01:37:15.0	2008-09-07 01:37:15.0	2001-01-19 01:10:38.0	12	525	336	Altruism	Altruism	0	true	0	true	false	false	2001-01-21 23:11:31.0	2001-01-21 23:11:31.0	8	35180																				1320694254	1320694253	false		false	3485	1006	6e4cqoavg0oi5afm18a8cnugk15xvvh			false		false			false	false	
enwiki	revision	create	2001-01-24 17:49:36.0	*	7800357	194415	AyeSpy	AyeSpy		nocreate,noemail,nousertalk					false	true	false	false	false	true	2008-09-07 01:37:15.0	2008-09-07 01:37:15.0	2001-01-19 01:10:38.0	13	50	336	Altruism	Altruism	0	true	0	true	false	false	2001-01-21 23:11:31.0	2001-01-21 23:11:31.0	9	50																				1320694255	1320694254	false		false	3486	1	9zau89yyxjmd0et14n21ci3b6kn4sb9			false		false			false	false	
enwiki	revision	create	2001-01-24 17:50:43.0	*	7800357	194415	AyeSpy	AyeSpy		nocreate,noemail,nousertalk					false	true	false	false	false	true	2008-09-07 01:37:15.0	2008-09-07 01:37:15.0	2001-01-19 01:10:38.0	14	67	22951	Psychological_egoism	Psychological_egoism	0	true	0	true	false	false	2001-01-21 23:18:39.0	2001-01-21 23:18:39.0	6	642																				272855	0	true		false	891	891	d7vel1temh6zxc0739n69atzcf08eo6			false		false			false	false	
enwiki	revision	create	2001-01-24 18:15:25.0	*			149.175.6.xxx	149.175.6.xxx										true								23534602	Human–computer_interaction	Human–computer_interaction	0	true	0	true	false	false	2009-07-08 09:35:55.0	2001-01-22 07:21:20.0	5	210047																				1267727525	1267727524	false		false	518	34	ojrseg16kz8103r58knyr1ujzkfbhde			false		false			false	true	
enwiki	revision	create	2001-01-24 18:15:33.0	*			149.175.6.xxx	149.175.6.xxx										true								23534602	Human–computer_interaction	Human–computer_interaction	0	true	0	true	false	false	2009-07-08 09:35:55.0	2001-01-22 07:21:20.0	6	8																				1267727526	1267727525	false		false	517	-1	f1wvy9oywv2cowzfozutz15n9bcqfy9			false		false			false	true	
enwiki	user	create	2001-01-24 20:34:54.0		194203	745	Graham87											false	false	true																			12021652	6303663	PPPa58-ResaleSaltLakeCity3-5R7220.dialinx.net	PPPa58-ResaleSaltLakeCity3-5R7220.dialinx.net		nocreate					false	false	true	false	false	true	2010-03-28 13:16:25.0	2010-03-28 13:16:27.0	2001-01-24 20:34:54.0																		
enwiki	revision	create	2001-01-24 20:34:54.0	*	12021652	6303663	PPPa58-ResaleSaltLakeCity3-5R7220.dialinx.net	PPPa58-ResaleSaltLakeCity3-5R7220.dialinx.net		nocreate					false	false	true	false	false	true	2010-03-28 13:16:25.0	2010-03-28 13:16:27.0	2001-01-24 20:34:54.0	1		21555729	Film	Film	0	true	0	true	false	false	2009-02-16 02:27:41.0	2001-01-23 21:26:54.0	2	83280																				1276901953	1276901952	false		false	411	383	8g4mp92tmzq26qdbtttqfiszcf1nwcx			false		false			false	true	
enwiki	revision	create	2001-01-24 20:39:53.0	The Persistence of Vision	12021652	6303663	PPPa58-ResaleSaltLakeCity3-5R7220.dialinx.net	PPPa58-ResaleSaltLakeCity3-5R7220.dialinx.net		nocreate					false	false	true	false	false	true	2010-03-28 13:16:25.0	2010-03-28 13:16:27.0	2001-01-24 20:34:54.0	2	299	23289	Persistence_of_vision	Persistence_of_vision	0	true	0	true	false	false	2001-01-24 20:39:53.0	2001-01-24 20:39:53.0	1																					272864	0	false		false	524	524	fx3c0aivgmddw5w5bu69sezvn62lzux			false		false			false	false	
enwiki	page	create	2001-01-24 20:39:53.0		12021652	6303663	PPPa58-ResaleSaltLakeCity3-5R7220.dialinx.net	PPPa58-ResaleSaltLakeCity3-5R7220.dialinx.net		nocreate					false	false	true	false	false	true	2010-03-28 13:16:25.0	2010-03-28 13:16:27.0	2001-01-24 20:34:54.0			23289	Persistence_of_vision	Persistence_of_vision	0	true	0	true	false	false	2001-01-24 20:39:53.0	2001-01-24 20:39:53.0																																							
enwiki	user	create	2001-01-24 21:03:04.0		194203	745	Graham87											false	false	true																			11946842	6193647	CliffordAdams	CliffordAdams							false	false	true	false	false	true	2010-03-18 09:32:13.0	2010-03-18 09:32:14.0	2001-01-24 21:03:04.0																		
enwiki	revision	create	2001-01-24 21:03:04.0	*	11946842	6193647	CliffordAdams	CliffordAdams							false	false	true	false	false	true	2010-03-18 09:32:13.0	2010-03-18 09:32:14.0	2001-01-24 21:03:04.0	1		23289	Persistence_of_vision	Persistence_of_vision	0	true	0	true	false	false	2001-01-24 20:39:53.0	2001-01-24 20:39:53.0	2	1391																				1271305311	272864	false		false	674	150	efvjj1b9m9a04ny89j4d4kvh1vav2ha			false		false			false	false	
enwiki	revision	create	2001-01-24 21:19:35.0	*	479	17255773	JimboWales	JimboWales		nocreate,noautoblock					false	false	false	false	false	true	2001-01-23 22:34:16.0		2001-01-19 01:24:40.0	11	81919	23534602	Human–computer_interaction	Human–computer_interaction	0	true	0	true	false	false	2009-07-08 09:35:55.0	2001-01-22 07:21:20.0	7	11042																				1267727527	1267727526	false		false	811	294	eeythhk7uuaxstef76kn6vwx4sg8vfh			false		false			false	true	
enwiki	revision	create	2001-01-24 21:21:01.0	*	479	17255773	JimboWales	JimboWales		nocreate,noautoblock					false	false	false	false	false	true	2001-01-23 22:34:16.0		2001-01-19 01:24:40.0	12	86	11842	GeorgeWBush	GeorgeWBush	0	true	0	true	true	false	2001-01-24 21:21:01.0	2001-01-24 21:21:01.0	1																					1275499501	0	false		false	274	274	10g4eyijcxkgk04k26brnzu6ww5nsiw			false		false			false	false	
enwiki	page	create	2001-01-24 21:21:01.0		479	17255773	JimboWales	JimboWales		nocreate,noautoblock					false	false	false	false	false	true	2001-01-23 22:34:16.0		2001-01-19 01:24:40.0			11842	GeorgeWBush	GeorgeWBush	0	true	0	true	true	false	2001-01-24 21:21:01.0	2001-01-24 21:21:01.0																																							
enwiki	revision	create	2001-01-24 21:33:03.0	*	479	17255773	JimboWales	JimboWales		nocreate,noautoblock					false	false	false	false	false	true	2001-01-23 22:34:16.0		2001-01-19 01:24:40.0	13	722	336	Altruism	Altruism	0	true	0	true	false	false	2001-01-21 23:11:31.0	2001-01-21 23:11:31.0	10	13407																				1320694256	1320694255	false		false	3848	362	gikyoukyp5tvm1c8thu7gr3v4y7pmmf			false		false			false	false	
enwiki	revision	create	2001-01-24 21:35:05.0	*	479	17255773	JimboWales	JimboWales		nocreate,noautoblock					false	false	false	false	false	true	2001-01-23 22:34:16.0		2001-01-19 01:24:40.0	14	122	336	Altruism	Altruism	0	true	0	true	false	false	2001-01-21 23:11:31.0	2001-01-21 23:11:31.0	11	122																				1320694257	1320694256	false		false	3928	80	dkwlfqk1qm8ju3aek5ib9h14r9s474l			false		false			false	false	
enwiki	revision	create	2001-01-24 23:49:09.0	*	3684	36925666	BryceHarrington	BryceHarrington							false	false	false	false	false	true	2001-01-24 23:49:09.0		2001-01-24 23:49:09.0	1		22857	PresidentOfTheUnitedStates	PresidentOfTheUnitedStates	0	true	0	true	true	false	2001-01-24 23:49:09.0	2001-01-24 23:49:09.0	1																					272866	0	false		false	1627	1627	judazhm6ggat4awofuvxkm3l1kffqcw			false		false			false	false	
enwiki	user	create	2001-01-24 23:49:09.0																																				3684	36925666	BryceHarrington	BryceHarrington							false	false	false	false	false	true	2001-01-24 23:49:09.0		2001-01-24 23:49:09.0																		
enwiki	page	create	2001-01-24 23:49:09.0		3684	36925666	BryceHarrington	BryceHarrington							false	false	false	false	false	true	2001-01-24 23:49:09.0		2001-01-24 23:49:09.0			22857	PresidentOfTheUnitedStates	PresidentOfTheUnitedStates	0	true	0	true	true	false	2001-01-24 23:49:09.0	2001-01-24 23:49:09.0																																							
enwiki	revision	create	2001-01-24 23:50:33.0				149.175.33.xxx	149.175.33.xxx										true								23534602	Human–computer_interaction	Human–computer_interaction	0	true	0	true	false	false	2009-07-08 09:35:55.0	2001-01-22 07:21:20.0	8	9058																				1267727528	1267727527	false		false	760	-51	6intnlv3zhobxan91peavbgcx7qn6nl			false		false			false	true	
enwiki	revision	create	2001-01-24 23:57:05.0	*	3684	36925666	BryceHarrington	BryceHarrington							false	false	false	false	false	true	2001-01-24 23:49:09.0		2001-01-24 23:49:09.0	2	476	23534602	Human–computer_interaction	Human–computer_interaction	0	true	0	true	false	false	2009-07-08 09:35:55.0	2001-01-22 07:21:20.0	9	392																				1267727529	1267727528	false		false	755	-5	pv3uz7dylasl5ta9oz7xq0f3t2szxsk			false		false			false	true	
enwiki	revision	create	2001-01-25 00:36:04.0	*			c373514-a.provo1.ut.home.com	c373514-a.provo1.ut.home.com										true								29675	TheBible	TheBible	0	true	0	true	true	false	2001-01-18 13:38:46.0	2001-01-18 13:38:46.0	7	309783																				286348	0	false		false	1160	1160	4nktxcnfavzi4kpalumdoz19ten7kj3			false		false			false	false	
enwiki	revision	create	2001-01-25 00:49:05.0	*	479	17255773	JimboWales	JimboWales		nocreate,noautoblock					false	false	false	false	false	true	2001-01-23 22:34:16.0		2001-01-19 01:24:40.0	15	11640	27	AlbaniaHistory	AlbaniaHistory	0	true	0	true	true	false	2001-01-25 00:49:05.0	2001-01-25 00:49:05.0	1																					233221	0	true		false	348	348	jhcr4i84fjvgmyq0u5go8dl2k0hebr1			false		false			false	false	
enwiki	page	create	2001-01-25 00:49:05.0		479	17255773	JimboWales	JimboWales		nocreate,noautoblock					false	false	false	false	false	true	2001-01-23 22:34:16.0		2001-01-19 01:24:40.0			27	AlbaniaHistory	AlbaniaHistory	0	true	0	true	true	false	2001-01-25 00:49:05.0	2001-01-25 00:49:05.0																																							
enwiki	revision	create	2001-01-25 00:49:55.0	*	479	17255773	JimboWales	JimboWales		nocreate,noautoblock					false	false	false	false	false	true	2001-01-23 22:34:16.0		2001-01-19 01:24:40.0	16	50	12691	Geography_of_Albania	Geography_of_Albania	0	true	0	true	false	false	2001-01-25 00:49:55.0	2001-01-25 00:49:55.0	1																					233223	0	false		false	1740	1740	qvsmbep96t2m849jdttduaoz34dipq2			false		false			false	false	
enwiki	page	create	2001-01-25 00:49:55.0		479	17255773	JimboWales	JimboWales		nocreate,noautoblock					false	false	false	false	false	true	2001-01-23 22:34:16.0		2001-01-19 01:24:40.0			12691	Geography_of_Albania	Geography_of_Albania	0	true	0	true	false	false	2001-01-25 00:49:55.0	2001-01-25 00:49:55.0																																							
enwiki	revision	create	2001-01-25 00:51:13.0	*	479	17255773	JimboWales	JimboWales		nocreate,noautoblock					false	false	false	false	false	true	2001-01-23 22:34:16.0		2001-01-19 01:24:40.0	17	78	29	AlbaniaPeople	AlbaniaPeople	0	true	0	true	true	false	2001-01-25 00:51:13.0	2001-01-25 00:51:13.0	1																					233224	0	false		false	1638	1638	so42yd2hqeyonu49no6w4tcn3w5ye8t			false		false			false	false	
enwiki	page	create	2001-01-25 00:51:13.0		479	17255773	JimboWales	JimboWales		nocreate,noautoblock					false	false	false	false	false	true	2001-01-23 22:34:16.0		2001-01-19 01:24:40.0			29	AlbaniaPeople	AlbaniaPeople	0	true	0	true	true	false	2001-01-25 00:51:13.0	2001-01-25 00:51:13.0																																							
enwiki	revision	create	2001-01-25 00:53:11.0	*	479	17255773	JimboWales	JimboWales		nocreate,noautoblock					false	false	false	false	false	true	2001-01-23 22:34:16.0		2001-01-19 01:24:40.0	18	118	26323569	HomePage	HomePage	0	true	0	true	true	false	2010-02-24 14:25:49.0	2001-01-15 19:27:13.0	55	99101																				908493353	908493352	false		false	1127	26	o5cel29dw7txtd5qsbyhe4y7j7h9fiz			false		true	986116384	623624897	false	true	
enwiki	page	create	2001-01-25 01:48:13.0		3684	36925666	BryceHarrington	BryceHarrington							false	false	false	false	false	true	2001-01-24 23:49:09.0		2001-01-24 23:49:09.0			26611	SenatorsOfTheUnitedStates	SenatorsOfTheUnitedStates	0	true	0	true	true	false	2001-01-25 01:48:13.0	2001-01-25 01:48:13.0																																							
enwiki	revision	create	2001-01-25 01:48:13.0	*	3684	36925666	BryceHarrington	BryceHarrington							false	false	false	false	false	true	2001-01-24 23:49:09.0		2001-01-24 23:49:09.0	3	6668	26611	SenatorsOfTheUnitedStates	SenatorsOfTheUnitedStates	0	true	0	true	true	false	2001-01-25 01:48:13.0	2001-01-25 01:48:13.0	1																					279651	0	false		false	3445	3445	dwkpi4d313vyua8puu50nqa9h70sxya			false		false			false	false	
enwiki	revision	create	2001-01-25 02:41:15.0	*	312772	22077890	MikeWarren	MikeWarren							false	false	false	false	false	true			2001-01-23 20:18:15.0	11	84802	11839	GNUStufF	Historical_archive/GNE_project_files/GNUStufF	0	true	4	false	false	false	2001-01-23 00:54:55.0	2001-01-23 00:54:55.0	7	89685																				1264499818	1264499817	false		false	465	19	k9pdjzrfxzrhwg2cpflrmaerwijz6ax			false		false			false	false	
enwiki	page	create	2001-01-25 02:42:06.0		312772	22077890	MikeWarren	MikeWarren							false	false	false	false	false	true			2001-01-23 20:18:15.0			12414	GNE_Project_Files/GNE_Project_Design	Historical_archive/GNE_project_files/GNE_Project_Design	4	false	4	false	false	false	2001-01-25 02:42:06.0	2001-01-25 02:42:06.0																																							
enwiki	revision	create	2001-01-25 02:42:06.0	*	312772	22077890	MikeWarren	MikeWarren							false	false	false	false	false	true			2001-01-23 20:18:15.0	12	51	12414	GNE_Project_Files/GNE_Project_Design	Historical_archive/GNE_project_files/GNE_Project_Design	4	false	4	false	false	false	2001-01-25 02:42:06.0	2001-01-25 02:42:06.0	1																					1264523835	0	false		false	7015	7015	6bwx09jbgrfcwhauoe0oekdi8s1xvtl			false		false			false	false	
enwiki	revision	create	2001-01-25 02:42:32.0	*	312772	22077890	MikeWarren	MikeWarren							false	false	false	false	false	true			2001-01-23 20:18:15.0	13	26	12414	GNE_Project_Files/GNE_Project_Design	Historical_archive/GNE_project_files/GNE_Project_Design	4	false	4	false	false	false	2001-01-25 02:42:06.0	2001-01-25 02:42:06.0	2	26																				1264523836	1264523835	false		false	7017	2	dmcp4wjkgi83a61830u33ycfsfsrup6			false		false			false	false	
enwiki	revision	create	2001-01-25 02:45:27.0		312772	22077890	MikeWarren	MikeWarren							false	false	false	false	false	true			2001-01-23 20:18:15.0	14	175	26721088	GNEProjectDesign	GNEProjectDesign	0	true	0	true		true	2001-01-25 02:45:27.0	2001-01-25 02:45:27.0	1																					352325927		true		false	7059	7059	bd56tw0n9y4elg6idy83rstrelm5qlh			true	2010-03-27 12:24:54.0	false			false	false	
enwiki	revision	create	2001-01-25 02:45:27.0	*	312772	22077890	MikeWarren	MikeWarren							false	false	false	false	false	true			2001-01-23 20:18:15.0	15	0	12414	GNE_Project_Files/GNE_Project_Design	Historical_archive/GNE_project_files/GNE_Project_Design	4	false	4	false	false	false	2001-01-25 02:42:06.0	2001-01-25 02:42:06.0	3	175																				1264523837	1264523836	false		false	7059	42	bd56tw0n9y4elg6idy83rstrelm5qlh			false		false			false	false	
enwiki	page	create	2001-01-25 02:45:27.0		312772	22077890	MikeWarren	MikeWarren							false	false	false	false	false	true			2001-01-23 20:18:15.0			26721088	GNEProjectDesign	GNEProjectDesign	0	true	0	true		true	2001-01-25 02:45:27.0	2001-01-25 02:45:27.0																																							
enwiki	revision	create	2001-01-25 02:46:37.0	*	312772	22077890	MikeWarren	MikeWarren							false	false	false	false	false	true			2001-01-23 20:18:15.0	16	70	11839	GNUStufF	Historical_archive/GNE_project_files/GNUStufF	0	true	4	false	false	false	2001-01-23 00:54:55.0	2001-01-23 00:54:55.0	8	322																				1264499819	1264499818	false		false	479	14	qhqmv83a6qdluxboxwtpm8znaf2wuut			false		false			false	false	
enwiki	revision	create	2001-01-25 02:47:42.0	*	312772	22077890	MikeWarren	MikeWarren							false	false	false	false	false	true			2001-01-23 20:18:15.0	17	65	12415	GNE_Project_Files/Project_Name	Historical_archive/GNE_project_files/Project_Name	4	false	4	false	false	false	2001-01-25 02:47:42.0	2001-01-25 02:47:42.0	1																					1264539937	0	false		false	161	161	pmgt38qaq8cxn503lwov9smnhfbisk6			false		false			false	false	
enwiki	page	create	2001-01-25 02:47:42.0		312772	22077890	MikeWarren	MikeWarren							false	false	false	false	false	true			2001-01-23 20:18:15.0			12415	GNE_Project_Files/Project_Name	Historical_archive/GNE_project_files/Project_Name	4	false	4	false	false	false	2001-01-25 02:47:42.0	2001-01-25 02:47:42.0																																							
enwiki	revision	create	2001-01-25 02:48:15.0	*	312772	22077890	MikeWarren	MikeWarren							false	false	false	false	false	true			2001-01-23 20:18:15.0	18	33	12415	GNE_Project_Files/Project_Name	Historical_archive/GNE_project_files/Project_Name	4	false	4	false	false	false	2001-01-25 02:47:42.0	2001-01-25 02:47:42.0	2	33																				1264539938	1264539937	false		false	170	9	9mnp9dr4tvex3oxghkw05npdt82kxyc			false		false			false	false	
enwiki	revision	create	2001-01-25 02:53:29.0	*	11974405	6234217	GaythaLanglois	GaythaLanglois							false	false	true	false	false	true	2010-03-22 07:44:46.0	2010-03-22 07:44:47.0	2001-01-17 21:51:01.0	6	622554	32905	West_Virginia	West_Virginia	0	true	0	true	false	false	2001-01-21 07:10:35.0	2001-01-21 07:10:35.0	3	330093																				294282	0	false		false	542	542	s1241qis6say5ql4qjltau5j26xlf02			false		false			false	false	
enwiki	revision	create	2001-01-25 02:55:30.0	*	11974405	6234217	GaythaLanglois	GaythaLanglois							false	false	true	false	false	true	2010-03-22 07:44:46.0	2010-03-22 07:44:47.0	2001-01-17 21:51:01.0	7	121	32905	West_Virginia	West_Virginia	0	true	0	true	false	false	2001-01-21 07:10:35.0	2001-01-21 07:10:35.0	4	121																				294283	294282	false		false	608	66	jwz76u91xv1skxo9vgyfghf7desihfm			false		false			false	false	
enwiki	revision	create	2001-01-25 04:15:00.0	*	7800319		LarrySanger											false						68	76644	32942	Announcements	Milestones	4	false	4	false	false	false	2001-01-21 23:32:56.0	2001-01-21 23:32:56.0	5	184577																				1066656642	1066656641	false		false	465	186	h5gftel9tygipvx4cvtoj6bttqd82jo			false		false			false	false	
enwiki	revision	create	2001-01-25 04:37:21.0	*	11947689	6195012	Dhcp-5-153.lclark.edu	Dhcp-5-153.lclark.edu		nocreate					false	false	true	false	false	true	2010-03-18 12:30:35.0	2010-03-18 12:30:37.0	2001-01-25 04:37:21.0	1		5875	Computer_jargon	Computer_jargon	0	true	0	true	true	false	2001-01-25 04:37:21.0	2001-01-25 04:37:21.0	1																					1267720529	0	false		false	82	82	2l4honiubarhi9i5aa4rqvlsvahkwdt			false		false			false	false	
enwiki	page	create	2001-01-25 04:37:21.0		11947689	6195012	Dhcp-5-153.lclark.edu	Dhcp-5-153.lclark.edu		nocreate					false	false	true	false	false	true	2010-03-18 12:30:35.0	2010-03-18 12:30:37.0	2001-01-25 04:37:21.0			5875	Computer_jargon	Computer_jargon	0	true	0	true	true	false	2001-01-25 04:37:21.0	2001-01-25 04:37:21.0																																							
enwiki	user	create	2001-01-25 04:37:21.0		194203	745	Graham87											false	false	true																			11947689	6195012	Dhcp-5-153.lclark.edu	Dhcp-5-153.lclark.edu		nocreate					false	false	true	false	false	true	2010-03-18 12:30:35.0	2010-03-18 12:30:37.0	2001-01-25 04:37:21.0																		
enwiki	revision	create	2001-01-25 04:40:33.0	*	7792520	183098	JoshuaGrosse	JoshuaGrosse		nocreate,noemail,nousertalk					true	false	false	false	false	true	2008-09-05 20:14:59.0	2008-09-05 20:14:59.0	2001-01-22 07:11:28.0	17	70446	18745	MathematicalGrouP	MathematicalGrouP	0	true	0	true	true	false	2001-01-17 00:25:58.0	2001-01-17 00:25:58.0	16	70446																				1271963095	1271963094	false		false	2956	-2042	quymjt6jswzkf5q3hkx2pxc8tgfak6h			false		false			false	false	
enwiki	revision	create	2001-01-25 04:40:50.0	*	7792520	183098	JoshuaGrosse	JoshuaGrosse		nocreate,noemail,nousertalk					true	false	false	false	false	true	2008-09-05 20:14:59.0	2008-09-05 20:14:59.0	2001-01-22 07:11:28.0	18	17	18745	MathematicalGrouP	MathematicalGrouP	0	true	0	true	true	false	2001-01-17 00:25:58.0	2001-01-17 00:25:58.0	17	17																				1271963096	1271963095	false		false	2956	0	2jepdjn06nac7svrd7i9jy9s1uxyqha			false		false			false	false	
enwiki	revision	create	2001-01-25 04:59:49.0	*	11947689	6195012	Dhcp-5-153.lclark.edu	Dhcp-5-153.lclark.edu		nocreate					false	false	true	false	false	true	2010-03-18 12:30:35.0	2010-03-18 12:30:37.0	2001-01-25 04:37:21.0	2	1348	5875	Computer_jargon	Computer_jargon	0	true	0	true	true	false	2001-01-25 04:37:21.0	2001-01-25 04:37:21.0	2	1348																				1267720530	1267720529	false		false	849	767	3a2barr422d1bh4iofxikp54z937q9x			false		false			false	false	
enwiki	revision	create	2001-01-25 05:01:55.0	*	11947689	6195012	Dhcp-5-153.lclark.edu	Dhcp-5-153.lclark.edu		nocreate					false	false	true	false	false	true	2010-03-18 12:30:35.0	2010-03-18 12:30:37.0	2001-01-25 04:37:21.0	3	126	5875	Computer_jargon	Computer_jargon	0	true	0	true	true	false	2001-01-25 04:37:21.0	2001-01-25 04:37:21.0	3	126																				1267720531	1267720530	false		false	859	10	lmj4jwm7rxa8ho0lsm5vas1mwpoya0x			false		false			false	false	
enwiki	revision	create	2001-01-25 05:04:21.0	*	11947689	6195012	Dhcp-5-153.lclark.edu	Dhcp-5-153.lclark.edu		nocreate					false	false	true	false	false	true	2010-03-18 12:30:35.0	2010-03-18 12:30:37.0	2001-01-25 04:37:21.0	4	146	5875	Computer_jargon	Computer_jargon	0	true	0	true	true	false	2001-01-25 04:37:21.0	2001-01-25 04:37:21.0	4	146																				1267720532	1267720531	false		false	875	16	arg6lga0ayukaenbvi00nx1gtg3sqqz			false		false			false	false	
enwiki	revision	create	2001-01-25 05:28:49.0	*	11947689	6195012	Dhcp-5-153.lclark.edu	Dhcp-5-153.lclark.edu		nocreate					false	false	true	false	false	true	2010-03-18 12:30:35.0	2010-03-18 12:30:37.0	2001-01-25 04:37:21.0	5	1468	5875	Computer_jargon	Computer_jargon	0	true	0	true	true	false	2001-01-25 04:37:21.0	2001-01-25 04:37:21.0	5	1468																				1267720533	1267720532	false		false	1063	188	2meymc8cashgns4ce7zuabsdjwaevei			false		false			false	false	
enwiki	revision	create	2001-01-25 06:02:32.0	*	7800357	194415	AyeSpy	AyeSpy		nocreate,noemail,nousertalk					false	true	false	false	false	true	2008-09-07 01:37:15.0	2008-09-07 01:37:15.0	2001-01-19 01:10:38.0	15	43909	336	Altruism	Altruism	0	true	0	true	false	false	2001-01-21 23:11:31.0	2001-01-21 23:11:31.0	12	30447																				1320694258	1320694257	false		false	3934	6	5uq8wu5qjwa3zt66pyokb44quvl5hhd			false		false			false	false	
enwiki	revision	create	2001-01-25 06:46:31.0	added Joyce references	43219551	68700113	Tc-3-73.dynamic.minn.net	Tc-3-73.dynamic.minn.net							false	false	true	false	false	true	2022-01-19 13:13:09.0	2022-01-19 13:13:10.0	2001-01-25 06:46:31.0	1		8539050	Patent_nonsense	Patent_nonsense	4	false	4	false	false	false	2006-12-21 01:16:17.0	2001-01-21 09:34:13.0	9	283972																				1066663112	1066663111	false		false	1616	119	jaai0n2cu0f47uiunpwjyuggzikv3d1			false		false			false	true	
enwiki	user	create	2001-01-25 06:46:31.0		194203	745	Graham87											false	false	true																			43219551	68700113	Tc-3-73.dynamic.minn.net	Tc-3-73.dynamic.minn.net							false	false	true	false	false	true	2022-01-19 13:13:09.0	2022-01-19 13:13:10.0	2001-01-25 06:46:31.0																		
enwiki	revision	create	2001-01-25 07:06:55.0		12021658	6303676	PPPa78-ResaleSaltLakeCity2-2R7218.dialinx.net	PPPa78-ResaleSaltLakeCity2-2R7218.dialinx.net		nocreate					false	false	true	false	false	true	2010-03-28 13:18:11.0	2010-03-28 13:18:12.0	2001-01-25 07:06:55.0	1		26734192	ArtsandEntertainment	ArtsandEntertainment	0	true	0	true		true	2001-01-23 21:25:11.0	2001-01-23 21:25:11.0	2	121304																				352529828		true		false	67	67	2xxpl6aungmxttmx3jwwujhkjergtpt			true	2010-03-28 13:20:25.0	false			true	false	
enwiki	user	create	2001-01-25 07:06:55.0		194203	745	Graham87											false	false	true																			12021658	6303676	PPPa78-ResaleSaltLakeCity2-2R7218.dialinx.net	PPPa78-ResaleSaltLakeCity2-2R7218.dialinx.net		nocreate					false	false	true	false	false	true	2010-03-28 13:18:11.0	2010-03-28 13:18:12.0	2001-01-25 07:06:55.0																		
enwiki	revision	create	2001-01-25 07:07:50.0	*	12021658	6303676	PPPa78-ResaleSaltLakeCity2-2R7218.dialinx.net	PPPa78-ResaleSaltLakeCity2-2R7218.dialinx.net		nocreate					false	false	true	false	false	true	2010-03-28 13:18:11.0	2010-03-28 13:18:12.0	2001-01-25 07:06:55.0	2	55	18743	MuSic	MuSic	0	true	0	true	true	false	2001-01-17 00:18:15.0	2001-01-17 00:18:15.0	11	291769																				1271289302	1271289301	false		false	613	5	9p2f1sptmoq075rtqa01nm1dyyt6o74			false		false			false	false	
enwiki	revision	create	2001-01-25 07:54:01.0	*	3684	36925666	BryceHarrington	BryceHarrington							false	false	false	false	false	true	2001-01-24 23:49:09.0		2001-01-24 23:49:09.0	4	21948	5875	Computer_jargon	Computer_jargon	0	true	0	true	true	false	2001-01-25 04:37:21.0	2001-01-25 04:37:21.0	6	8712																				1267720534	1267720533	false		false	1035	-28	jh6otmq8vux44g9n1p7jf0pjmm1jcz9			false		false			false	false	
enwiki	user	create	2001-01-25 08:27:20.0		194203	745	Graham87											false	false	true																			49008662	77330405	C381193-a.potlnd1.or.home.com	C381193-a.potlnd1.or.home.com							false	false	true	false	false	true	2025-01-06 09:44:49.0	2025-01-06 09:44:50.0	2001-01-25 08:27:20.0																		
enwiki	revision	create	2001-01-25 08:27:20.0	*	49008662	77330405	C381193-a.potlnd1.or.home.com	C381193-a.potlnd1.or.home.com							false	false	true	false	false	true	2025-01-06 09:44:49.0	2025-01-06 09:44:50.0	2001-01-25 08:27:20.0	1		5875	Computer_jargon	Computer_jargon	0	true	0	true	true	false	2001-01-25 04:37:21.0	2001-01-25 04:37:21.0	7	1999																				1267720536	1267720534	false		false	1387	352	6gz6g12r009oh1ld9e9to48nbcs93vv			false		false			false	false	
enwiki	user	create	2001-01-25 08:30:28.0		194203	745	Graham87											false	false	true																			49008838	77330679	ErikNilsen	ErikNilsen							false	false	true	false	false	true	2025-01-06 10:31:59.0	2025-01-06 10:32:00.0	2001-01-25 08:30:28.0																		
enwiki	revision	create	2001-01-25 08:30:28.0	*	49008838	77330679	ErikNilsen	ErikNilsen							false	false	true	false	false	true	2025-01-06 10:31:59.0	2025-01-06 10:32:00.0	2001-01-25 08:30:28.0	1		23534602	Human–computer_interaction	Human–computer_interaction	0	true	0	true	false	false	2009-07-08 09:35:55.0	2001-01-22 07:21:20.0	10	30803																				1267727530	1267727529	false		false	788	33	j3wve17k1h9r8uy1jjrxzmh9a1cqvgb			false		false			false	true	
enwiki	revision	create	2001-01-25 08:35:32.0	*	49008838	77330679	ErikNilsen	ErikNilsen							false	false	true	false	false	true	2025-01-06 10:31:59.0	2025-01-06 10:32:00.0	2001-01-25 08:30:28.0	2	304	23534602	Human–computer_interaction	Human–computer_interaction	0	true	0	true	false	false	2009-07-08 09:35:55.0	2001-01-22 07:21:20.0	11	304																				1267727531	1267727530	false		false	832	44	h4w2zbrndlvjv5mt4imvezcjcz6ulso			false		false			false	true	
enwiki	revision	create	2001-01-25 10:01:47.0				149.175.34.xxx	149.175.34.xxx										true								5875	Computer_jargon	Computer_jargon	0	true	0	true	true	false	2001-01-25 04:37:21.0	2001-01-25 04:37:21.0	8	5667																				1267720537	1267720536	false		false	1405	18	7c28sgudu24umk3urtd9u9unvxhr7i9			false		false			false	false	
enwiki	revision	create	2001-01-25 10:07:30.0	*			149.175.34.xxx	149.175.34.xxx										true								5875	Computer_jargon	Computer_jargon	0	true	0	true	true	false	2001-01-25 04:37:21.0	2001-01-25 04:37:21.0	9	343																				1267720538	1267720537	false		false	1430	25	q5ttuoksr757lyupgd4kngntoqpk1pr			false		false			false	false	
enwiki	revision	create	2001-01-25 10:07:43.0	*			149.175.34.xxx	149.175.34.xxx										true								21880897											1																					1267722250	0	false		false	27	27	a2xkb4dffn4bnztv1obuty3dd4g5e1m			false		false			false	false	
enwiki	user	create	2001-01-25 10:12:44.0		194203	745	Graham87											false	false	true																			9167505	2156107	ALittleLuck	ALittleLuck							false	false	true	false	false	true	2009-03-09 01:15:38.0	2009-03-09 01:15:39.0	2001-01-25 10:12:44.0																		
enwiki	revision	create	2001-01-25 10:12:44.0		9167505	2156107	ALittleLuck	ALittleLuck							false	false	true	false	false	true	2009-03-09 01:15:38.0	2009-03-09 01:15:39.0	2001-01-25 10:12:44.0	1		23534602	Human–computer_interaction	Human–computer_interaction	0	true	0	true	false	false	2009-07-08 09:35:55.0	2001-01-22 07:21:20.0	12	5832																				1267727532	1267727531	false		false	930	98	5i4nboet3935czpbtjhtqj9x1ge0x6t			false		false			false	true	
enwiki	revision	create	2001-01-25 10:13:27.0	*	9167505	2156107	ALittleLuck	ALittleLuck							false	false	true	false	false	true	2009-03-09 01:15:38.0	2009-03-09 01:15:39.0	2001-01-25 10:12:44.0	2	43	21880897	ALittleLuck	ALittleLuck	2	false	2	false	false	false	2009-03-09 01:14:56.0	2001-01-25 10:13:27.0	2	344																				1267722251	1267722250	false		false	36	9	94tfjx08egva2ioxz7bnj6etyj0hyyp			false		false			false	true	
enwiki	revision	create	2001-01-25 10:14:17.0	*	9167505	2156107	ALittleLuck	ALittleLuck							false	false	true	false	false	true	2009-03-09 01:15:38.0	2009-03-09 01:15:39.0	2001-01-25 10:12:44.0	3	50	5875	Computer_jargon	Computer_jargon	0	true	0	true	true	false	2001-01-25 04:37:21.0	2001-01-25 04:37:21.0	10	407																				1267720539	1267720538	false		false	1441	11	4g0o03n7vu3wlcbmu5caw52e4rh31gl			false		false			false	false	
enwiki	revision	create	2001-01-25 10:17:22.0	*	3684	36925666	BryceHarrington	BryceHarrington							false	false	false	false	false	true	2001-01-24 23:49:09.0		2001-01-24 23:49:09.0	5	8601	26323569	HomePage	HomePage	0	true	0	true	true	false	2010-02-24 14:25:49.0	2001-01-15 19:27:13.0	56	33851																				908493354	908493353	false		false	1116	-11	6940x6mwjchv885lefmd04vtw12afj2			false		true	986116384	623591046	false	true	
enwiki	revision	create	2001-01-25 10:55:12.0	*	11938840	6181623	A010-1472.KSCY.splitrock.net	A010-1472.KSCY.splitrock.net							false	false	true	false	false	true	2010-03-17 09:09:49.0	2010-03-17 09:09:51.0	2001-01-25 10:55:12.0	1		8539050	Patent_nonsense	Patent_nonsense	4	false	4	false	false	false	2006-12-21 01:16:17.0	2001-01-21 09:34:13.0	10	14921																				272851	0	false		false	1682	1682	ntklaq9gmrucij1rppaldnppwnt485u			false		false			false	true	
enwiki	user	create	2001-01-25 10:55:12.0		194203	745	Graham87											false	false	true																			11938840	6181623	A010-1472.KSCY.splitrock.net	A010-1472.KSCY.splitrock.net							false	false	true	false	false	true	2010-03-17 09:09:49.0	2010-03-17 09:09:51.0	2001-01-25 10:55:12.0																		
enwiki	page	create	2001-01-25 11:24:19.0		11938840	6181623	A010-1472.KSCY.splitrock.net	A010-1472.KSCY.splitrock.net							false	false	true	false	false	true	2010-03-17 09:09:49.0	2010-03-17 09:09:51.0	2001-01-25 10:55:12.0			12281	Gottfried_Leibniz	Gottfried_Wilhelm_Leibniz	0	true	0	true	false	false	2001-01-25 11:24:19.0	2001-01-25 11:24:19.0																																							
enwiki	revision	create	2001-01-25 11:24:19.0	*	11938840	6181623	A010-1472.KSCY.splitrock.net	A010-1472.KSCY.splitrock.net							false	false	true	false	false	true	2010-03-17 09:09:49.0	2010-03-17 09:09:51.0	2001-01-25 10:55:12.0	2	1747	12281	Gottfried_Leibniz	Gottfried_Wilhelm_Leibniz	0	true	0	true	false	false	2001-01-25 11:24:19.0	2001-01-25 11:24:19.0	1																					1271000587	0	false		false	90	90	r3dt1bnwtzfjqgcd5s13p2v79cmlamp			false		false			false	false	
enwiki	revision	create	2001-01-25 11:38:02.0	*	11938840	6181623	A010-1472.KSCY.splitrock.net	A010-1472.KSCY.splitrock.net							false	false	true	false	false	true	2010-03-17 09:09:49.0	2010-03-17 09:09:51.0	2001-01-25 10:55:12.0	3	823	8886	Deconstruction	Deconstruction	0	true	0	true	false	false	2001-01-25 11:38:02.0	2001-01-25 11:38:02.0	1																					246330	0	false		false	21	21	0dn9lvlzhm71loywal8ihb1ocun3avv			false		false			false	false	
enwiki	page	create	2001-01-25 11:38:02.0		11938840	6181623	A010-1472.KSCY.splitrock.net	A010-1472.KSCY.splitrock.net							false	false	true	false	false	true	2010-03-17 09:09:49.0	2010-03-17 09:09:51.0	2001-01-25 10:55:12.0			8886	Deconstruction	Deconstruction	0	true	0	true	false	false	2001-01-25 11:38:02.0	2001-01-25 11:38:02.0																																							
enwiki	user	create	2001-01-25 16:28:41.0		194203	745	Graham87											false	false	true																			49118970	77492733	Webproxy.medaphis.com	Webproxy.medaphis.com							false	false	true	false	false	true	2025-01-27 02:59:06.0	2025-01-27 02:59:07.0	2001-01-25 16:28:41.0																		
enwiki	revision	create	2001-01-25 16:28:41.0	*	49118970	77492733	Webproxy.medaphis.com	Webproxy.medaphis.com							false	false	true	false	false	true	2025-01-27 02:59:06.0	2025-01-27 02:59:07.0	2001-01-25 16:28:41.0	1		26593	SportS	SportS	0	true	0	true	true	false	2001-01-16 18:54:35.0	2001-01-16 18:54:35.0	7	84794																				1272089901	1272089900	false		false	1425	15	n580heng6mhz9vgr9acinq88wz8e8b4			false		false			false	false	
enwiki	page	create	2001-01-25 17:12:03.0		7800357	194415	AyeSpy	AyeSpy		nocreate,noemail,nousertalk					false	true	false	false	false	true	2008-09-07 01:37:15.0	2008-09-07 01:37:15.0	2001-01-19 01:10:38.0			30	AsWeMayThink	AsWeMayThink	0	true	0	true	true	false	2001-01-25 17:12:03.0	2001-01-25 17:12:03.0																																							
enwiki	revision	create	2001-01-25 17:12:03.0	*	7800357	194415	AyeSpy	AyeSpy		nocreate,noemail,nousertalk					false	true	false	false	false	true	2008-09-07 01:37:15.0	2008-09-07 01:37:15.0	2001-01-19 01:10:38.0	16	40171	30	AsWeMayThink	AsWeMayThink	0	true	0	true	true	false	2001-01-25 17:12:03.0	2001-01-25 17:12:03.0	1																					233225	0	false		false	351	351	dnkzjuavmblc0kxnmtqcb52qpbgd5b7			false		false			false	false	
enwiki	revision	create	2001-01-25 18:20:37.0	*	7800319		LarrySanger											false						69	50737	32942	Announcements	Milestones	4	false	4	false	false	false	2001-01-21 23:32:56.0	2001-01-21 23:32:56.0	6	50737																				1066656643	1066656642	false		false	569	104	979o7ms7c0goni7wudsimerash9awbh			false		false			false	false	
enwiki	revision	create	2001-01-25 18:27:46.0	*	7800319		LarrySanger											false						70	429	32942	Announcements	Milestones	4	false	4	false	false	false	2001-01-21 23:32:56.0	2001-01-21 23:32:56.0	7	429																				1066656644	1066656643	false		false	553	-16	j3xcpyd99goxjccmqvx0yciugefsn3h			false		false			false	false	
enwiki	revision	create	2001-01-25 18:29:33.0	*	7800319		LarrySanger											false						71	107	26155570	Nupedia	Nupedia	0	true	0	true	false	false	2010-02-11 02:26:10.0	2001-01-17 00:08:43.0	5	378606																				269589	269588	false		false	274	-256	sjt36rxze3yevjcmysdzlpe8gernsbo			false		false			false	true	
enwiki	user	create	2001-01-25 18:35:07.0		194203	745	Graham87											false	false	true																			49050537	77392179	Tim-pri52.smsu.edu	Tim-pri52.smsu.edu							false	false	true	false	false	true	2025-01-14 12:15:51.0	2025-01-14 12:15:52.0	2001-01-25 18:35:07.0																		
enwiki	revision	create	2001-01-25 18:35:07.0	*Two questions added	49050537	77392179	Tim-pri52.smsu.edu	Tim-pri52.smsu.edu							false	false	true	false	false	true	2025-01-14 12:15:51.0	2025-01-14 12:15:52.0	2001-01-25 18:35:07.0	1		17743639	WikiPediaFaq	FAQ	0	true	4	false	false	false	2008-06-03 01:51:12.0	2001-01-17 01:12:24.0	21	213004																				1269545150	1269545148	false		false	4704	217	b7fxrl8rtbr39bbwh7if8r3urekutm6			false		false			false	true	
enwiki	revision	create	2001-01-25 19:25:44.0	*			209.187.96.xxx	209.187.96.xxx										true								25355	RhodeIsland	RhodeIsland	0	true	0	true	true	false	2001-01-17 21:48:10.0	2001-01-17 21:48:10.0	3	682483																				1271652342	1271652341	false		false	208	77	km4cd48m8uy80o1a1wnwa60mv1qgigf			false		false			false	false	
enwiki	revision	create	2001-01-25 20:35:36.0	*I added a place for students to tack on their own links			149.175.33.xxx	149.175.33.xxx										true								23534602	Human–computer_interaction	Human–computer_interaction	0	true	0	true	false	false	2009-07-08 09:35:55.0	2001-01-22 07:21:20.0	13	37372																				1267727533	1267727532	false		false	1224	294	mbapde5w4kp68l8v23sk1useh4sbco3			false		false			false	true	
enwiki	revision	create	2001-01-25 20:36:12.0	*			149.175.33.xxx	149.175.33.xxx										true								23534602	Human–computer_interaction	Human–computer_interaction	0	true	0	true	false	false	2009-07-08 09:35:55.0	2001-01-22 07:21:20.0	14	36																				1267727534	1267727533	false		false	1225	1	t0r7bayhjatw5sbo3257gmz3f65shcm			false		false			false	true	
enwiki	revision	create	2001-01-25 20:36:59.0	*			149.175.33.xxx	149.175.33.xxx										true								23534602	Human–computer_interaction	Human–computer_interaction	0	true	0	true	false	false	2009-07-08 09:35:55.0	2001-01-22 07:21:20.0	15	47																				1267727535	1267727534	false		false	1286	61	94xwkaaloqnih7wrysjgngl56m45stj			false		false			false	true	
enwiki	revision	create	2001-01-25 20:38:43.0	*			149.175.33.xxx	149.175.33.xxx										true								23534602	Human–computer_interaction	Human–computer_interaction	0	true	0	true	false	false	2009-07-08 09:35:55.0	2001-01-22 07:21:20.0	16	104																				1267727536	1267727535	false		false	1407	121	mqzw2dduo933n4yfg8ndtb2x56sffm8			false		false			false	true	
enwiki	revision	create	2001-01-25 21:20:07.0	*			149.175.6.xxx	149.175.6.xxx										true								23534602	Human–computer_interaction	Human–computer_interaction	0	true	0	true	false	false	2009-07-08 09:35:55.0	2001-01-22 07:21:20.0	17	2484																				1267727537	1267727536	false		false	1391	-16	sx35ddohqh1dpk8lkxehrzvkbmioqpx			false		false			false	true	
enwiki	revision	create	2001-01-25 21:20:41.0	*			149.175.6.xxx	149.175.6.xxx										true								23534602	Human–computer_interaction	Human–computer_interaction	0	true	0	true	false	false	2009-07-08 09:35:55.0	2001-01-22 07:21:20.0	18	34																				1267727538	1267727537	false		false	1390	-1	s2oqixwv1sqq9fvqxt9vbcogz8v8zpf			false		false			false	true	
enwiki	revision	create	2001-01-25 21:21:14.0	*			149.175.6.xxx	149.175.6.xxx										true								23534602	Human–computer_interaction	Human–computer_interaction	0	true	0	true	false	false	2009-07-08 09:35:55.0	2001-01-22 07:21:20.0	19	33																				1267727539	1267727538	false		false	1390	0	02wj0kefrpl4k1u63bilepb4n7qc51r			false		false			false	true	
enwiki	revision	create	2001-01-25 21:37:48.0	*			149.175.6.xxx	149.175.6.xxx										true								23534602	Human–computer_interaction	Human–computer_interaction	0	true	0	true	false	false	2009-07-08 09:35:55.0	2001-01-22 07:21:20.0	20	994																				1267727540	1267727539	false		false	1386	-4	57tfffetsgaqk82kzxokxakax2ymr0q			false		false			false	true	
enwiki	revision	create	2001-01-25 21:50:35.0	*	49008730	77330515	Dhcp-22-115.lclark.edu	Dhcp-22-115.lclark.edu							false	false	true	false	false	true	2025-01-06 10:01:19.0	2025-01-06 10:01:20.0	2001-01-25 21:50:35.0	1		21880897	ALittleLuck	ALittleLuck	2	false	2	false	false	false	2009-03-09 01:14:56.0	2001-01-25 10:13:27.0	3	41828																				1267722252	1267722251	false		false	92	56	o7tt9avt4kw36ia52gl1u6r0s5jwzir			false		false			false	true	
enwiki	user	create	2001-01-25 21:50:35.0		194203	745	Graham87											false	false	true																			49008730	77330515	Dhcp-22-115.lclark.edu	Dhcp-22-115.lclark.edu							false	false	true	false	false	true	2025-01-06 10:01:19.0	2025-01-06 10:01:20.0	2001-01-25 21:50:35.0																		
enwiki	revision	create	2001-01-25 21:54:35.0	*	49008730	77330515	Dhcp-22-115.lclark.edu	Dhcp-22-115.lclark.edu							false	false	true	false	false	true	2025-01-06 10:01:19.0	2025-01-06 10:01:20.0	2001-01-25 21:50:35.0	2	240	21880897	ALittleLuck	ALittleLuck	2	false	2	false	false	false	2009-03-09 01:14:56.0	2001-01-25 10:13:27.0	4	240																				1267722253	1267722252	false		false	107	15	gl7xlz47nsyzxf5bmzcno5f09f426ej			false		false			false	true	
enwiki	revision	create	2001-01-25 21:54:52.0	*	49008730	77330515	Dhcp-22-115.lclark.edu	Dhcp-22-115.lclark.edu							false	false	true	false	false	true	2025-01-06 10:01:19.0	2025-01-06 10:01:20.0	2001-01-25 21:50:35.0	3	17	21880897	ALittleLuck	ALittleLuck	2	false	2	false	false	false	2009-03-09 01:14:56.0	2001-01-25 10:13:27.0	5	17																				1267722254	1267722253	false		false	107	0	mm0x063axaxzghhnywstji7p7wtrav6			false		false			false	true	
enwiki	user	create	2001-01-25 22:44:52.0		194203	745	Graham87											false	false	true																			11947664	6194977	Dhcp-22-128.lclark.edu	Dhcp-22-128.lclark.edu		nocreate					false	false	true	false	false	true	2010-03-18 12:27:15.0	2010-03-18 12:27:16.0	2001-01-25 22:44:52.0																		
enwiki	revision	create	2001-01-25 22:44:52.0	*	11947664	6194977	Dhcp-22-128.lclark.edu	Dhcp-22-128.lclark.edu		nocreate					false	false	true	false	false	true	2010-03-18 12:27:15.0	2010-03-18 12:27:16.0	2001-01-25 22:44:52.0	1		23534602	Human–computer_interaction	Human–computer_interaction	0	true	0	true	false	false	2009-07-08 09:35:55.0	2001-01-22 07:21:20.0	21	4024																				1267727541	1267727540	false		false	1606	220	8jlfgnlnmnkoc9bq9zqwhkpiekojpxm			false		false			false	true	
enwiki	revision	create	2001-01-25 22:49:53.0	*			193.170.62.xxx	193.170.62.xxx										true								26964606											1																					1320552752	0	false		false	251	251	0gbevlout045zhuwnu3r7bsgn6o6syq			false		false			false	false	
enwiki	revision	create	2001-01-25 23:02:19.0	*	11947664	6194977	Dhcp-22-128.lclark.edu	Dhcp-22-128.lclark.edu		nocreate					false	false	true	false	false	true	2010-03-18 12:27:15.0	2010-03-18 12:27:16.0	2001-01-25 22:44:52.0	2	1047	23534602	Human–computer_interaction	Human–computer_interaction	0	true	0	true	false	false	2009-07-08 09:35:55.0	2001-01-22 07:21:20.0	22	1047																				1267727542	1267727541	false		false	1620	14	smf565z5e2gb0m6t7hmh5lnxee1u4zy			false		false			false	true	
enwiki	user	create	2001-01-26 00:18:50.0		194203	745	Graham87											false	false	true																			49008849	77330693	Dhcp-22-132.lclark.edu	Dhcp-22-132.lclark.edu							false	false	true	false	false	true	2025-01-06 10:34:54.0	2025-01-06 10:34:55.0	2001-01-26 00:18:50.0																		
enwiki	revision	create	2001-01-26 00:18:50.0	*	49008849	77330693	Dhcp-22-132.lclark.edu	Dhcp-22-132.lclark.edu							false	false	true	false	false	true	2025-01-06 10:34:54.0	2025-01-06 10:34:55.0	2001-01-26 00:18:50.0	1		23534602	Human–computer_interaction	Human–computer_interaction	0	true	0	true	false	false	2009-07-08 09:35:55.0	2001-01-22 07:21:20.0	23	4591																				1267727543	1267727542	false		false	1644	24	px4c66927rolonqwc1kg6gx3lmkxj3g			false		false			false	true	
enwiki	revision	create	2001-01-26 00:21:27.0	*	11947592	6194856	Dhcp-22-126.lclark.edu	Dhcp-22-126.lclark.edu		nocreate					false	false	true	false	false	true	2010-03-18 12:13:14.0	2010-03-18 12:13:15.0	2001-01-26 00:21:27.0	1		26323569	HomePage	HomePage	0	true	0	true	true	false	2010-02-24 14:25:49.0	2001-01-15 19:27:13.0	57	50645																				908493355	908493354	false		false	1130	14	j8autdxp1r5ojoo9ho7a50k2pe6es97			false		true	908493358	7636	false	true	
enwiki	user	create	2001-01-26 00:21:27.0		194203	745	Graham87											false	false	true																			11947592	6194856	Dhcp-22-126.lclark.edu	Dhcp-22-126.lclark.edu		nocreate					false	false	true	false	false	true	2010-03-18 12:13:14.0	2010-03-18 12:13:15.0	2001-01-26 00:21:27.0																		
enwiki	revision	create	2001-01-26 00:22:17.0	*			dhcp-22-126.lclark.edu	dhcp-22-126.lclark.edu										true								26614											1																					279653	0	false		false	45	45	8ws58e9ip7rms6h4vnpifyx6ucyk9wv			false		false			false	false	
enwiki	revision	create	2001-01-26 00:22:41.0	*			dhcp-22-126.lclark.edu	dhcp-22-126.lclark.edu										true								26614											2	24																				279654	279653	false		false	46	1	cmlejqm4tp5634rwgja1nu8qrtcuw0e			false		false			false	false	
enwiki	revision	create	2001-01-26 00:22:55.0	*	11947677	6194992	Dhcp-22-95.lclark.edu	Dhcp-22-95.lclark.edu		nocreate					false	false	true	false	false	true	2010-03-18 12:28:47.0	2010-03-18 12:28:49.0	2001-01-26 00:22:55.0	1		21880897	ALittleLuck	ALittleLuck	2	false	2	false	false	false	2009-03-09 01:14:56.0	2001-01-25 10:13:27.0	6	8883																				1267722255	1267722254	false		false	147	40	a45n2it2fn17xr4xnrfnzdtdee5ea8v			false		false			false	true	
enwiki	user	create	2001-01-26 00:22:55.0		194203	745	Graham87											false	false	true																			11947677	6194992	Dhcp-22-95.lclark.edu	Dhcp-22-95.lclark.edu		nocreate					false	false	true	false	false	true	2010-03-18 12:28:47.0	2010-03-18 12:28:49.0	2001-01-26 00:22:55.0																		
enwiki	revision	create	2001-01-26 00:23:30.0	*	49008649	77330382	Dhcp-22-112.lclark.edu	Dhcp-22-112.lclark.edu							false	false	true	false	false	true	2025-01-06 09:42:04.0	2025-01-06 09:42:05.0	2001-01-26 00:23:30.0	1		21880897	ALittleLuck	ALittleLuck	2	false	2	false	false	false	2009-03-09 01:14:56.0	2001-01-25 10:13:27.0	7	35																				1267722256	1267722255	false		false	20	-127	ksuo7mh4d6c4124ahh57zlffp8e4dee			false		false			false	true	
enwiki	user	create	2001-01-26 00:23:30.0		194203	745	Graham87											false	false	true																			49008649	77330382	Dhcp-22-112.lclark.edu	Dhcp-22-112.lclark.edu							false	false	true	false	false	true	2025-01-06 09:42:04.0	2025-01-06 09:42:05.0	2001-01-26 00:23:30.0																		
enwiki	revision	create	2001-01-26 00:24:48.0	*	49008649	77330382	Dhcp-22-112.lclark.edu	Dhcp-22-112.lclark.edu							false	false	true	false	false	true	2025-01-06 09:42:04.0	2025-01-06 09:42:05.0	2001-01-26 00:23:30.0	2	78	5875	Computer_jargon	Computer_jargon	0	true	0	true	true	false	2001-01-25 04:37:21.0	2001-01-25 04:37:21.0	11	51031																				1267720540	1267720539	false		false	1542	101	2bu63loj091qig53vmn8z84v6uq0p7y			false		false			false	false	
enwiki	revision	create	2001-01-26 00:25:10.0	*	7800357	194415	AyeSpy	AyeSpy		nocreate,noemail,nousertalk					false	true	false	false	false	true	2008-09-07 01:37:15.0	2008-09-07 01:37:15.0	2001-01-19 01:10:38.0	17	25987	21880897	ALittleLuck	ALittleLuck	2	false	2	false	false	false	2009-03-09 01:14:56.0	2001-01-25 10:13:27.0	8	100																				1267722257	1267722256	false		false	16	-4	l3cvpg763wie0a3u0iejoo2n7ydxzsd			false		false			false	true	
enwiki	revision	create	2001-01-26 00:25:48.0	*			dhcp-22-126.lclark.edu	dhcp-22-126.lclark.edu										true								26614											3	187																				279655	279654	false		false	100	54	a642oed9cp48wcbd1rriq6a5dp771v7			false		false			false	false	
enwiki	revision	create	2001-01-26 00:26:07.0	*	49008649	77330382	Dhcp-22-112.lclark.edu	Dhcp-22-112.lclark.edu							false	false	true	false	false	true	2025-01-06 09:42:04.0	2025-01-06 09:42:05.0	2001-01-26 00:23:30.0	3	79	23534602	Human–computer_interaction	Human–computer_interaction	0	true	0	true	false	false	2009-07-08 09:35:55.0	2001-01-22 07:21:20.0	24	437																				1267727544	1267727543	false		false	1654	10	cutiauaxyarralzmy3jsb2n6h03b3db			false		false			false	true	
enwiki	revision	create	2001-01-26 00:27:12.0	*			dhcp-22-95.lclark.edu	dhcp-22-95.lclark.edu										true								29778	.ł-ł..A.G.G.E.R.??	Thomas_Edison	0	true	0	true	false	false	2001-01-23 21:50:30.0	2001-01-23 21:50:30.0	3	179576																				286376	286375	false		false	699	67	aexy0xz83co72y5ulrpnfr43bdtftjx			false		false			false	false	
enwiki	revision	create	2001-01-26 00:27:29.0	*			dhcp-22-126.lclark.edu	dhcp-22-126.lclark.edu										true								26614											4	101																				279656	279655	false		false	181	81	ltvtspudkp23jmmecv2165wwy7i1ds1			false		false			false	false	
enwiki	revision	create	2001-01-26 00:27:55.0	*			dhcp-22-126.lclark.edu	dhcp-22-126.lclark.edu										true								26614											5	26																				279657	279656	false		false	195	14	iheikrx1mmjnumjuhxhqxfakxen14dh			false		false			false	false	
enwiki	revision	create	2001-01-26 00:29:13.0	*			dhcp-22-126.lclark.edu	dhcp-22-126.lclark.edu										true								26614											6	78																				279658	279657	false		false	271	76	k4srjxqvahckk1p9m9zqdc68hpczivn			false		false			false	false	
enwiki	revision	create	2001-01-26 00:29:21.0	*			ffm2-t7-2.mcbone.net	ffm2-t7-2.mcbone.net										true								13185											1																					256077	0	false		false	28	28	7efdvi8bcb4v3e5mykfdo983gn5myy2			false		false			false	false	
enwiki	page	create	2001-01-26 00:30:03.0		11955163	6206020	Ffm2-t7-2.mcbone.net	Ffm2-t7-2.mcbone.net		nocreate					false	false	true	false	false	true	2010-03-19 12:31:59.0	2010-03-19 12:32:01.0	2001-01-26 00:30:03.0			5085	CityBerlin	CityBerlin	0	true	0	true	true	false	2001-01-26 00:30:03.0	2001-01-26 00:30:03.0																																							
enwiki	revision	create	2001-01-26 00:30:03.0	*	11955163	6206020	Ffm2-t7-2.mcbone.net	Ffm2-t7-2.mcbone.net		nocreate					false	false	true	false	false	true	2010-03-19 12:31:59.0	2010-03-19 12:32:01.0	2001-01-26 00:30:03.0	1		5085	CityBerlin	CityBerlin	0	true	0	true	true	false	2001-01-26 00:30:03.0	2001-01-26 00:30:03.0	1																					1269952175	0	false		false	33	33	tb8sgf5b5ssd8wkkxenim3y7ij7w3lh			false		false			false	false	
enwiki	user	create	2001-01-26 00:30:03.0		194203	745	Graham87											false	false	true																			11955163	6206020	Ffm2-t7-2.mcbone.net	Ffm2-t7-2.mcbone.net		nocreate					false	false	true	false	false	true	2010-03-19 12:31:59.0	2010-03-19 12:32:01.0	2001-01-26 00:30:03.0																		
enwiki	revision	create	2001-01-26 00:30:16.0	*			dhcp-22-128.lclark.edu	dhcp-22-128.lclark.edu										true								26614											7	63																				279659	279658	false		false	291	20	7k1nlxcdf0jmb2di9o5nxrdzapfasre			false		false			false	false	
enwiki	revision	create	2001-01-26 00:30:54.0	*			dhcp-22-128.lclark.edu	dhcp-22-128.lclark.edu										true								26614											8	38																				279660	279659	false		false	339	48	q06ghc2f514wjj7iovb5awknilxbxfi			false		false			false	false	
enwiki	revision	create	2001-01-26 00:31:25.0	*			dhcp-22-126.lclark.edu	dhcp-22-126.lclark.edu										true								26614											9	31																				279661	279660	false		false	340	1	tfdzuxtxim7y4jvbqgp1ah6brofowgo			false		false			false	false	
enwiki	revision	create	2001-01-26 00:32:25.0	*			dhcp-22-126.lclark.edu	dhcp-22-126.lclark.edu										true								26614											10	60																				279662	279661	false		false	395	55	trxp03b6ny7vw64y09kv7gy0pekk3u7			false		false			false	false	
enwiki	revision	create	2001-01-26 00:33:11.0	*	11947664	6194977	Dhcp-22-128.lclark.edu	Dhcp-22-128.lclark.edu		nocreate					false	false	true	false	false	true	2010-03-18 12:27:15.0	2010-03-18 12:27:16.0	2001-01-25 22:44:52.0	3	5452	26323569	HomePage	HomePage	0	true	0	true	true	false	2010-02-24 14:25:49.0	2001-01-15 19:27:13.0	58	704																				908493356	908493355	false		false	1132	2	9rr2sl6k2i0hc1qcm6ni6n8700dfwv7			false		true	908493358	6932	false	true	
enwiki	revision	create	2001-01-26 00:36:05.0	*			dhcp-22-126.lclark.edu	dhcp-22-126.lclark.edu										true								26614											11	220																				279663	279662	false		false	510	115	0czpp7u7bnffml8gr13aq8uzrrfabs4			false		false			false	false	
enwiki	revision	create	2001-01-26 01:10:40.0	*			149.175.7.xxx	149.175.7.xxx										true								23534602	Human–computer_interaction	Human–computer_interaction	0	true	0	true	false	false	2009-07-08 09:35:55.0	2001-01-22 07:21:20.0	25	2673																				1267727545	1267727544	false		false	1598	-56	3aqa3apatijhlnym337q42qconvinc8			false		false			false	true	
enwiki	revision	create	2001-01-26 01:14:39.0	*	9167505	2156107	ALittleLuck	ALittleLuck							false	false	true	false	false	true	2009-03-09 01:15:38.0	2009-03-09 01:15:39.0	2001-01-25 10:12:44.0	4	54022	21880897	ALittleLuck	ALittleLuck	2	false	2	false	false	false	2009-03-09 01:14:56.0	2001-01-25 10:13:27.0	9	2969																				350370954	15935660	false		false	44	-23	4ui6xyh3enea35us3cbjayx0jbsjc9f			false		false			false	true	
enwiki	revision	create	2001-01-26 01:16:25.0	*			149.175.7.xxx	149.175.7.xxx										true								23534602	Human–computer_interaction	Human–computer_interaction	0	true	0	true	false	false	2009-07-08 09:35:55.0	2001-01-22 07:21:20.0	26	345																				1267727546	1267727545	false		false	1621	23	f42qk1nsmothsbefty3voagojkhxsgs			false		false			false	true	
enwiki	revision	create	2001-01-26 01:16:56.0	*			149.175.7.xxx	149.175.7.xxx										true								23534602	Human–computer_interaction	Human–computer_interaction	0	true	0	true	false	false	2009-07-08 09:35:55.0	2001-01-22 07:21:20.0	27	31																				1267727547	1267727546	false		false	1621	0	3yyh0o9jz6a21w51op5ug684rui5yq9			false		false			false	true	
enwiki	revision	create	2001-01-26 01:18:53.0	*			149.175.7.xxx	149.175.7.xxx										true								23534602	Human–computer_interaction	Human–computer_interaction	0	true	0	true	false	false	2009-07-08 09:35:55.0	2001-01-22 07:21:20.0	28	117																				1267727548	1267727547	false		false	1622	1	2a85rb5n7czmzm2uwy3ym2on2i3huih			false		false			false	true	
enwiki	revision	create	2001-01-26 01:19:53.0	*			149.175.7.xxx	149.175.7.xxx										true								21880897	ALittleLuck	ALittleLuck	2	false	2	false	false	false	2009-03-09 01:14:56.0	2001-01-25 10:13:27.0	10	314																				350370955	15935660	false		false	45	-22	j33u9miu2iy6isili5jvy5p4vey0n82			false		false			false	true	
enwiki	revision	create	2001-01-26 02:02:38.0	*	7800319		LarrySanger											false						72	27185	26323569	HomePage	HomePage	0	true	0	true	true	false	2010-02-24 14:25:49.0	2001-01-15 19:27:13.0	59	5367																				908493357	908493356	false		false	1142	10	0g18fmzs1v2uh14dt9wsgspe03olh4p			false		true	908493358	1565	false	true	
enwiki	revision	create	2001-01-26 02:03:46.0	*	7800319		LarrySanger											false						73	68	26593	SportS	SportS	0	true	0	true	true	false	2001-01-16 18:54:35.0	2001-01-16 18:54:35.0	8	34505																				1272089902	1272089901	false		false	1425	0	ammj0t3gkxcezi127lu96wyzms8j461			false		false			false	false	
enwiki	revision	create	2001-01-26 02:06:22.0	*	7800319		LarrySanger											false						74	156	26614	SnowBOARDING	SnowBOARDING	0	true	0	true	true	false	2001-01-26 02:06:22.0	2001-01-26 02:06:22.0	12	5417																				279664	279663	false		false	19	-491	gv3bugz3wkv41wpjvp2c5j0c04co3oz			false		false			false	false	
enwiki	page	create	2001-01-26 02:06:22.0		7800319	194394	LarrySanger											false								26614	SnowBOARDING	SnowBOARDING	0	true	0	true	true	false	2001-01-26 02:06:22.0	2001-01-26 02:06:22.0																																							
enwiki	revision	create	2001-01-26 02:08:28.0	*	47420873	75036161	A010-0852.KSCY.splitrock.net	A010-0852.KSCY.splitrock.net							false	false	true	false	false	true	2024-02-22 11:28:21.0	2024-02-22 11:28:22.0	2001-01-26 02:08:28.0	1		17744623	NewTopics	New_topics	0	true	4	false	false	false	2008-06-03 03:33:40.0	2001-01-17 00:16:37.0	9	354843																				1209542248	1209542247	false		false	632	9	bahj8uq1fkas70cifxns42e0jofab6n			false		false			false	true	
enwiki	user	create	2001-01-26 02:08:28.0		194203	745	Graham87											false	false	true																			47420873	75036161	A010-0852.KSCY.splitrock.net	A010-0852.KSCY.splitrock.net							false	false	true	false	false	true	2024-02-22 11:28:21.0	2024-02-22 11:28:22.0	2001-01-26 02:08:28.0																		
enwiki	revision	create	2001-01-26 02:08:50.0	*	7800319		LarrySanger											false						75	148	7858	DanCe	DanCe	0	true	0	true	true	false	2001-01-26 02:08:50.0	2001-01-26 02:08:50.0	1																					246328	0	false		false	258	258	77xv2gf7rqp48z32ttw6i8bpdn4fkb7			false		false			false	false	
enwiki	page	create	2001-01-26 02:08:50.0		7800319	194394	LarrySanger											false								7858	DanCe	DanCe	0	true	0	true	true	false	2001-01-26 02:08:50.0	2001-01-26 02:08:50.0																																							
enwiki	revision	create	2001-01-26 02:11:28.0	*	7800357	194415	AyeSpy	AyeSpy		nocreate,noemail,nousertalk					false	true	false	false	false	true	2008-09-07 01:37:15.0	2008-09-07 01:37:15.0	2001-01-19 01:10:38.0	18	6378	21880897	ALittleLuck	ALittleLuck	2	false	2	false	false	false	2009-03-09 01:14:56.0	2001-01-25 10:13:27.0	11	3095																				350370956	15935660	true		false	60	-7	kaex5ioulbaqfg9rgpd3w0ufvwn2zba			false		false			false	true	
enwiki	revision	create	2001-01-26 02:28:43.0	*	7800319		LarrySanger											false						76	1193	26323569	HomePage	HomePage	0	true	0	true	true	false	2010-02-24 14:25:49.0	2001-01-15 19:27:13.0	60	1565																				908493358	908493357	false		false	1116	-26	6940x6mwjchv885lefmd04vtw12afj2			false		true	986116384	623532765	true	true	
enwiki	revision	create	2001-01-26 05:28:02.0	*	49008838	77330679	ErikNilsen	ErikNilsen							false	false	true	false	false	true	2025-01-06 10:31:59.0	2025-01-06 10:32:00.0	2001-01-25 08:30:28.0	3	75150	23534602	Human–computer_interaction	Human–computer_interaction	0	true	0	true	false	false	2009-07-08 09:35:55.0	2001-01-22 07:21:20.0	29	14949																				1267727549	1267727548	false		false	1623	1	lloswaesi2e4cudhqdhk9feg124med1			false		false			false	true	
enwiki	revision	create	2001-01-26 06:29:23.0	*			ffaxvahe5-3-243.cox.rr.com	ffaxvahe5-3-243.cox.rr.com										true								13185											2	21602																				256078	256077	true		false	49	21	2a3mj4gt1fxup5nxc3dl9kfdms59knd			false		false			false	false	
enwiki	revision	create	2001-01-26 07:24:25.0		7800319		LarrySanger											false						77	17742	26771984	PootPoot	PootPoot	0	true	0	true		true	2001-01-26 07:24:25.0	2001-01-26 07:24:25.0	1																					353098922		false		false	112	112	f9jlxqrwooqinfjkyrifosxeyf6jvtq			true	2010-03-31 04:49:36.0	false			false	false	
enwiki	page	create	2001-01-26 07:24:25.0		7800319	194394	LarrySanger											false								26771984	PootPoot	PootPoot	0	true	0	true		true	2001-01-26 07:24:25.0	2001-01-26 07:24:25.0																																							
enwiki	revision	create	2001-01-26 07:25:08.0	*	7800319		LarrySanger											false						78	43	32942	Announcements	Milestones	4	false	4	false	false	false	2001-01-21 23:32:56.0	2001-01-21 23:32:56.0	8	46642																				1066656645	1066656644	false		false	564	11	b6zxpv63alo4qotkb5p49otx265ss51			false		false			false	false	
enwiki	revision	create	2001-01-26 08:02:26.0	*	49044969	77384084	Ch5blm.bellglobal.com	Ch5blm.bellglobal.com							false	false	true	false	false	true	2025-01-13 11:14:20.0	2025-01-13 11:14:21.0	2001-01-26 08:02:26.0	1		7965	Disruption	Disruption	0	true	0	true	false	false	2001-01-17 00:17:33.0	2001-01-17 00:17:33.0	3	803530																				1269173643	1269173642	false		false	429	157	ei8ze38x3dsuth3788ylp04dshqx342			false		false			false	false	
enwiki	user	create	2001-01-26 08:02:26.0		194203	745	Graham87											false	false	true																			49044969	77384084	Ch5blm.bellglobal.com	Ch5blm.bellglobal.com							false	false	true	false	false	true	2025-01-13 11:14:20.0	2025-01-13 11:14:21.0	2001-01-26 08:02:26.0																		
enwiki	page	create	2001-01-26 08:06:52.0		7792520	183098	JoshuaGrosse	JoshuaGrosse		nocreate,noemail,nousertalk					true	false	false	false	false	true	2008-09-05 20:14:59.0	2008-09-05 20:14:59.0	2001-01-22 07:11:28.0			22854	PartialOrderedSet	PartialOrderedSet	0	true	0	true	true	false	2001-01-26 08:06:52.0	2001-01-26 08:06:52.0																																							
enwiki	revision	create	2001-01-26 08:06:52.0	*	7792520	183098	JoshuaGrosse	JoshuaGrosse		nocreate,noemail,nousertalk					true	false	false	false	false	true	2008-09-05 20:14:59.0	2008-09-05 20:14:59.0	2001-01-22 07:11:28.0	19	98762	22854	PartialOrderedSet	PartialOrderedSet	0	true	0	true	true	false	2001-01-26 08:06:52.0	2001-01-26 08:06:52.0	1																					272862	0	true		false	35	35	gaeikdswtxwqydktkrt38wpxfgyfhj9			false		false			false	false	
enwiki	revision	create	2001-01-26 08:15:38.0	*	7792520	183098	JoshuaGrosse	JoshuaGrosse		nocreate,noemail,nousertalk					true	false	false	false	false	true	2008-09-05 20:14:59.0	2008-09-05 20:14:59.0	2001-01-22 07:11:28.0	20	526	18745	MathematicalGrouP	MathematicalGrouP	0	true	0	true	true	false	2001-01-17 00:25:58.0	2001-01-17 00:25:58.0	18	99288																				1271963097	1271963096	false		false	2976	20	dmhwr85v4ep6w2n8mf2yz31q70bggk7			false		false			false	false	
enwiki	revision	create	2001-01-26 08:36:38.0	A vote for first and last letter capitalization on SinglE WordS.	3684	36925666	BryceHarrington	BryceHarrington							false	false	false	false	false	true	2001-01-24 23:49:09.0		2001-01-24 23:49:09.0	6	80356	9969298	NamingConventions	NamingConventions	0	true	0	true	true	false	2016-11-02 00:45:25.0	2001-01-16 21:13:06.0	16	378289																				1264752856	1264752855	false		false	6935	275	4eu3gp7shrbthptzr0c9i6msjc1v37k			false		false			false	true	
enwiki	revision	create	2001-01-26 08:50:37.0	*	3684	36925666	BryceHarrington	BryceHarrington							false	false	false	false	false	true	2001-01-24 23:49:09.0		2001-01-24 23:49:09.0	7	839	26617	SyndicalisM	SyndicalisM	0	true	0	true	true	false	2001-01-26 08:50:37.0	2001-01-26 08:50:37.0	1																					279671	0	false		false	216	216	k5xvb1ex5opxwl4budr5ufig3zk836e			false		false			false	false	
enwiki	page	create	2001-01-26 08:50:37.0		3684	36925666	BryceHarrington	BryceHarrington							false	false	false	false	false	true	2001-01-24 23:49:09.0		2001-01-24 23:49:09.0			26617	SyndicalisM	SyndicalisM	0	true	0	true	true	false	2001-01-26 08:50:37.0	2001-01-26 08:50:37.0																																							
enwiki	revision	create	2001-01-26 09:04:41.0	*	3684	36925666	BryceHarrington	BryceHarrington							false	false	false	false	false	true	2001-01-24 23:49:09.0		2001-01-24 23:49:09.0	8	844	39837	Explore	Historical_archive/Explore	4	false	4	false	false	false	2001-01-17 00:31:31.0	2001-01-17 00:31:31.0	3	808182																				1234594198	1234594197	false		false	534	151	eu6dmiu8lhcexgsbd3nt2pnaggzo55y			false		false			false	false	
enwiki	revision	create	2001-01-26 09:15:04.0	*	7792520	183098	JoshuaGrosse	JoshuaGrosse		nocreate,noemail,nousertalk					true	false	false	false	false	true	2008-09-05 20:14:59.0	2008-09-05 20:14:59.0	2001-01-22 07:11:28.0	21	3566	40035752	SwedisH	SwedisH	0	true	0	true	true	false	2013-07-22 02:05:16.0	2001-01-26 09:15:04.0	1																					536295177	0	true		false	84	84	htn79fj9ab6eb0jmx53hs2q2kucoro0			false		false			false	true	
enwiki	revision	create	2001-01-26 09:15:21.0	*	7792520	183098	JoshuaGrosse	JoshuaGrosse		nocreate,noemail,nousertalk					true	false	false	false	false	true	2008-09-05 20:14:59.0	2008-09-05 20:14:59.0	2001-01-22 07:11:28.0	22	17	26618	SwedishLanguage	SwedishLanguage	0	true	0	true	true	false	2001-01-21 20:35:48.0	2001-01-21 20:35:48.0	3	351824																				279672	0	true		false	108	108	tvnjctbt7xvpzm1ac0qr4juq4tttyr3			false		false			false	false	
enwiki	page	create	2001-01-26 09:17:29.0		7792520	183098	JoshuaGrosse	JoshuaGrosse		nocreate,noemail,nousertalk					true	false	false	false	false	true	2008-09-05 20:14:59.0	2008-09-05 20:14:59.0	2001-01-22 07:11:28.0			10540	FeudalsM	FeudalsM	0	true	0	true		true	2001-01-26 09:17:29.0	2001-01-26 09:17:29.0																																							
enwiki	revision	create	2001-01-26 09:17:29.0		7792520	183098	JoshuaGrosse	JoshuaGrosse		nocreate,noemail,nousertalk					true	false	false	false	false	true	2008-09-05 20:14:59.0	2008-09-05 20:14:59.0	2001-01-22 07:11:28.0	23	128	10540	FeudalsM	FeudalsM	0	true	0	true		true	2001-01-26 09:17:29.0	2001-01-26 09:17:29.0	1																					250893	0	true		false	78	78	emjhbal7xu76spea5sn5mqk4dyod68u			true	2020-09-05 12:56:14.0	false			false	false	
enwiki	revision	create	2001-01-26 09:18:15.0	*	7792520	183098	JoshuaGrosse	JoshuaGrosse		nocreate,noemail,nousertalk					true	false	false	false	false	true	2008-09-05 20:14:59.0	2008-09-05 20:14:59.0	2001-01-22 07:11:28.0	24	46	10541	FeudalisM	FeudalisM	0	true	0	true	true	false	2001-01-26 09:18:15.0	2001-01-26 09:18:15.0	1																					250894	0	true		false	113	113	9rvcbh203y9gh4alrmns8vsjammto1t			false		false			false	false	
enwiki	page	create	2001-01-26 09:18:15.0		7792520	183098	JoshuaGrosse	JoshuaGrosse		nocreate,noemail,nousertalk					true	false	false	false	false	true	2008-09-05 20:14:59.0	2008-09-05 20:14:59.0	2001-01-22 07:11:28.0			10541	FeudalisM	FeudalisM	0	true	0	true	true	false	2001-01-26 09:18:15.0	2001-01-26 09:18:15.0																																							
enwiki	revision	create	2001-01-26 09:19:33.0	*	3684	36925666	BryceHarrington	BryceHarrington							false	false	false	false	false	true	2001-01-24 23:49:09.0		2001-01-24 23:49:09.0	9	892	30279	Techno-democracy	Techno-democracy	0	true	0	true	true	false	2001-01-26 09:19:33.0	2001-01-26 09:19:33.0	1																					286380	0	false		false	639	639	mkouq6iwrsd3k7k37jbratadxmp0ve7			false		false			false	false	
enwiki	page	create	2001-01-26 09:19:33.0		3684	36925666	BryceHarrington	BryceHarrington							false	false	false	false	false	true	2001-01-24 23:49:09.0		2001-01-24 23:49:09.0			30279	Techno-democracy	Techno-democracy	0	true	0	true	true	false	2001-01-26 09:19:33.0	2001-01-26 09:19:33.0																																							
enwiki	page	create	2001-01-26 09:24:57.0		3684	36925666	BryceHarrington	BryceHarrington							false	false	false	false	false	true	2001-01-24 23:49:09.0		2001-01-24 23:49:09.0			22315	Oligarchy	Oligarchy	0	true	0	true	false	false	2001-01-26 09:24:57.0	2001-01-26 09:24:57.0																																							
enwiki	revision	create	2001-01-26 09:24:57.0	*	3684	36925666	BryceHarrington	BryceHarrington							false	false	false	false	false	true	2001-01-24 23:49:09.0		2001-01-24 23:49:09.0	10	324	22315	Oligarchy	Oligarchy	0	true	0	true	false	false	2001-01-26 09:24:57.0	2001-01-26 09:24:57.0	1																					271472	0	false		false	584	584	q8z8tvmh6z57a6khk83by4dnbdqd7rw			false		false			false	false	
enwiki	user	create	2001-01-26 12:14:36.0		194203	745	Graham87											false	false	true																			49049874	77391103	Connect4.URZ.Uni-Magdeburg.DE	Connect4.URZ.Uni-Magdeburg.DE							false	false	true	false	false	true	2025-01-14 09:25:06.0	2025-01-14 09:25:07.0	2001-01-26 12:14:36.0																		
enwiki	revision	create	2001-01-26 12:14:36.0	*	49049874	77391103	Connect4.URZ.Uni-Magdeburg.DE	Connect4.URZ.Uni-Magdeburg.DE							false	false	true	false	false	true	2025-01-14 09:25:06.0	2025-01-14 09:25:07.0	2001-01-26 12:14:36.0	1		9167	EuroCurrency	EuroCurrency	0	true	0	true	true	false	2001-01-20 22:35:49.0	2001-01-20 22:35:49.0	5	157687																				1269370933	1269370932	false		false	1002	7	b1zwmairr006zj8xnjv50xebqdiuocf			false		false			false	false	
enwiki	revision	create	2001-01-26 12:14:57.0	*	49049874	77391103	Connect4.URZ.Uni-Magdeburg.DE	Connect4.URZ.Uni-Magdeburg.DE							false	false	true	false	false	true	2025-01-14 09:25:06.0	2025-01-14 09:25:07.0	2001-01-26 12:14:36.0	2	21	9167	EuroCurrency	EuroCurrency	0	true	0	true	true	false	2001-01-20 22:35:49.0	2001-01-20 22:35:49.0	6	21																				1269370934	1269370933	false		false	1001	-1	osrgx4s469rf9v9yui6wyjt46xpyinp			false		false			false	false	
enwiki	revision	create	2001-01-26 12:23:29.0	*	49049874	77391103	Connect4.URZ.Uni-Magdeburg.DE	Connect4.URZ.Uni-Magdeburg.DE							false	false	true	false	false	true	2025-01-14 09:25:06.0	2025-01-14 09:25:07.0	2001-01-26 12:14:36.0	3	512	17743639	WikiPediaFaq	FAQ	0	true	4	false	false	false	2008-06-03 01:51:12.0	2001-01-17 01:12:24.0	22	64102																				1269545151	1269545150	false		false	4805	101	orohte5900yvxh0qv6ckymhe5wt2k73			false		false			false	true	
enwiki	revision	create	2001-01-26 12:36:17.0	*	49065507	77414529	EsperantO	EsperantO							false	false	true	false	false	true	2025-01-17 05:09:41.0	2025-01-17 05:09:42.0	2001-01-26 12:36:17.0	1		5079	CountriesE	CountriesE	0	true	0	true	false	false	2001-01-24 16:25:00.0	2001-01-24 16:25:00.0	2	159077																				1269941760	1269941759	false		false	19	12	f564ba5irzrfdaitut3msm9fssvhy2n			false		false			false	false	
enwiki	user	create	2001-01-26 12:36:17.0		194203	745	Graham87											false	false	true																			49065507	77414529	EsperantO	EsperantO							false	false	true	false	false	true	2025-01-17 05:09:41.0	2025-01-17 05:09:42.0	2001-01-26 12:36:17.0																		
enwiki	revision	create	2001-01-26 12:36:33.0	*	49065507	77414529	EsperantO	EsperantO							false	false	true	false	false	true	2025-01-17 05:09:41.0	2025-01-17 05:09:42.0	2001-01-26 12:36:17.0	2	16	5079	CountriesE	CountriesE	0	true	0	true	false	false	2001-01-24 16:25:00.0	2001-01-24 16:25:00.0	3	16																				1269941762	1269941760	false		false	20	1	8qrnxkati6tyqn7setmbp0fdgzp5wua			false		false			false	false	
enwiki	user	create	2001-01-26 12:48:43.0		7785218	172282	NormanWerner	NormanWerner		nocreate					true	false	false	false	false	true	2008-09-04 20:01:17.0	2008-09-04 20:01:18.0	2001-01-26 12:48:43.0																7785218	172282	NormanWerner	NormanWerner		nocreate					true	false	false	false	false	true	2008-09-04 20:01:17.0	2008-09-04 20:01:18.0	2001-01-26 12:48:43.0																		
enwiki	revision	create	2001-01-26 12:48:43.0	*	7785218	172282	NormanWerner	NormanWerner		nocreate					true	false	false	false	false	true	2008-09-04 20:01:17.0	2008-09-04 20:01:18.0	2001-01-26 12:48:43.0	1		17051771	Why_on_Earth_would_I_want_to_contribute_to_a_wiki	Why_on_Earth_would_I_want_to_contribute_to_a_wiki	4	false	4	false	true	false	2008-04-22 09:46:19.0	2001-01-17 00:07:13.0	8	669862																				1066659535	1066659534	false		false	306	67	qq1pqlfj6s9pl6tryu2grgk2pozcpol			false		false			false	true	
enwiki	page	create	2001-01-26 12:50:19.0		7785218	172282	NormanWerner	NormanWerner		nocreate					true	false	false	false	false	true	2008-09-04 20:01:17.0	2008-09-04 20:01:18.0	2001-01-26 12:48:43.0			33712015	NormanWerner	NormanWerner	2	false	2	false	false	false	2001-01-26 12:50:19.0	2001-01-26 12:50:19.0																																							
enwiki	revision	create	2001-01-26 12:50:19.0	*	7785218	172282	NormanWerner	NormanWerner		nocreate					true	false	false	false	false	true	2008-09-04 20:01:17.0	2008-09-04 20:01:18.0	2001-01-26 12:48:43.0	2	96	33712015	NormanWerner	NormanWerner	2	false	2	false	false	false	2001-01-26 12:50:19.0	2001-01-26 12:50:19.0	1																					460142247	0	false		false	131	131	9bzxedu1c532qx3024qy8s6bgqn0g1w			false		false			false	false	
enwiki	revision	create	2001-01-26 12:58:37.0	*	7785218	172282	NormanWerner	NormanWerner		nocreate					true	false	false	false	false	true	2008-09-04 20:01:17.0	2008-09-04 20:01:18.0	2001-01-26 12:48:43.0	3	498	11840	GermanY	GermanY	0	true	0	true	true	false	2001-01-26 12:58:37.0	2001-01-26 12:58:37.0	1																					253524	0	false		false	4785	4785	3sdbfz8afynojd9ykzlwqmuzqo6o14a			false		false			false	false	
enwiki	page	create	2001-01-26 12:58:37.0		7785218	172282	NormanWerner	NormanWerner		nocreate					true	false	false	false	false	true	2008-09-04 20:01:17.0	2008-09-04 20:01:18.0	2001-01-26 12:48:43.0			11840	GermanY	GermanY	0	true	0	true	true	false	2001-01-26 12:58:37.0	2001-01-26 12:58:37.0																																							
enwiki	revision	create	2001-01-26 13:01:12.0	*	7785218	172282	NormanWerner	NormanWerner		nocreate					true	false	false	false	false	true	2008-09-04 20:01:17.0	2008-09-04 20:01:18.0	2001-01-26 12:48:43.0	4	155	26593	SportS	SportS	0	true	0	true	true	false	2001-01-16 18:54:35.0	2001-01-16 18:54:35.0	9	39446																				1272089904	1272089902	false		false	1479	54	kmytvv3i3uemrvv9q3poa25alw5ysbs			false		false			false	false	
enwiki	revision	create	2001-01-26 13:01:32.0	*	7785218	172282	NormanWerner	NormanWerner		nocreate					true	false	false	false	false	true	2008-09-04 20:01:17.0	2008-09-04 20:01:18.0	2001-01-26 12:48:43.0	5	20	26593	SportS	SportS	0	true	0	true	true	false	2001-01-16 18:54:35.0	2001-01-16 18:54:35.0	10	20																				1272089905	1272089904	false		false	1480	1	nt4pdhshu9qc5qs28xumojreirx6td9			false		false			false	false	
enwiki	revision	create	2001-01-26 13:08:17.0	*	7785218	172282	NormanWerner	NormanWerner		nocreate					true	false	false	false	false	true	2008-09-04 20:01:17.0	2008-09-04 20:01:18.0	2001-01-26 12:48:43.0	6	405	38406246	ChesS	ChesS	0	true	0	true	true	false	2013-02-03 03:51:31.0	2001-01-26 13:08:17.0	1																					241099	0	false		false	422	422	ndmaodrxgmj21eufol5wbpi7sc2v77z			false		false			false	true	
enwiki	revision	create	2001-01-26 13:08:44.0	*	7785218	172282	NormanWerner	NormanWerner		nocreate					true	false	false	false	false	true	2008-09-04 20:01:17.0	2008-09-04 20:01:18.0	2001-01-26 12:48:43.0	7	27	38406246	ChesS	ChesS	0	true	0	true	true	false	2013-02-03 03:51:31.0	2001-01-26 13:08:17.0	2	27																				241100	241099	false		false	425	3	nmrzg5fspizh1glg85dt9le7ldexvdp			false		false			false	true	
enwiki	revision	create	2001-01-26 13:56:55.0	*	12014991	6293761	Miss.wu-wien.ac.at	Miss.wu-wien.ac.at		nocreate					false	false	true	false	false	true	2010-03-27 12:30:08.0	2010-03-27 12:30:09.0	2001-01-26 13:56:55.0	1		26964606	Austria	Austria	0	true	0	true	false	false	2010-04-15 12:22:08.0	2001-01-26 13:56:55.0	2	54422																				1320552753	1320552752	false		false	296	45	fg2u32xk4hlw2nqaoeyluipebfqgkfw			false		false			false	true	
enwiki	user	create	2001-01-26 13:56:55.0		194203	745	Graham87											false	false	true																			12014991	6293761	Miss.wu-wien.ac.at	Miss.wu-wien.ac.at		nocreate					false	false	true	false	false	true	2010-03-27 12:30:08.0	2010-03-27 12:30:09.0	2001-01-26 13:56:55.0																		
enwiki	revision	create	2001-01-26 14:12:43.0	*	12014991	6293761	Miss.wu-wien.ac.at	Miss.wu-wien.ac.at		nocreate					false	false	true	false	false	true	2010-03-27 12:30:08.0	2010-03-27 12:30:09.0	2001-01-26 13:56:55.0	2	948	22836	PopularMusic	PopularMusic	0	true	0	true	true	false	2001-01-16 18:51:24.0	2001-01-16 18:51:24.0	5	691859																				966273173	966273172	false		false	487	12	ktsr9pznkx7peqxi4pihqya5ttoquub			false		false			false	false	
enwiki	revision	create	2001-01-26 14:23:58.0	*	11946842	6193647	CliffordAdams	CliffordAdams							false	false	true	false	false	true	2010-03-18 09:32:13.0	2010-03-18 09:32:14.0	2001-01-24 21:03:04.0	2	148854	17051771	Why_on_Earth_would_I_want_to_contribute_to_a_wiki	Why_on_Earth_would_I_want_to_contribute_to_a_wiki	4	false	4	false	true	false	2008-04-22 09:46:19.0	2001-01-17 00:07:13.0	9	5715																				294255	0	false		false	2351	2351	macl09tjnzum2r5qz9cjlo3edu0qpmp			false		false			false	true	
enwiki	revision	create	2001-01-26 14:24:28.0	*			209.69.30.xxx	209.69.30.xxx										true								26513034	Pythagorean_Theorem	Pythagorean_theorem	9	false	0	true	false	false	2010-03-11 10:55:41.0	2001-01-18 05:52:48.0	8	299277																				1267500450	1267500449	false		false	1845	136	tq4k0k1p7uxid8a0vk1o59h9oorg0zd			false		false			false	true	
enwiki	revision	create	2001-01-26 14:31:52.0	*	12014991	6293761	Miss.wu-wien.ac.at	Miss.wu-wien.ac.at		nocreate					false	false	true	false	false	true	2010-03-27 12:30:08.0	2010-03-27 12:30:09.0	2001-01-26 13:56:55.0	3	1149	5063	CountriesP	CountriesP	0	true	0	true	false	false	2001-01-20 09:23:43.0	2001-01-20 09:23:43.0	19	449256																				1269150852	1269150851	false		false	85	14	6qjrbpq7i38qpmejh5km8hmk5n90o45			false		false			false	false	
enwiki	revision	create	2001-01-26 14:32:28.0	*	12014991	6293761	Miss.wu-wien.ac.at	Miss.wu-wien.ac.at		nocreate					false	false	true	false	false	true	2010-03-27 12:30:08.0	2010-03-27 12:30:09.0	2001-01-26 13:56:55.0	4	36	5063	CountriesP	CountriesP	0	true	0	true	false	false	2001-01-20 09:23:43.0	2001-01-20 09:23:43.0	20	36																				1269150853	1269150852	false		false	84	-1	g2kdcs3w1mxqo0tr82zct9ol9nkz2oo			false		false			false	false	
enwiki	revision	create	2001-01-26 14:35:32.0	*			mrj.mrj.com	mrj.mrj.com										true								7854											1																					246323	0	true		false	719	719	ibf6exng233grcwgs8qp5sgf0ucv1m9			false		false			false	false	
enwiki	page	create	2001-01-26 14:45:08.0		12014991	6293761	Miss.wu-wien.ac.at	Miss.wu-wien.ac.at		nocreate					false	false	true	false	false	true	2010-03-27 12:30:08.0	2010-03-27 12:30:09.0	2001-01-26 13:56:55.0			22864	PoleS	PoleS	0	true	0	true		true	2001-01-26 14:45:08.0	2001-01-26 14:45:08.0																																							
enwiki	revision	create	2001-01-26 14:45:08.0		12014991	6293761	Miss.wu-wien.ac.at	Miss.wu-wien.ac.at		nocreate					false	false	true	false	false	true	2010-03-27 12:30:08.0	2010-03-27 12:30:09.0	2001-01-26 13:56:55.0	5	760	22864	PoleS	PoleS	0	true	0	true		true	2001-01-26 14:45:08.0	2001-01-26 14:45:08.0	1																					272874	0	false		false	44	44	p8f558gpw9s7r0dxmx9ce9bwfh1rsep			true	2019-05-07 19:36:55.0	false			false	false	
enwiki	revision	create	2001-01-26 15:12:13.0	*			212.158.103.xxx	212.158.103.xxx										true								11842	GeorgeWBush	GeorgeWBush	0	true	0	true	true	false	2001-01-24 21:21:01.0	2001-01-24 21:21:01.0	2	150672																				1275499502	1275499501	false		false	356	82	45vfuae7vwvixucarl4sohk9lapv982			false		false			false	false	
enwiki	revision	create	2001-01-26 15:14:16.0	*			miss.wu-wien.ac.at	miss.wu-wien.ac.at										true								25357											1																					277038	0	true		false	453	453	an4oszz9riuvlc554277v5656aio5g3			false		false			false	false	
enwiki	revision	create	2001-01-26 15:21:16.0	*	12014991	6293761	Miss.wu-wien.ac.at	Miss.wu-wien.ac.at		nocreate					false	false	true	false	false	true	2010-03-27 12:30:08.0	2010-03-27 12:30:09.0	2001-01-26 13:56:55.0	6	2168	23534602	Human–computer_interaction	Human–computer_interaction	0	true	0	true	false	false	2009-07-08 09:35:55.0	2001-01-22 07:21:20.0	30	35594																				1267727550	1267727549	false		false	1622	-1	3h4dxj6aia10kqd1qqlkzp7jvd40d84			false		false			false	true	
enwiki	revision	create	2001-01-26 15:39:23.0	*			212.158.103.xxx	212.158.103.xxx										true								39837	Explore	Historical_archive/Explore	4	false	4	false	false	false	2001-01-17 00:31:31.0	2001-01-17 00:31:31.0	4	23682																				1234594199	1234594198	false		false	576	42	4bren0s48zqdyruzxi2cdf92xix74o7			false		false			false	false	
enwiki	revision	create	2001-01-26 15:44:49.0	*	11946842	6193647	CliffordAdams	CliffordAdams							false	false	true	false	false	true	2010-03-18 09:32:13.0	2010-03-18 09:32:14.0	2001-01-24 21:03:04.0	3	4851	39837	Explore	Historical_archive/Explore	4	false	4	false	false	false	2001-01-17 00:31:31.0	2001-01-17 00:31:31.0	5	326																				1234594200	1234594199	false		false	597	21	o2zmgd19ofu39nbfj8r0n9epdmi902e			false		false			false	false	
enwiki	page	create	2001-01-26 16:26:08.0		12014991	6293761	Miss.wu-wien.ac.at	Miss.wu-wien.ac.at		nocreate					false	false	true	false	false	true	2010-03-27 12:30:08.0	2010-03-27 12:30:09.0	2001-01-26 13:56:55.0			8099	Dave_Grohl	Dave_Grohl	0	true	0	true	false	false	2001-01-26 16:26:08.0	2001-01-26 16:26:08.0																																							
enwiki	revision	create	2001-01-26 16:26:08.0	*	12014991	6293761	Miss.wu-wien.ac.at	Miss.wu-wien.ac.at		nocreate					false	false	true	false	false	true	2010-03-27 12:30:08.0	2010-03-27 12:30:09.0	2001-01-26 13:56:55.0	7	3892	8099	Dave_Grohl	Dave_Grohl	0	true	0	true	false	false	2001-01-26 16:26:08.0	2001-01-26 16:26:08.0	1																					1324236680	0	false		false	169	169	hquj49i8jkyw1l4gvrff5pct0hvc9hx			false		false			false	false	
enwiki	user	create	2001-01-26 17:08:30.0		194203	745	Graham87											false	false	true																			37033194	59136078	Gw.pixelwings.com	Gw.pixelwings.com		nocreate,noautoblock					false	false	true	false	false	true	2019-07-30 02:02:39.0	2019-07-30 02:02:40.0	2001-01-26 17:08:30.0																		
enwiki	revision	create	2001-01-26 17:08:30.0	*	37033194	59136078	Gw.pixelwings.com	Gw.pixelwings.com		nocreate,noautoblock					false	false	true	false	false	true	2019-07-30 02:02:39.0	2019-07-30 02:02:40.0	2001-01-26 17:08:30.0	1		26323569	HomePage	HomePage	0	true	0	true	true	false	2010-02-24 14:25:49.0	2001-01-15 19:27:13.0	61	52787																				908493359	908493358	false		false	1089	-27	q8lv5a71ouqlfegcvqntqn6c0gvzv0p			false		true	986116384	623479978	false	true	
enwiki	revision	create	2001-01-26 17:11:53.0	*	37033194	59136078	Gw.pixelwings.com	Gw.pixelwings.com		nocreate,noautoblock					false	false	true	false	false	true	2019-07-30 02:02:39.0	2019-07-30 02:02:40.0	2001-01-26 17:08:30.0	2	203	26964606	Austria	Austria	0	true	0	true	false	false	2010-04-15 12:22:08.0	2001-01-26 13:56:55.0	3	11698																				1320552754	1320552753	false		false	402	106	lbg8919ocp88hzgvdpa2mgkznxgyp57			false		false			false	true	
enwiki	revision	create	2001-01-26 17:12:26.0	*	12014991	6293761	Miss.wu-wien.ac.at	Miss.wu-wien.ac.at		nocreate					false	false	true	false	false	true	2010-03-27 12:30:08.0	2010-03-27 12:30:09.0	2001-01-26 13:56:55.0	8	2778	26964606	Austria	Austria	0	true	0	true	false	false	2010-04-15 12:22:08.0	2001-01-26 13:56:55.0	4	33																				1320552756	1320552754	false		false	401	-1	e0lit0j22v9nb1us2jdtsipc76wxntz			false		false			false	true	
enwiki	revision	create	2001-01-26 17:17:09.0	*	12014991	6293761	Miss.wu-wien.ac.at	Miss.wu-wien.ac.at		nocreate					false	false	true	false	false	true	2010-03-27 12:30:08.0	2010-03-27 12:30:09.0	2001-01-26 13:56:55.0	9	283	26964606	Austria	Austria	0	true	0	true	false	false	2010-04-15 12:22:08.0	2001-01-26 13:56:55.0	5	283																				1320552757	1320552756	false		false	347	-54	k3j8ngzfcp670d698zojz46t4uedz4t			false		false			false	true	
enwiki	revision	create	2001-01-26 17:48:57.0	*	7800319		LarrySanger											false						79	37429	26323569	HomePage	HomePage	0	true	0	true	true	false	2010-02-24 14:25:49.0	2001-01-15 19:27:13.0	62	2427																				908493360	908493359	false		false	1189	100	jy6w0uuhbd05f00xygn7bljp9sdb912			false		true	986116384	623477551	false	true	
enwiki	revision	create	2001-01-26 17:51:04.0	*	7800319		LarrySanger											false						80	127	9969256	WhyArentThesePagesCopyedited	WhyArentThesePagesCopyedited	0	true	4	false	true	false	2007-03-10 06:29:37.0	2001-01-26 17:51:04.0	1																					294301	0	false		false	477	477	khu1ho1g4x7iprtdldcylmdhallfool			false		false			false	true	
enwiki	revision	create	2001-01-26 18:03:42.0	*	7800319		LarrySanger											false						81	758	8539050	Patent_nonsense	Patent_nonsense	4	false	4	false	false	false	2006-12-21 01:16:17.0	2001-01-21 09:34:13.0	11	112110																				272852	272851	false		false	1550	-132	c2vqekbvvgjs6wbjmyd7wkysa9abo2x			false		false			false	true	
enwiki	revision	create	2001-01-26 18:05:59.0	*	7800319		LarrySanger											false						82	137	17743639	WikiPediaFaq	FAQ	0	true	4	false	false	false	2008-06-03 01:51:12.0	2001-01-17 01:12:24.0	23	20550																				1269545152	1269545151	false		false	4859	54	bhajgau7veeiacmwkpbysxujtjp33n5			false		false			false	true	
enwiki	revision	create	2001-01-26 18:08:43.0	*	12014991	6293761	Miss.wu-wien.ac.at	Miss.wu-wien.ac.at		nocreate					false	false	true	false	false	true	2010-03-27 12:30:08.0	2010-03-27 12:30:09.0	2001-01-26 13:56:55.0	10	3094	17743639	WikiPediaFaq	FAQ	0	true	4	false	false	false	2008-06-03 01:51:12.0	2001-01-17 01:12:24.0	24	164																				1269545153	1269545152	false		false	4864	5	jel1aeogpv06hpif0j4k8xj57o47qac			false		false			false	true	
enwiki	revision	create	2001-01-26 18:14:58.0	*	7800319		LarrySanger											false						83	539	17743639	WikiPediaFaq	FAQ	0	true	4	false	false	false	2008-06-03 01:51:12.0	2001-01-17 01:12:24.0	25	375																				1269545154	1269545153	false		false	5857	993	claa50nohthq3z96hivfdybavstr1bb			false		false			false	true	
enwiki	revision	create	2001-01-26 18:15:23.0	*	7800319		LarrySanger											false						84	25	17743639	WikiPediaFaq	FAQ	0	true	4	false	false	false	2008-06-03 01:51:12.0	2001-01-17 01:12:24.0	26	25																				1269545155	1269545154	false		false	5858	1	78rjb8mjrm5s2xdp8h2zkfsimgwewz8			false		false			false	true	
enwiki	revision	create	2001-01-26 18:38:45.0		7800319		LarrySanger											false						85	1402	26771984	PootPoot	PootPoot	0	true	0	true		true	2001-01-26 07:24:25.0	2001-01-26 07:24:25.0	2	40460																				353098923		false		false	201	201	m9edmjric4s4uwwp311u613bpqtqj1o			true	2010-03-31 04:49:36.0	false			false	false	
enwiki	revision	create	2001-01-26 18:55:32.0	*	7800357	194415	AyeSpy	AyeSpy		nocreate,noemail,nousertalk					false	true	false	false	false	true	2008-09-07 01:37:15.0	2008-09-07 01:37:15.0	2001-01-19 01:10:38.0	19	60244	9969298	NamingConventions	NamingConventions	0	true	0	true	true	false	2016-11-02 00:45:25.0	2001-01-16 21:13:06.0	17	37134																				1264752857	1264752856	false		false	7152	217	9snhcruzrdmqij5zjsu63f3xlrqey85			false		false			false	true	
enwiki	revision	create	2001-01-26 19:03:38.0	eastern part of germany, the ex-GDR (german democratic republic)	49071126	77423033	Hgb.rz.uni-leipzig.de	Hgb.rz.uni-leipzig.de							false	false	true	false	false	true	2025-01-18 09:01:06.0	2025-01-18 09:01:07.0	2001-01-26 19:03:38.0	1		9174	EastGermany	EastGermany	0	true	0	true	true	false	2001-01-26 19:03:38.0	2001-01-26 19:03:38.0	1																					1270183541	0	false		false	1932	1932	2lw88dma1n54clb2hjetmt9d9j5fhb2			false		false			false	false	
enwiki	user	create	2001-01-26 19:03:38.0		194203	745	Graham87											false	false	true																			49071126	77423033	Hgb.rz.uni-leipzig.de	Hgb.rz.uni-leipzig.de							false	false	true	false	false	true	2025-01-18 09:01:06.0	2025-01-18 09:01:07.0	2001-01-26 19:03:38.0																		
enwiki	page	create	2001-01-26 19:03:38.0		49071126	77423033	Hgb.rz.uni-leipzig.de	Hgb.rz.uni-leipzig.de							false	false	true	false	false	true	2025-01-18 09:01:06.0	2025-01-18 09:01:07.0	2001-01-26 19:03:38.0			9174	EastGermany	EastGermany	0	true	0	true	true	false	2001-01-26 19:03:38.0	2001-01-26 19:03:38.0																																							
enwiki	revision	create	2001-01-26 19:12:35.0	*	12014991	6293761	Miss.wu-wien.ac.at	Miss.wu-wien.ac.at		nocreate					false	false	true	false	false	true	2010-03-27 12:30:08.0	2010-03-27 12:30:09.0	2001-01-26 13:56:55.0	11	3832	9174	EastGermany	EastGermany	0	true	0	true	true	false	2001-01-26 19:03:38.0	2001-01-26 19:03:38.0	2	537																				1270183542	1270183541	false		false	1839	-93	jrkacmhcw4bi3bfpw1zehsmskbpr79o			false		false			false	false	
enwiki	revision	create	2001-01-26 19:21:03.0	*	11946842	6193647	CliffordAdams	CliffordAdams							false	false	true	false	false	true	2010-03-18 09:32:13.0	2010-03-18 09:32:14.0	2001-01-24 21:03:04.0	4	12974	9969298	NamingConventions	NamingConventions	0	true	0	true	true	false	2016-11-02 00:45:25.0	2001-01-16 21:13:06.0	18	1531																				1264752858	1264752857	false		false	7452	300	k27af2sdvo3hi63qrtevnivf6yywhfq			false		false			false	true	
enwiki	revision	create	2001-01-26 19:27:42.0	*	7800319		LarrySanger											false						86	2937	17743639	WikiPediaFaq	FAQ	0	true	4	false	false	false	2008-06-03 01:51:12.0	2001-01-17 01:12:24.0	27	4339																				1269545156	1269545155	false		false	5863	5	cpbk7zmh5yr296cfw7bou8ulsh2qx06			false		false			false	true	
enwiki	revision	create	2001-01-26 19:28:36.0	*	7800319		LarrySanger											false						87	54	32942	Announcements	Milestones	4	false	4	false	false	false	2001-01-21 23:32:56.0	2001-01-21 23:32:56.0	9	43408																				1066656646	1066656645	false		false	693	129	bujh9ilci4uravzvu42g5xvmzqq5ak3			false		false			false	false	
enwiki	revision	create	2001-01-26 19:33:19.0	*	7800319		LarrySanger											false						88	283	17743639	WikiPediaFaq	FAQ	0	true	4	false	false	false	2008-06-03 01:51:12.0	2001-01-17 01:12:24.0	28	337																				1269545157	1269545156	false		false	5784	-79	2kz7mykmg4u409mtypdndu47v1f90ql			false		false			false	true	
enwiki	revision	create	2001-01-26 19:50:07.0		3684	36925666	BryceHarrington	BryceHarrington							false	false	false	false	false	true	2001-01-24 23:49:09.0		2001-01-24 23:49:09.0	11	37510	33	AllSaints		0	true							1																					233231	0	false		false	102	102	9qfw8950uicxavbypyzdekfpkm4853a			true	2012-08-13 17:21:45.0	false			false	false	
enwiki	page	create	2001-01-26 19:50:33.0		3684	36925666	BryceHarrington	BryceHarrington							false	false	false	false	false	true	2001-01-24 23:49:09.0		2001-01-24 23:49:09.0			31471	Tori_Amos	Tori_Amos	0	true	0	true	false	false	2001-01-26 19:50:33.0	2001-01-26 19:50:33.0																																							
enwiki	revision	create	2001-01-26 19:50:33.0	*	3684	36925666	BryceHarrington	BryceHarrington							false	false	false	false	false	true	2001-01-24 23:49:09.0		2001-01-24 23:49:09.0	12	26	31471	Tori_Amos	Tori_Amos	0	true	0	true	false	false	2001-01-26 19:50:33.0	2001-01-26 19:50:33.0	1																					345000140	345000080	false		false	77	-42176	et8kd0gecaovg8n0e6dg1waatkx1yrr			false		false			false	false	
enwiki	page	create	2001-01-26 19:50:47.0		3684	36925666	BryceHarrington	BryceHarrington							false	false	false	false	false	true	2001-01-24 23:49:09.0		2001-01-24 23:49:09.0			58848	Fiona_Apple	Fiona_Apple	0	true	0	true	false	false	2001-01-26 19:50:47.0	2001-01-26 19:50:47.0																																							
enwiki	revision	create	2001-01-26 19:50:47.0	*	3684	36925666	BryceHarrington	BryceHarrington							false	false	false	false	false	true	2001-01-24 23:49:09.0		2001-01-24 23:49:09.0	13	14	58848	Fiona_Apple	Fiona_Apple	0	true	0	true	false	false	2001-01-26 19:50:47.0	2001-01-26 19:50:47.0	1																					250895	0	false		false	102	102	9qfw8950uicxavbypyzdekfpkm4853a			false		false			false	false	
enwiki	revision	create	2001-01-26 19:51:05.0	*	3684	36925666	BryceHarrington	BryceHarrington							false	false	false	false	false	true	2001-01-24 23:49:09.0		2001-01-24 23:49:09.0	14	18	27595	Sherrié_Austin	Sherrié_Austin	0	true	0	true	false	false	2001-01-26 19:51:05.0	2001-01-26 19:51:05.0	1																					279675	0	false		false	102	102	9qfw8950uicxavbypyzdekfpkm4853a			false		false			false	false	
enwiki	page	create	2001-01-26 19:51:05.0		3684	36925666	BryceHarrington	BryceHarrington							false	false	false	false	false	true	2001-01-24 23:49:09.0		2001-01-24 23:49:09.0			27595	Sherrié_Austin	Sherrié_Austin	0	true	0	true	false	false	2001-01-26 19:51:05.0	2001-01-26 19:51:05.0																																							
enwiki	revision	create	2001-01-26 19:57:30.0	*	479	17255773	JimboWales	JimboWales		nocreate,noautoblock					false	false	false	false	false	true	2001-01-23 22:34:16.0		2001-01-19 01:24:40.0	19	155059	23698779	Recent_Changes	Historical_archive/Recent_Changes	0	true	4	false	false	false	2009-07-22 06:15:21.0	2001-01-16 21:14:37.0	4	843150																				1322895081	1322895080	false		false	65	10	ko9srlhg30xeqpumn2d72xnklu3xm2i			false		false			false	true	
enwiki	revision	create	2001-01-26 20:03:56.0	*	3684	36925666	BryceHarrington	BryceHarrington							false	false	false	false	false	true	2001-01-24 23:49:09.0		2001-01-24 23:49:09.0	15	771	9174	EastGermany	EastGermany	0	true	0	true	true	false	2001-01-26 19:03:38.0	2001-01-26 19:03:38.0	3	3081																				1270183543	1270183542	false		false	1894	55	stsuvwpugo9qsa6itdhmd1s6ia8vwnn			false		false			false	false	
enwiki	revision	create	2001-01-26 20:03:59.0	*	479	17255773	JimboWales	JimboWales		nocreate,noautoblock					false	false	false	false	false	true	2001-01-23 22:34:16.0		2001-01-19 01:24:40.0	20	389	35	AlbaniaGovernment	AlbaniaGovernment	0	true	0	true	true	false	2001-01-26 20:03:59.0	2001-01-26 20:03:59.0	1																					233233	0	false		false	4440	4440	7c5b1kaiytans4p2b82iqffv2nfcybg			false		false			false	false	
enwiki	page	create	2001-01-26 20:03:59.0		479	17255773	JimboWales	JimboWales		nocreate,noautoblock					false	false	false	false	false	true	2001-01-23 22:34:16.0		2001-01-19 01:24:40.0			35	AlbaniaGovernment	AlbaniaGovernment	0	true	0	true	true	false	2001-01-26 20:03:59.0	2001-01-26 20:03:59.0																																							
enwiki	page	create	2001-01-26 20:04:29.0		479	17255773	JimboWales	JimboWales		nocreate,noautoblock					false	false	false	false	false	true	2001-01-23 22:34:16.0		2001-01-19 01:24:40.0			36	AlbaniaEconomy	AlbaniaEconomy	0	true	0	true	true	false	2001-01-26 20:04:29.0	2001-01-26 20:04:29.0																																							
enwiki	revision	create	2001-01-26 20:04:29.0	*	479	17255773	JimboWales	JimboWales		nocreate,noautoblock					false	false	false	false	false	true	2001-01-23 22:34:16.0		2001-01-19 01:24:40.0	21	30	36	AlbaniaEconomy	AlbaniaEconomy	0	true	0	true	true	false	2001-01-26 20:04:29.0	2001-01-26 20:04:29.0	1																					233234	0	false		false	3798	3798	434x4j2o9g130ie8cixhof88mmjan5g			false		false			false	false	
enwiki	page	create	2001-01-26 20:05:38.0		479	17255773	JimboWales	JimboWales		nocreate,noautoblock					false	false	false	false	false	true	2001-01-23 22:34:16.0		2001-01-19 01:24:40.0			38406024	AlbaniA	AlbaniA	0	true	0	true	true	false	2001-01-26 20:05:38.0	2001-01-26 20:05:38.0																																							
enwiki	revision	create	2001-01-26 20:05:38.0	*	479	17255773	JimboWales	JimboWales		nocreate,noautoblock					false	false	false	false	false	true	2001-01-23 22:34:16.0		2001-01-19 01:24:40.0	22	69	38406024	AlbaniA	AlbaniA	0	true	0	true	true	false	2001-01-26 20:05:38.0	2001-01-26 20:05:38.0	1																					536294262	0	false		false	3130	3130	oayxhs0k4j57o7ddy8qbwdxmmkaahuq			false		false			false	false	
enwiki	revision	create	2001-01-26 20:05:38.0		479	17255773	JimboWales	JimboWales		nocreate,noautoblock					false	false	false	false	false	true	2001-01-23 22:34:16.0		2001-01-19 01:24:40.0	23	0		AlbaniA		0	true																												834647113		false		false	3358	3358	fiytgd9ms3b8h30q7hck3wfnzi57azv			true	2001-01-26 20:05:38.0	false			false	false	
enwiki	revision	create	2001-01-26 20:08:49.0	*	479	17255773	JimboWales	JimboWales		nocreate,noautoblock					false	false	false	false	false	true	2001-01-23 22:34:16.0		2001-01-19 01:24:40.0	24	191	26323569	HomePage	HomePage	0	true	0	true	true	false	2010-02-24 14:25:49.0	2001-01-15 19:27:13.0	63	8392																				908493361	908493360	false		false	1213	24	9a9t46jl3ts34ib1klndlr1gquw1nom			false		true	986116384	623469159	false	true	
enwiki	user	create	2001-01-26 20:18:11.0		194203	745	Graham87											false	false	true																			49067136	77417074	Hermes1.bradley.edu	Hermes1.bradley.edu							false	false	true	false	false	true	2025-01-17 13:06:16.0	2025-01-17 13:06:17.0	2001-01-26 20:18:11.0																		
enwiki	revision	create	2001-01-26 20:18:11.0	*	49067136	77417074	Hermes1.bradley.edu	Hermes1.bradley.edu							false	false	true	false	false	true	2025-01-17 13:06:16.0	2025-01-17 13:06:17.0	2001-01-26 20:18:11.0	1		20519	Mathematics_of_musical_scales	Mathematics_of_musical_scales	0	true	0	true	true	false	2001-01-21 02:30:08.0	2001-01-21 02:30:08.0	5	341540																				1270006803	1270006802	false		false	6767	633	3kfuh6dmu4jdi4zqqsko2l1f4p93w4e			false		false			false	false	
enwiki	page	create	2001-01-26 20:49:06.0		3684	36925666	BryceHarrington	BryceHarrington							false	false	false	false	false	true	2001-01-24 23:49:09.0		2001-01-24 23:49:09.0			71015	Gladstone,_Oregon	Gladstone,_Oregon	0	true	0	true	false	false	2001-01-26 20:49:06.0	2001-01-26 20:49:06.0																																							
enwiki	revision	create	2001-01-26 20:49:06.0	A history of the little city I grew up in  :-)	3684	36925666	BryceHarrington	BryceHarrington							false	false	false	false	false	true	2001-01-24 23:49:09.0		2001-01-24 23:49:09.0	16	2710	71015	Gladstone,_Oregon	Gladstone,_Oregon	0	true	0	true	false	false	2001-01-26 20:49:06.0	2001-01-26 20:49:06.0	1																					1272128819	0	false		false	6440	6440	phjxj2wryyfg2mki77b7hxx7gyv0ier			false		false			false	false	
enwiki	revision	create	2001-01-26 20:52:43.0	*	7800319		LarrySanger											false						89	4764	32942	Announcements	Milestones	4	false	4	false	false	false	2001-01-21 23:32:56.0	2001-01-21 23:32:56.0	10	5047																				1066656647	1066656646	false		false	718	25	f11f3zood1pciqh352vzuvblve4hef2			false		false			false	false	
enwiki	revision	create	2001-01-26 20:57:44.0	*	7800319		LarrySanger											false						90	301	21438480	Be_bold	Be_bold	4	false	4	false	false	false	2009-02-07 18:48:22.0	2001-01-17 00:30:00.0	7	420843																				1267042740	1267042739	false		false	911	123	cc0wawjcqcy1ui5x57alhn31gsan9dk			false		false			false	true	
enwiki	revision	create	2001-01-26 21:12:38.0	*	7800319		LarrySanger											false						91	894	21132385	BrilliantProse	Historical_archive/Brilliant_prose/BrilliantProse	0	true	4	false	false	false	2011-06-01 23:47:13.0	2001-01-21 23:53:53.0	5	421835																				1042543701	1042543700	false		false	604	130	6g27bsprsqph9m6v8b1jgirxrg4iuow			false		false			false	true	
enwiki	revision	create	2001-01-26 21:23:32.0	Created link for a paper on Alchemy	3684	36925666	BryceHarrington	BryceHarrington							false	false	false	false	false	true	2001-01-24 23:49:09.0		2001-01-24 23:49:09.0	17	2066	18836	Middle_Ages	Middle_Ages	0	true	0	true	false	false	2001-01-26 21:23:32.0	2001-01-26 21:23:32.0	1																					1270187940	0	false		false	67	67	rce0iidlozbca5p2p4gr0lx6rygf8dd			false		false			false	false	
enwiki	page	create	2001-01-26 21:23:32.0		3684	36925666	BryceHarrington	BryceHarrington							false	false	false	false	false	true	2001-01-24 23:49:09.0		2001-01-24 23:49:09.0			18836	Middle_Ages	Middle_Ages	0	true	0	true	false	false	2001-01-26 21:23:32.0	2001-01-26 21:23:32.0																																							
enwiki	revision	create	2001-01-26 21:26:15.0	*	3684	36925666	BryceHarrington	BryceHarrington							false	false	false	false	false	true	2001-01-24 23:49:09.0		2001-01-24 23:49:09.0	18	163	17663453	AlchemY	AlchemY	0	true	0	true	true	false	2008-05-29 02:01:10.0	2001-01-26 21:26:15.0	1																					233236	0	false		false	25221	25221	bvrwtx5ft6f2pcwo2qz7zcludpk261m			false		false			false	true	
enwiki	revision	create	2001-01-26 21:30:45.0		7800319		LarrySanger											false						92	1087		OregoN		0	true																												834912189		false		false	5388	5388	p0x6rsra44bgy99w7veqsodlymxur1u			true	2001-01-26 21:30:45.0	false			false	false	
enwiki	revision	create	2001-01-26 21:42:57.0	Updated a little...	3684	36925666	BryceHarrington	BryceHarrington							false	false	false	false	false	true	2001-01-24 23:49:09.0		2001-01-24 23:49:09.0	19	1002	17744623	NewTopics	New_topics	0	true	4	false	false	false	2008-06-03 03:33:40.0	2001-01-17 00:16:37.0	10	70469																				1209542249	1209542248	false		false	1001	369	ic2qr4ikzoeso3jw0tyqx14ap8jljpj			false		false			false	true	
enwiki	revision	create	2001-01-26 21:43:27.0	Idea here...	3684	36925666	BryceHarrington	BryceHarrington							false	false	false	false	false	true	2001-01-24 23:49:09.0		2001-01-24 23:49:09.0	20	30	17744623	NewTopics	New_topics	0	true	4	false	false	false	2008-06-03 03:33:40.0	2001-01-17 00:16:37.0	11	30																				1209542250	1209542249	false		false	1012	11	myyww98unmqhdfujdtq4xlihzze0k35			false		false			false	true	
enwiki	revision	create	2001-01-26 21:45:10.0	Updated, and includes an idea...	3684	36925666	BryceHarrington	BryceHarrington							false	false	false	false	false	true	2001-01-24 23:49:09.0		2001-01-24 23:49:09.0	21	103	17744623	NewTopics	New_topics	0	true	4	false	false	false	2008-06-03 03:33:40.0	2001-01-17 00:16:37.0	12	103																				1209542252	1209542250	false		false	941	-71	sm0r37tf1pprsr6z8m1gbj3zmrtq6qt			false		false			false	true	
enwiki	revision	create	2001-01-26 22:45:02.0	*	7800319		LarrySanger											false						93	4457	32942	Announcements	Milestones	4	false	4	false	false	false	2001-01-21 23:32:56.0	2001-01-21 23:32:56.0	11	6739																				1066656648	1066656647	false		false	721	3	1dwvx3tmb18lwef6vhmppr0gkfo1foq			false		false			false	false	
enwiki	revision	create	2001-01-26 22:46:25.0	*	7800319		LarrySanger											false						94	83	17744623	NewTopics	New_topics	0	true	4	false	false	false	2008-06-03 03:33:40.0	2001-01-17 00:16:37.0	13	3675																				1209542253	1209542252	false		false	1013	72	ajh0sacb3shbbq4f6ch8n3ittewjut9			false		false			false	true	
enwiki	revision	create	2001-01-26 22:48:20.0	*	7800319		LarrySanger											false						95	115	13690711	ChristianityTalk	Christianity/Archive_1	0	true	1	false	false	false	2007-10-12 08:27:03.0	2001-01-26 22:48:20.0	1																					1017358564	0	false		false	3686	3686	5iz22inzowbrox8glb6d2u7b2u91es4			false		false			false	true	
enwiki	revision	create	2001-01-26 22:51:33.0	*	7800357	194415	AyeSpy	AyeSpy		nocreate,noemail,nousertalk					false	true	false	false	false	true	2008-09-07 01:37:15.0	2008-09-07 01:37:15.0	2001-01-19 01:10:38.0	20	14161	13690711	ChristianityTalk	Christianity/Archive_1	0	true	1	false	false	false	2007-10-12 08:27:03.0	2001-01-26 22:48:20.0	2	193																				1017358565	1017358564	false		false	3878	192	0dc4rqlon515crq1lg9h0fcvavf87yx			false		false			false	true	
enwiki	user	create	2001-01-26 22:54:55.0		194203	745	Graham87											false	false	true																			11945578	6191752	Bln2-t6-1.mcbone.net	Bln2-t6-1.mcbone.net		nocreate					false	false	true	false	false	true	2010-03-18 04:33:38.0	2010-03-18 04:33:39.0	2001-01-26 22:54:55.0																		
enwiki	revision	create	2001-01-26 22:54:55.0	*	11945578	6191752	Bln2-t6-1.mcbone.net	Bln2-t6-1.mcbone.net		nocreate					false	false	true	false	false	true	2010-03-18 04:33:38.0	2010-03-18 04:33:39.0	2001-01-26 22:54:55.0	1		5085	CityBerlin	CityBerlin	0	true	0	true	true	false	2001-01-26 00:30:03.0	2001-01-26 00:30:03.0	2	80692																				1269952176	1269952175	false		false	96	63	d4o72xjdmz2sykpq19ryl9utm51rdt1			false		false			false	false	
enwiki	revision	create	2001-01-26 22:55:21.0	*	11945578	6191752	Bln2-t6-1.mcbone.net	Bln2-t6-1.mcbone.net		nocreate					false	false	true	false	false	true	2010-03-18 04:33:38.0	2010-03-18 04:33:39.0	2001-01-26 22:54:55.0	2	26	5085	CityBerlin	CityBerlin	0	true	0	true	true	false	2001-01-26 00:30:03.0	2001-01-26 00:30:03.0	3	26																				1269952177	1269952176	false		false	96	0	9p6plmrv4nec051cfwrg0hdxyvjccxc			false		false			false	false	
enwiki	revision	create	2001-01-26 22:57:17.0	*			bln2-t6-1.mcbone.net	bln2-t6-1.mcbone.net										true								32860											1																					294303	0	false		false	129	129	6gjk0u8b4hbonuhyfgi38gsv72w8xvv			false		false			false	false	
enwiki	revision	create	2001-01-26 23:55:52.0	*	7800357	194415	AyeSpy	AyeSpy		nocreate,noemail,nousertalk					false	true	false	false	false	true	2008-09-07 01:37:15.0	2008-09-07 01:37:15.0	2001-01-19 01:10:38.0	21	3859	32860	WorldWarOne	WorldWarOne	0	true	0	true	true	false	2001-01-26 23:55:52.0	2001-01-26 23:55:52.0	2	3515																				294304	294303	false		false	249	120	rqn6yidxoceqiu8dtb35mb06ykpk2me			false		false			false	false	
enwiki	page	create	2001-01-26 23:55:52.0		7800357	194415	AyeSpy	AyeSpy		nocreate,noemail,nousertalk					false	true	false	false	false	true	2008-09-07 01:37:15.0	2008-09-07 01:37:15.0	2001-01-19 01:10:38.0			32860	WorldWarOne	WorldWarOne	0	true	0	true	true	false	2001-01-26 23:55:52.0	2001-01-26 23:55:52.0																																							
enwiki	revision	create	2001-01-27 00:03:34.0	*	7800357	194415	AyeSpy	AyeSpy		nocreate,noemail,nousertalk					false	true	false	false	false	true	2008-09-07 01:37:15.0	2008-09-07 01:37:15.0	2001-01-19 01:10:38.0	22	462	13690711	ChristianityTalk	Christianity/Archive_1	0	true	1	false	false	false	2007-10-12 08:27:03.0	2001-01-26 22:48:20.0	3	4321																				1017358566	1017358565	false		false	4115	237	tq99jdqof3fri23dbbfotsumncjsjqk			false		false			false	true	
enwiki	revision	create	2001-01-27 00:55:02.0	*			office.bomis.com	office.bomis.com										true								25400											1																					277043	0	false		false	178	178	7udx7kp1w94oy4ghom4r2sqkssmu0u5			false		false			false	false	
enwiki	revision	create	2001-01-27 01:01:58.0	*	12044602	6337173	Www.donaufeld.sth.ac.at	Www.donaufeld.sth.ac.at		nocreate					false	false	true	false	false	true	2010-03-31 11:04:10.0	2010-03-31 11:04:12.0	2001-01-27 01:01:58.0	1		5085	CityBerlin	CityBerlin	0	true	0	true	true	false	2001-01-26 00:30:03.0	2001-01-26 00:30:03.0	4	7597																				1269952178	1269952177	false		false	99	3	375sumec5dlc42gs8er1yz53zdpr2nr			false		false			false	false	
enwiki	user	create	2001-01-27 01:01:58.0		194203	745	Graham87											false	false	true																			12044602	6337173	Www.donaufeld.sth.ac.at	Www.donaufeld.sth.ac.at		nocreate					false	false	true	false	false	true	2010-03-31 11:04:10.0	2010-03-31 11:04:12.0	2001-01-27 01:01:58.0																		
enwiki	revision	create	2001-01-27 01:05:47.0	*	12044602	6337173	Www.donaufeld.sth.ac.at	Www.donaufeld.sth.ac.at		nocreate					false	false	true	false	false	true	2010-03-31 11:04:10.0	2010-03-31 11:04:12.0	2001-01-27 01:01:58.0	2	229	5085	CityBerlin	CityBerlin	0	true	0	true	true	false	2001-01-26 00:30:03.0	2001-01-26 00:30:03.0	5	229																				1269952179	1269952178	false		false	263	164	qwptw1t1oht4rrwryyds0eii1f9j1id			false		false			false	false	
enwiki	revision	create	2001-01-27 01:06:20.0	*	12044602	6337173	Www.donaufeld.sth.ac.at	Www.donaufeld.sth.ac.at		nocreate					false	false	true	false	false	true	2010-03-31 11:04:10.0	2010-03-31 11:04:12.0	2001-01-27 01:01:58.0	3	33	5085	CityBerlin	CityBerlin	0	true	0	true	true	false	2001-01-26 00:30:03.0	2001-01-26 00:30:03.0	6	33																				1269952180	1269952179	false		false	264	1	gkw5ktcwnqoi0hhw70pvi5gn3m3nikh			false		false			false	false	
enwiki	user	create	2001-01-27 01:10:21.0																																				34	37987405	WojPob	WojPob							false	false	false	false	false	true	2001-01-29 11:07:25.0		2001-01-27 01:10:21.0																		
enwiki	revision	create	2001-01-27 01:10:21.0	*	34	37987405	WojPob	WojPob							false	false	false	false	false	true	2001-01-29 11:07:25.0		2001-01-27 01:10:21.0	1		5085	CityBerlin	CityBerlin	0	true	0	true	true	false	2001-01-26 00:30:03.0	2001-01-26 00:30:03.0	7	241																				1269952181	1269952180	false		false	265	1	3eyg3onk93nnvylxr76gyoedvtg3ov7			false		false			false	false	
enwiki	revision	create	2001-01-27 01:26:09.0	Careful with the (c)'s, Woj  ;-)	3684	36925666	BryceHarrington	BryceHarrington							false	false	false	false	false	true	2001-01-24 23:49:09.0		2001-01-24 23:49:09.0	22	13259	5085	CityBerlin	CityBerlin	0	true	0	true	true	false	2001-01-26 00:30:03.0	2001-01-26 00:30:03.0	8	948																				1269952182	1269952181	false		false	264	-1	pz7o3ox0tx2p2yohcz3gesta1h0zuje			false		false			false	false	
enwiki	revision	create	2001-01-27 01:28:51.0	*	34	37987405	WojPob	WojPob							false	false	false	false	false	true	2001-01-29 11:07:25.0		2001-01-27 01:10:21.0	2	1110	26964606	Austria	Austria	0	true	0	true	false	false	2010-04-15 12:22:08.0	2001-01-26 13:56:55.0	6	29502																				1320552758	1320552757	false		false	362	15	6124b1we33bmcgdeo9qk2vjdfahn37n			false		false			false	true	
enwiki	revision	create	2001-01-27 01:31:32.0	*	34	37987405	WojPob	WojPob							false	false	false	false	false	true	2001-01-29 11:07:25.0		2001-01-27 01:10:21.0	3	161	14482	ItalY	ItalY	0	true	0	true	true	false	2001-01-22 20:49:24.0	2001-01-22 20:49:24.0	7	348001																				1271274988	1271274987	false		false	453	190	oilks6h7mdgf9irfqylnx4hjyuwvftn			false		false			false	false	
enwiki	revision	create	2001-01-27 01:31:54.0	*	34	37987405	WojPob	WojPob							false	false	false	false	false	true	2001-01-29 11:07:25.0		2001-01-27 01:10:21.0	4	22	14482	ItalY	ItalY	0	true	0	true	true	false	2001-01-22 20:49:24.0	2001-01-22 20:49:24.0	8	22																				1271274989	1271274988	false		false	453	0	0y98afo4zv22km4p6j3ilhae1rreorm			false		false			false	false	
enwiki	user	create	2001-01-27 01:52:27.0		194203	745	Graham87											false	false	true																			12044506	6337044	Wrc-200-D.resnet.emory.edu	Wrc-200-D.resnet.emory.edu		nocreate					false	false	true	false	false	true	2010-03-31 10:45:20.0	2010-03-31 10:45:21.0	2001-01-27 01:52:27.0																		
enwiki	revision	create	2001-01-27 01:52:27.0	*	12044506	6337044	Wrc-200-D.resnet.emory.edu	Wrc-200-D.resnet.emory.edu		nocreate					false	false	true	false	false	true	2010-03-31 10:45:20.0	2010-03-31 10:45:21.0	2001-01-27 01:52:27.0	1		17744623	NewTopics	New_topics	0	true	4	false	false	false	2008-06-03 03:33:40.0	2001-01-17 00:16:37.0	14	11162																				1209542254	1209542253	false		false	1026	13	ops2d7c6y0bao7v5o630vqxlcq38hat			false		false			false	true	
enwiki	page	create	2001-01-27 02:00:14.0		12044506	6337044	Wrc-200-D.resnet.emory.edu	Wrc-200-D.resnet.emory.edu		nocreate					false	false	true	false	false	true	2010-03-31 10:45:20.0	2010-03-31 10:45:21.0	2001-01-27 01:52:27.0			38406250	FoMa	FoMa	0	true	0	true	true	false	2001-01-27 02:00:14.0	2001-01-27 02:00:14.0																																							
enwiki	revision	create	2001-01-27 02:00:14.0	*	12044506	6337044	Wrc-200-D.resnet.emory.edu	Wrc-200-D.resnet.emory.edu		nocreate					false	false	true	false	false	true	2010-03-31 10:45:20.0	2010-03-31 10:45:21.0	2001-01-27 01:52:27.0	2	467	38406250	FoMa	FoMa	0	true	0	true	true	false	2001-01-27 02:00:14.0	2001-01-27 02:00:14.0	1																					536298010	0	false		false	82	82	nouonikh19nabbbqh24rfz7gdh7i9s2			false		false			false	false	
enwiki	revision	create	2001-01-27 02:50:32.0	*			wrc-200-D.resnet.emory.edu	wrc-200-D.resnet.emory.edu										true								26620											1																					279678	0	false		false	761	761	kkc5agfuiyeqnht73fn2ih81a4d54ka			false		false			false	false	
enwiki	revision	create	2001-01-27 03:22:01.0	*	7792520	183098	JoshuaGrosse	JoshuaGrosse		nocreate,noemail,nousertalk					true	false	false	false	false	true	2008-09-05 20:14:59.0	2008-09-05 20:14:59.0	2001-01-22 07:11:28.0	25	65026	9167	EuroCurrency	EuroCurrency	0	true	0	true	true	false	2001-01-20 22:35:49.0	2001-01-20 22:35:49.0	7	54424																				1269370935	1269370934	false		false	1002	1	l29lte8frnqm3k7ba41vpiqcffqmdg7			false		false			false	false	
enwiki	revision	create	2001-01-27 03:24:57.0	*	7792520	183098	JoshuaGrosse	JoshuaGrosse		nocreate,noemail,nousertalk					true	false	false	false	false	true	2008-09-05 20:14:59.0	2008-09-05 20:14:59.0	2001-01-22 07:11:28.0	26	176	26593	SportS	SportS	0	true	0	true	true	false	2001-01-16 18:54:35.0	2001-01-16 18:54:35.0	11	51805																				1272089906	1272089905	false		false	1585	105	9tchwd2dz6o018jskqtr9vr2oe6b8k5			false		false			false	false	
enwiki	revision	create	2001-01-27 03:25:14.0	*	7792520	183098	JoshuaGrosse	JoshuaGrosse		nocreate,noemail,nousertalk					true	false	false	false	false	true	2008-09-05 20:14:59.0	2008-09-05 20:14:59.0	2001-01-22 07:11:28.0	27	17	26593	SportS	SportS	0	true	0	true	true	false	2001-01-16 18:54:35.0	2001-01-16 18:54:35.0	12	17																				1272089907	1272089906	false		false	1587	2	2c0yxy9ebfr4vdgm8e6h3ywc5yuz3dw			false		false			false	false	
enwiki	revision	create	2001-01-27 03:59:07.0	*	7800357	194415	AyeSpy	AyeSpy		nocreate,noemail,nousertalk					false	true	false	false	false	true	2008-09-07 01:37:15.0	2008-09-07 01:37:15.0	2001-01-19 01:10:38.0	23	14133	336	Altruism	Altruism	0	true	0	true	false	false	2001-01-21 23:11:31.0	2001-01-21 23:11:31.0	13	165395																				1320694259	1320694258	false		false	3935	1	tsfn5f11svmq0iio4glorzi2nqxhrxq			false		false			false	false	
enwiki	revision	create	2001-01-27 04:06:38.0	*	7800357	194415	AyeSpy	AyeSpy		nocreate,noemail,nousertalk					false	true	false	false	false	true	2008-09-07 01:37:15.0	2008-09-07 01:37:15.0	2001-01-19 01:10:38.0	24	451	3298	BuddHa	BuddHa	0	true	0	true	true	false	2001-01-27 04:06:38.0	2001-01-27 04:06:38.0	1																					237904	0	false		false	2313	2313	7lwoshxwlfxse99bvoiob70colvcqs5			false		false			false	false	
enwiki	page	create	2001-01-27 04:06:38.0		7800357	194415	AyeSpy	AyeSpy		nocreate,noemail,nousertalk					false	true	false	false	false	true	2008-09-07 01:37:15.0	2008-09-07 01:37:15.0	2001-01-19 01:10:38.0			3298	BuddHa	BuddHa	0	true	0	true	true	false	2001-01-27 04:06:38.0	2001-01-27 04:06:38.0																																							
enwiki	revision	create	2001-01-27 06:32:24.0	*	4938	37899085	TimShell	TimShell							false	false	false	false	false	true	2002-10-22 05:06:31.0		2001-01-27 06:32:24.0	2	0	23068	Portland_Oregon	Portland_Oregon	0	true	0	true	true	false	2001-01-27 06:32:24.0	2001-01-27 06:32:24.0	1																					1272133258	0	false		false	136	136	erit1fsu68lsbafnibd6uh1tvqiwc1u			false		false			false	false	
enwiki	user	create	2001-01-27 06:32:24.0																																				4938	37899085	TimShell	TimShell							false	false	false	false	false	true	2002-10-22 05:06:31.0		2001-01-27 06:32:24.0																		
enwiki	revision	create	2001-01-27 06:32:24.0		4938	37899085	TimShell	TimShell							false	false	false	false	false	true	2002-10-22 05:06:31.0		2001-01-27 06:32:24.0	1		79015363	PortlandOregon/temp	PortlandOregon/temp	0	true	0	true		true	2001-01-27 06:32:24.0	2001-01-27 06:32:24.0	1																					272876	0	false		false	148	148	4xl1l7ctv85eai4bkjja34ipr9blzre			true	2025-01-27 10:32:35.0	false			false	false	
enwiki	page	create	2001-01-27 06:32:24.0		4938	37899085	TimShell	TimShell							false	false	false	false	false	true	2002-10-22 05:06:31.0		2001-01-27 06:32:24.0			23068	Portland_Oregon	Portland_Oregon	0	true	0	true	true	false	2001-01-27 06:32:24.0	2001-01-27 06:32:24.0																																							
enwiki	page	create	2001-01-27 06:32:24.0		4938	37899085	TimShell	TimShell							false	false	false	false	false	true	2002-10-22 05:06:31.0		2001-01-27 06:32:24.0			79015363	PortlandOregon/temp	PortlandOregon/temp	0	true	0	true		true	2001-01-27 06:32:24.0	2001-01-27 06:32:24.0																																							
enwiki	revision	create	2001-01-27 06:35:08.0	*	11946389	6192944	CalvinOstrum	CalvinOstrum							false	false	true	false	false	true	2010-03-18 07:51:54.0	2010-03-18 07:51:56.0	2001-01-27 06:35:08.0	1		1242	Ada_programming_language	Ada_(programming_language)	0	true	0	true	false	false	2001-01-21 07:05:49.0	2001-01-21 07:05:49.0	2	516559																				1265905648	1265905647	false		false	436	184	q705qww97021g38odd6g3s1snfmtng2			false		false			false	false	
enwiki	user	create	2001-01-27 06:35:08.0		194203	745	Graham87											false	false	true																			11946389	6192944	CalvinOstrum	CalvinOstrum							false	false	true	false	false	true	2010-03-18 07:51:54.0	2010-03-18 07:51:56.0	2001-01-27 06:35:08.0																		
enwiki	page	create	2001-01-27 06:35:23.0		4938	37899085	TimShell	TimShell							false	false	false	false	false	true	2002-10-22 05:06:31.0		2001-01-27 06:32:24.0			26621	SuperBowl	SuperBowl	0	true	0	true	true	false	2001-01-27 06:35:23.0	2001-01-27 06:35:23.0																																							
enwiki	revision	create	2001-01-27 06:35:23.0	*	4938	37899085	TimShell	TimShell							false	false	false	false	false	true	2002-10-22 05:06:31.0		2001-01-27 06:32:24.0	3	179	26621	SuperBowl	SuperBowl	0	true	0	true	true	false	2001-01-27 06:35:23.0	2001-01-27 06:35:23.0	1																					1316989772	0	false		false	136	136	6esaqq9eh6kaonn8thosl2eb263s4wr			false		false			false	false	
enwiki	revision	create	2001-01-27 06:55:36.0	*	4938	37899085	TimShell	TimShell							false	false	false	false	false	true	2002-10-22 05:06:31.0		2001-01-27 06:32:24.0	4	1213	36277814	RusSia	RusSia	0	true	0	true	true	false	2001-01-27 06:55:36.0	2001-01-27 06:55:36.0	1																					499852334	0	false		false	377	377	58ypaaf8qjx88bn4xau8c3w7v33hatf			false		false			false	false	
enwiki	page	create	2001-01-27 06:55:36.0		4938	37899085	TimShell	TimShell							false	false	false	false	false	true	2002-10-22 05:06:31.0		2001-01-27 06:32:24.0			36277814	RusSia	RusSia	0	true	0	true	true	false	2001-01-27 06:55:36.0	2001-01-27 06:55:36.0																																							
enwiki	page	create	2001-01-27 06:56:19.0		4938	37899085	TimShell	TimShell							false	false	false	false	false	true	2002-10-22 05:06:31.0		2001-01-27 06:32:24.0			36277871	RussiA	RussiA	0	true	0	true	true	false	2001-01-27 06:56:19.0	2001-01-27 06:56:19.0																																							
enwiki	revision	create	2001-01-27 06:56:19.0	*	4938	37899085	TimShell	TimShell							false	false	false	false	false	true	2002-10-22 05:06:31.0		2001-01-27 06:32:24.0	5	43	36277871	RussiA	RussiA	0	true	0	true	true	false	2001-01-27 06:56:19.0	2001-01-27 06:56:19.0	1																					499853637	0	false		false	377	377	58ypaaf8qjx88bn4xau8c3w7v33hatf			false		false			false	false	
enwiki	revision	create	2001-01-27 06:57:26.0	*	4938	37899085	TimShell	TimShell							false	false	false	false	false	true	2002-10-22 05:06:31.0		2001-01-27 06:32:24.0	6	67	36277814	RusSia	RusSia	0	true	0	true	true	false	2001-01-27 06:55:36.0	2001-01-27 06:55:36.0	2	110																				499852335	499852334	false		false	172	-205	15s2bwhrvdpjtatsnthmbm0uae72n0c			false		false			false	false	
enwiki	revision	create	2001-01-27 07:03:31.0	*	4938	37899085	TimShell	TimShell							false	false	false	false	false	true	2002-10-22 05:06:31.0		2001-01-27 06:32:24.0	7	365	27	AlbaniaHistory	AlbaniaHistory	0	true	0	true	true	false	2001-01-25 00:49:05.0	2001-01-25 00:49:05.0	2	195266																				233222	233221	false		false	344	-4	ewdvmjk5kfv3k66dpv4gulsktgb8ya3			false		false			false	false	
enwiki	revision	create	2001-01-27 07:06:56.0	*	4938	37899085	TimShell	TimShell							false	false	false	false	false	true	2002-10-22 05:06:31.0		2001-01-27 06:32:24.0	8	205	25355	RhodeIsland	RhodeIsland	0	true	0	true	true	false	2001-01-17 21:48:10.0	2001-01-17 21:48:10.0	4	128472																				277035	0	false		false	221	221	2gr8bgv98zbw1zgbmtrdds3dfn89ap4			false		false			false	false	
enwiki	revision	create	2001-01-27 07:21:38.0	*	7800319		LarrySanger											false						96	30798	26323569	HomePage	HomePage	0	true	0	true	true	false	2010-02-24 14:25:49.0	2001-01-15 19:27:13.0	64	40369																				908493362	908493361	false		false	1327	114	7ysjb4sbtcw3s4ta5850a8by1uya1ct			false		true	986116384	623428790	false	true	
enwiki	revision	create	2001-01-27 07:22:23.0	*	7800319		LarrySanger											false						97	45	26603	SabBath	SabBath	0	true	0	true	true	false	2001-01-21 04:07:43.0	2001-01-21 04:07:43.0	4	399515																				279635	279634	true		false	637	446	7xt7n4e5mv5su6infeiaibhkag3zjw3			false		false			false	false	
enwiki	revision	create	2001-01-27 07:30:31.0	*	7800319		LarrySanger											false						98	488	22900278	Weekend_(disambiguation)	Weekend_(disambiguation)	0	true	0	true	false	false	2009-05-22 12:36:14.0	2001-01-20 07:41:26.0	8	508274																				294281	294280	false		false	3027	-45	h3wxttogowenazdxbzaaqak3594lj1x			false		false			false	true	
enwiki	page	create	2001-01-27 07:31:13.0		4938	37899085	TimShell	TimShell							false	false	false	false	false	true	2002-10-22 05:06:31.0		2001-01-27 06:32:24.0			23993	Prelude_In_G_Major	Prelude_In_G_Major	0	true	0	true	true	false	2001-01-27 07:31:13.0	2001-01-27 07:31:13.0																																							
enwiki	revision	create	2001-01-27 07:31:13.0	*	4938	37899085	TimShell	TimShell							false	false	false	false	false	true	2002-10-22 05:06:31.0		2001-01-27 06:32:24.0	9	1457	23993	Prelude_In_G_Major	Prelude_In_G_Major	0	true	0	true	true	false	2001-01-27 07:31:13.0	2001-01-27 07:31:13.0	1																					971488979	0	false		false	198	198	ka677xdbim27gdgi2kdixi826i8oi8v			false		false			false	false	
enwiki	revision	create	2001-01-27 07:32:21.0	*	7800319		LarrySanger											false						99	110	26323569	HomePage	HomePage	0	true	0	true	true	false	2010-02-24 14:25:49.0	2001-01-15 19:27:13.0	65	643																				908493363	908493362	false		false	1341	14	bz4rtaphghiq1ovb9e5j7zaopzlghoe			false		true	986116384	623428147	false	true	
enwiki	revision	create	2001-01-27 07:32:34.0	*	4938	37899085	TimShell	TimShell							false	false	false	false	false	true	2002-10-22 05:06:31.0		2001-01-27 06:32:24.0	10	81	23993	Prelude_In_G_Major	Prelude_In_G_Major	0	true	0	true	true	false	2001-01-27 07:31:13.0	2001-01-27 07:31:13.0	2	81																				971488980	971488979	false		false	223	25	2yquxs1jpl58zw71te9k7wnt4sbdls3			false		false			false	false	
enwiki	revision	create	2001-01-27 07:34:23.0	*	4938	37899085	TimShell	TimShell							false	false	false	false	false	true	2002-10-22 05:06:31.0		2001-01-27 06:32:24.0	11	109	18743	MuSic	MuSic	0	true	0	true	true	false	2001-01-17 00:18:15.0	2001-01-17 00:18:15.0	12	174393																				1271289303	1271289302	false		false	621	8	ivn6qq535o3nt7v2elfbov9xkxyo5si			false		false			false	false	
enwiki	page	create	2001-01-27 07:39:55.0		4938	37899085	TimShell	TimShell							false	false	false	false	false	true	2002-10-22 05:06:31.0		2001-01-27 06:32:24.0			26622	StockholM	StockholM	0	true	0	true	true	false	2001-01-27 07:39:55.0	2001-01-27 07:39:55.0																																							
enwiki	revision	create	2001-01-27 07:39:55.0	*	4938	37899085	TimShell	TimShell							false	false	false	false	false	true	2002-10-22 05:06:31.0		2001-01-27 06:32:24.0	12	332	26622	StockholM	StockholM	0	true	0	true	true	false	2001-01-27 07:39:55.0	2001-01-27 07:39:55.0	1																					279681	0	false		false	122	122	i4j801bu0awms97o5bvxj3bgv0cqbx5			false		false			false	false	
enwiki	revision	create	2001-01-27 07:41:44.0	*	7800319		LarrySanger											false						100	563	32840	WikiPedia	WikiPedia	0	true	0	true	true	false	2001-01-15 19:52:32.0	2001-01-15 19:52:32.0	15	299999																				294242	0	true		false	630	630	ouv7a1xu7qebfg2m5zqfb9zyahcvrqd			false		false			false	false	
enwiki	revision	create	2001-01-27 07:43:41.0	*	4938	37899085	TimShell	TimShell							false	false	false	false	false	true	2002-10-22 05:06:31.0		2001-01-27 06:32:24.0	13	226	26623	SherlockHolmes	SherlockHolmes	0	true	0	true	true	false	2001-01-27 07:43:41.0	2001-01-27 07:43:41.0	1																					279682	0	true		false	271	271	pz78i5iurolrjcwjvy1z870vl3osogv			false		false			false	false	
enwiki	page	create	2001-01-27 07:43:41.0		4938	37899085	TimShell	TimShell							false	false	false	false	false	true	2002-10-22 05:06:31.0		2001-01-27 06:32:24.0			26623	SherlockHolmes	SherlockHolmes	0	true	0	true	true	false	2001-01-27 07:43:41.0	2001-01-27 07:43:41.0																																							
enwiki	revision	create	2001-01-27 07:43:48.0	*	7800319		LarrySanger											false						101	124	51205	What_is_a_wiki	What_is_a_wiki	4	false	4	false	true	false	2001-01-17 00:05:52.0	2001-01-17 00:05:52.0	31	348540																				1066049432	1066049431	false		false	560	24	n6mfwhvkzrugqo09jj242h7rrd1hxqu			false		false			false	false	
enwiki	revision	create	2001-01-27 07:46:53.0	*	7800319		LarrySanger											false						102	185	26323569	HomePage	HomePage	0	true	0	true	true	false	2010-02-24 14:25:49.0	2001-01-15 19:27:13.0	66	872																				908493364	908493363	false		false	1341	0	a7uprhxvpokvxo0wfw9zndcnh362qkk			false		true	986116384	623427275	false	true	
enwiki	revision	create	2001-01-27 07:47:06.0	*	7800319		LarrySanger											false						103	13	26323569	HomePage	HomePage	0	true	0	true	true	false	2010-02-24 14:25:49.0	2001-01-15 19:27:13.0	67	13																				908493366	908493364	false		false	1340	-1	19cspq4jmedxl34d60egy3srlhzbute			false		true	986116384	623427262	false	true	
enwiki	revision	create	2001-01-27 07:47:19.0	*	4938	37899085	TimShell	TimShell							false	false	false	false	false	true	2002-10-22 05:06:31.0		2001-01-27 06:32:24.0	14	218	2825494	WolfgangMozart	WolfgangMozart	0	true	0	true	true	false	2005-10-03 16:57:39.0	2001-01-27 07:47:19.0	1																					1270572865	0	false		false	196	196	08zp79zyi1rd463ins2xl0yuzthx83i			false		false			false	true	
enwiki	revision	create	2001-01-27 07:49:27.0	*	4938	37899085	TimShell	TimShell							false	false	false	false	false	true	2002-10-22 05:06:31.0		2001-01-27 06:32:24.0	15	128	15544	JohnnyCash	JohnnyCash	0	true	0	true	true	false	2001-01-21 05:58:45.0	2001-01-21 05:58:45.0	5	519479																				260430	0	true		false	581	581	gk2ytlnbli4i9e2huonoq64wxqd7q31			false		false			false	false	
enwiki	page	create	2001-01-27 07:50:51.0		4938	37899085	TimShell	TimShell							false	false	false	false	false	true	2002-10-22 05:06:31.0		2001-01-27 06:32:24.0			3280	BoMis	BoMis	0	true	0	true	true	false	2001-01-27 07:50:51.0	2001-01-27 07:50:51.0																																							
enwiki	revision	create	2001-01-27 07:50:51.0	*	4938	37899085	TimShell	TimShell							false	false	false	false	false	true	2002-10-22 05:06:31.0		2001-01-27 06:32:24.0	16	84	3280	BoMis	BoMis	0	true	0	true	true	false	2001-01-27 07:50:51.0	2001-01-27 07:50:51.0	1																					237879	0	false		false	246	246	d8qdt2lsz9f9qy2mvh2aszogg8za2zg			false		false			false	false	
enwiki	revision	create	2001-01-27 07:57:27.0	*	3684	36925666	BryceHarrington	BryceHarrington							false	false	false	false	false	true	2001-01-24 23:49:09.0		2001-01-24 23:49:09.0	23	23478	13690711	ChristianityTalk	Christianity/Archive_1	0	true	1	false	false	false	2007-10-12 08:27:03.0	2001-01-26 22:48:20.0	4	28433																				1017358567	1017358566	false		false	5158	1043	n42q6a57l7je0d9k7lz7wxnn34hfdj5			false		false			false	true	
enwiki	revision	create	2001-01-27 08:08:49.0	*	4938	37899085	TimShell	TimShell							false	false	false	false	false	true	2002-10-22 05:06:31.0		2001-01-27 06:32:24.0	17	1078	21134	New_Hampshire	New_Hampshire	0	true	0	true	false	false	2001-01-20 17:16:42.0	2001-01-20 17:16:42.0	2	571927																				269598	0	false		false	1977	1977	ryayjsdmx44v2322b8vr9d7w21u9ctk			false		false			false	false	
enwiki	revision	create	2001-01-27 08:12:35.0	*	7800319		LarrySanger											false						104	1529	26323569	HomePage	HomePage	0	true	0	true	true	false	2010-02-24 14:25:49.0	2001-01-15 19:27:13.0	68	1529																				908493367	908493366	false		false	1400	60	fokdv2bun2g8xsb9p7m98uy7ztqoa9p			false		true	986116384	623425733	false	true	
enwiki	revision	create	2001-01-27 08:13:00.0	*	7800319		LarrySanger											false						105	25	26323569	HomePage	HomePage	0	true	0	true	true	false	2010-02-24 14:25:49.0	2001-01-15 19:27:13.0	69	25																				908493368	908493367	false		false	1400	0	dg7oubr28qei7ap80oa1ytiz0nba0o1			false		true	986116384	623425708	false	true	
enwiki	page	create	2001-01-27 08:19:23.0		4938	37899085	TimShell	TimShell							false	false	false	false	false	true	2002-10-22 05:06:31.0		2001-01-27 06:32:24.0			25459	Rocky_Mountains	Rocky_Mountains	0	true	0	true	false	false	2001-01-27 08:19:23.0	2001-01-27 08:19:23.0																																							
enwiki	revision	create	2001-01-27 08:19:23.0	*	4938	37899085	TimShell	TimShell							false	false	false	false	false	true	2002-10-22 05:06:31.0		2001-01-27 06:32:24.0	18	634	25459	Rocky_Mountains	Rocky_Mountains	0	true	0	true	false	false	2001-01-27 08:19:23.0	2001-01-27 08:19:23.0	1																					1316432512	0	false		false	663	663	53iqonkxu8u77olngpd9a4rjlq17prf			false		false			false	false	
enwiki	revision	create	2001-01-27 08:32:33.0	*	4938	37899085	TimShell	TimShell							false	false	false	false	false	true	2002-10-22 05:06:31.0		2001-01-27 06:32:24.0	19	790	25459	Rocky_Mountains	Rocky_Mountains	0	true	0	true	false	false	2001-01-27 08:19:23.0	2001-01-27 08:19:23.0	2	790																				1316432513	1316432512	false		false	664	1	6vyf8sact0r0jzvf4659uf4d9kcgjqc			false		false			false	false	
enwiki	revision	create	2001-01-27 08:33:19.0		4938	37899085	TimShell	TimShell							false	false	false	false	false	true	2002-10-22 05:06:31.0		2001-01-27 06:32:24.0	20	46	81321638	Rocky_Mountains/temp	Rocky_Mountains/temp	0	true	0	true		true	2001-01-27 08:33:19.0	2001-01-27 08:33:19.0	1																					277045	0	true		false	708	708	h6lmxtl5lym5d1uxpmrz8gxc5oeittd			true	2025-10-12 13:11:04.0	false			false	false	
enwiki	revision	create	2001-01-27 08:33:19.0	*	4938	37899085	TimShell	TimShell							false	false	false	false	false	true	2002-10-22 05:06:31.0		2001-01-27 06:32:24.0	21	0	25459	Rocky_Mountains	Rocky_Mountains	0	true	0	true	false	false	2001-01-27 08:19:23.0	2001-01-27 08:19:23.0	3	46																				1316432514	1316432513	false		false	663	-1	tjkfllunojfemgyzml7b9cwtu1yrbpv			false		false			false	false	
enwiki	page	create	2001-01-27 08:33:19.0		4938	37899085	TimShell	TimShell							false	false	false	false	false	true	2002-10-22 05:06:31.0		2001-01-27 06:32:24.0			81321638	Rocky_Mountains/temp	Rocky_Mountains/temp	0	true	0	true		true	2001-01-27 08:33:19.0	2001-01-27 08:33:19.0																																							
enwiki	revision	create	2001-01-27 08:56:18.0	*	7792520	183098	JoshuaGrosse	JoshuaGrosse		nocreate,noemail,nousertalk					true	false	false	false	false	true	2008-09-05 20:14:59.0	2008-09-05 20:14:59.0	2001-01-22 07:11:28.0	28	19864	13187	HomoSapiens	HomoSapiens	0	true	0	true	true	false	2001-01-27 08:56:18.0	2001-01-27 08:56:18.0	1																					256081	0	true		false	223	223	4wulhumwcry0xi17wcyrog8ss6tgvmt			false		false			false	false	
enwiki	page	create	2001-01-27 08:56:18.0		7792520	183098	JoshuaGrosse	JoshuaGrosse		nocreate,noemail,nousertalk					true	false	false	false	false	true	2008-09-05 20:14:59.0	2008-09-05 20:14:59.0	2001-01-22 07:11:28.0			13187	HomoSapiens	HomoSapiens	0	true	0	true	true	false	2001-01-27 08:56:18.0	2001-01-27 08:56:18.0																																							
enwiki	revision	create	2001-01-27 10:29:43.0	*	12015336	6294320	Nirvana.sysfrog.org	Nirvana.sysfrog.org		nocreate					false	false	true	false	false	true	2010-03-27 13:43:13.0	2010-03-27 13:43:15.0	2001-01-27 10:29:43.0	1		26964606	Austria	Austria	0	true	0	true	false	false	2010-04-15 12:22:08.0	2001-01-26 13:56:55.0	7	32452																				1320552759	1320552758	false		false	533	171	tw1e7e1bh4f6i04xrkjgyzb6jsnqp1o			false		false			false	true	
enwiki	user	create	2001-01-27 10:29:43.0		194203	745	Graham87											false	false	true																			12015336	6294320	Nirvana.sysfrog.org	Nirvana.sysfrog.org		nocreate					false	false	true	false	false	true	2010-03-27 13:43:13.0	2010-03-27 13:43:15.0	2001-01-27 10:29:43.0																		
enwiki	revision	create	2001-01-27 12:55:19.0	*	48953768	77249469	PD4B9D609.dip.t-dialin.net	PD4B9D609.dip.t-dialin.net							false	false	true	false	false	true	2024-12-25 10:15:46.0	2024-12-25 10:15:47.0	2001-01-27 12:55:19.0	1		9174	EastGermany	EastGermany	0	true	0	true	true	false	2001-01-26 19:03:38.0	2001-01-26 19:03:38.0	4	60683																				1270183544	1270183543	false		false	1933	39	o810ucg1p9kwgsbtq74ttd28a6glxg0			false		false			false	false	
enwiki	user	create	2001-01-27 12:55:19.0		194203	745	Graham87											false	false	true																			48953768	77249469	PD4B9D609.dip.t-dialin.net	PD4B9D609.dip.t-dialin.net							false	false	true	false	false	true	2024-12-25 10:15:46.0	2024-12-25 10:15:47.0	2001-01-27 12:55:19.0																		
enwiki	revision	create	2001-01-27 13:23:28.0	*	48953768	77249469	PD4B9D609.dip.t-dialin.net	PD4B9D609.dip.t-dialin.net							false	false	true	false	false	true	2024-12-25 10:15:46.0	2024-12-25 10:15:47.0	2001-01-27 12:55:19.0	2	1689	11842	GeorgeWBush	GeorgeWBush	0	true	0	true	true	false	2001-01-24 21:21:01.0	2001-01-24 21:21:01.0	3	79875																				1275499503	1275499502	false		false	536	180	b7wj86c7mqtt0rzq7qlqs9vwhaoosjb			false		false			false	false	
enwiki	revision	create	2001-01-27 14:03:07.0	*	48953768	77249469	PD4B9D609.dip.t-dialin.net	PD4B9D609.dip.t-dialin.net							false	false	true	false	false	true	2024-12-25 10:15:46.0	2024-12-25 10:15:47.0	2001-01-27 12:55:19.0	3	2379	19499	Mariah_Carey	Mariah_Carey	0	true	0	true	false	false	2001-01-27 14:03:07.0	2001-01-27 14:03:07.0	1																					1265147907	0	false		false	143	143	imryqclxkz9hm3ahtsvkf3b0w1nb2u4			false		false			false	false	
enwiki	page	create	2001-01-27 14:03:07.0		48953768	77249469	PD4B9D609.dip.t-dialin.net	PD4B9D609.dip.t-dialin.net							false	false	true	false	false	true	2024-12-25 10:15:46.0	2024-12-25 10:15:47.0	2001-01-27 12:55:19.0			19499	Mariah_Carey	Mariah_Carey	0	true	0	true	false	false	2001-01-27 14:03:07.0	2001-01-27 14:03:07.0																																							
enwiki	revision	create	2001-01-27 15:28:56.0	*	11946842	6193647	CliffordAdams	CliffordAdams							false	false	true	false	false	true	2010-03-18 09:32:13.0	2010-03-18 09:32:14.0	2001-01-24 21:03:04.0	5	72473	11842	GeorgeWBush	GeorgeWBush	0	true	0	true	true	false	2001-01-24 21:21:01.0	2001-01-24 21:21:01.0	4	7528																				1275499504	1275499503	false		false	2498	1962	gpcy53zxhhm679trw7w4vj0pvcidhde			false		false			false	false	
enwiki	revision	create	2001-01-27 18:40:41.0		3684	36925666	BryceHarrington	BryceHarrington							false	false	false	false	false	true	2001-01-24 23:49:09.0		2001-01-24 23:49:09.0	24	38594	22867	PhysIcs	PhysIcs	0	true	0	true		true	2001-01-27 18:40:41.0	2001-01-27 18:40:41.0	1																					272879		false		false	72	72	mt12i48xlukq9baz3qz4pjj0wb5ltqi			true	2008-12-29 15:31:22.0	false			false	false	
enwiki	page	create	2001-01-27 18:40:41.0		3684	36925666	BryceHarrington	BryceHarrington							false	false	false	false	false	true	2001-01-24 23:49:09.0		2001-01-24 23:49:09.0			22867	PhysIcs	PhysIcs	0	true	0	true		true	2001-01-27 18:40:41.0	2001-01-27 18:40:41.0																																							
enwiki	revision	create	2001-01-27 18:44:42.0	Article (in german and HTML) by Norman Werner	3684	36925666	BryceHarrington	BryceHarrington							false	false	false	false	false	true	2001-01-24 23:49:09.0		2001-01-24 23:49:09.0	25	241	23579	Photoelectric_effect	Photoelectric_effect	0	true	0	true	false	false	2001-01-27 18:44:42.0	2001-01-27 18:44:42.0	1																					1267492104	0	false		false	9606	9606	hi8ry19cdx0itstbfe177ogek65dx5x			false		false			false	false	
enwiki	page	create	2001-01-27 18:44:42.0		3684	36925666	BryceHarrington	BryceHarrington							false	false	false	false	false	true	2001-01-24 23:49:09.0		2001-01-24 23:49:09.0			23579	Photoelectric_effect	Photoelectric_effect	0	true	0	true	false	false	2001-01-27 18:44:42.0	2001-01-27 18:44:42.0																																							
enwiki	revision	create	2001-01-27 18:55:18.0	*	3684	36925666	BryceHarrington	BryceHarrington							false	false	false	false	false	true	2001-01-24 23:49:09.0		2001-01-24 23:49:09.0	26	636	26323569	HomePage	HomePage	0	true	0	true	true	false	2010-02-24 14:25:49.0	2001-01-15 19:27:13.0	70	38538																				908493369	908493368	false		false	1412	12	0eai82gkg22yibdiiiborjmv01huogf			false		true	986116384	623387170	false	true	
enwiki	revision	create	2001-01-27 19:17:03.0	*	7800319		LarrySanger											false						106	39843	17743639	WikiPediaFaq	FAQ	0	true	4	false	false	false	2008-06-03 01:51:12.0	2001-01-17 01:12:24.0	29	85424																				1269545158	1269545157	false		false	5980	196	8eb04we5vexcx5i7ivg6t5es1pswcbo			false		false			false	true	
enwiki	revision	create	2001-01-27 19:18:14.0	*	7800319		LarrySanger											false						107	71	19499	Mariah_Carey	Mariah_Carey	0	true	0	true	false	false	2001-01-27 14:03:07.0	2001-01-27 14:03:07.0	2	18907																				1265147908	1265147907	false		false	82	-61	qpto3pb5dbvpqvo50ioavwa6tv811ie			false		false			false	false	
enwiki	revision	create	2001-01-27 19:29:36.0	*	7800319		LarrySanger											false						108	682	11842	GeorgeWBush	GeorgeWBush	0	true	0	true	true	false	2001-01-24 21:21:01.0	2001-01-24 21:21:01.0	5	14440																				1275499505	1275499504	false		false	3836	1338	ndqrf0w816eonm19cqxdj4cx2jduo9g			false		false			false	false	
enwiki	revision	create	2001-01-27 19:30:30.0	*	7800319		LarrySanger											false						109	54	11842	GeorgeWBush	GeorgeWBush	0	true	0	true	true	false	2001-01-24 21:21:01.0	2001-01-24 21:21:01.0	6	54																				1275499506	1275499505	false		false	1504	-2332	myi5i2if81zflv198yknwezfc4gq6of			false		false			false	false	
enwiki	revision	create	2001-01-27 19:30:44.0	*	7800319		LarrySanger											false						110	14	11948	George_W._Bush/Archive_2	George_W._Bush/Archive_2	1	false	1	false	false	false	2001-01-27 19:30:44.0	2001-01-27 19:30:44.0	1																					1275497543	0	false		false	2345	2345	feaoy4gkesef2ra01eud3jhhgx9ccmw			false		false			false	false	
enwiki	page	create	2001-01-27 19:30:44.0		7800319	194394	LarrySanger											false								11948	George_W._Bush/Archive_2	George_W._Bush/Archive_2	1	false	1	false	false	false	2001-01-27 19:30:44.0	2001-01-27 19:30:44.0																																							
enwiki	revision	create	2001-01-27 19:31:23.0	*	7800319		LarrySanger											false						111	39	11948	George_W._Bush/Archive_2	George_W._Bush/Archive_2	1	false	1	false	false	false	2001-01-27 19:30:44.0	2001-01-27 19:30:44.0	2	39																				1275497544	1275497543	false		false	2143	-202	c7n7rwvhw4novqugch4lohzg22h4rrc			false		false			false	false	
enwiki	revision	create	2001-01-27 19:32:06.0	*	7800319		LarrySanger											false						112	43	11842	GeorgeWBush	GeorgeWBush	0	true	0	true	true	false	2001-01-24 21:21:01.0	2001-01-24 21:21:01.0	7	96																				1275499507	1275499506	false		false	1504	0	e37fh4d8l1myn2sen7t2dr525sswhwk			false		true	1275499508	27	false	false	
enwiki	revision	create	2001-01-27 19:32:33.0	*	7800319		LarrySanger											false						113	27	11842	GeorgeWBush	GeorgeWBush	0	true	0	true	true	false	2001-01-24 21:21:01.0	2001-01-24 21:21:01.0	8	27																				1275499508	1275499507	false		false	1504	0	myi5i2if81zflv198yknwezfc4gq6of			false		false			true	false	
enwiki	page	create	2001-01-27 20:24:22.0		7792520	183098	JoshuaGrosse	JoshuaGrosse		nocreate,noemail,nousertalk					true	false	false	false	false	true	2008-09-05 20:14:59.0	2008-09-05 20:14:59.0	2001-01-22 07:11:28.0			11836	GermanicLanguages	GermanicLanguages	0	true	0	true	true	false	2001-01-27 20:24:22.0	2001-01-27 20:24:22.0																																							
enwiki	revision	create	2001-01-27 20:24:22.0	*	7792520	183098	JoshuaGrosse	JoshuaGrosse		nocreate,noemail,nousertalk					true	false	false	false	false	true	2008-09-05 20:14:59.0	2008-09-05 20:14:59.0	2001-01-22 07:11:28.0	29	41284	11836	GermanicLanguages	GermanicLanguages	0	true	0	true	true	false	2001-01-27 20:24:22.0	2001-01-27 20:24:22.0	1																					253518	0	true		false	539	539	m0fz58i5ngrmygmq4hxm9o7sn74e7uk			false		false			false	false	
enwiki	page	create	2001-01-27 20:35:34.0		7792520	183098	JoshuaGrosse	JoshuaGrosse		nocreate,noemail,nousertalk					true	false	false	false	false	true	2008-09-05 20:14:59.0	2008-09-05 20:14:59.0	2001-01-22 07:11:28.0			26624	SlavicLanguages	SlavicLanguages	0	true	0	true	true	false	2001-01-27 20:35:34.0	2001-01-27 20:35:34.0																																							
enwiki	revision	create	2001-01-27 20:35:34.0	*	7792520	183098	JoshuaGrosse	JoshuaGrosse		nocreate,noemail,nousertalk					true	false	false	false	false	true	2008-09-05 20:14:59.0	2008-09-05 20:14:59.0	2001-01-22 07:11:28.0	30	672	26624	SlavicLanguages	SlavicLanguages	0	true	0	true	true	false	2001-01-27 20:35:34.0	2001-01-27 20:35:34.0	1																					279684	0	false		false	435	435	py3bt1sxcb9jaqea7kvuj4cdalgdy17			false		false			false	false	
enwiki	revision	create	2001-01-27 20:39:49.0	Bush's daaughters turned 29 in nov I think	3684	36925666	BryceHarrington	BryceHarrington							false	false	false	false	false	true	2001-01-24 23:49:09.0		2001-01-24 23:49:09.0	27	6271	11842	GeorgeWBush	GeorgeWBush	0	true	0	true	true	false	2001-01-24 21:21:01.0	2001-01-24 21:21:01.0	9	4036																				1275499509	1275499508	false		false	1504	0	g6oyhvqvb5umlu0dajfa4ji0w2rq6kx			false		false			false	false	
enwiki	revision	create	2001-01-27 20:54:37.0	*	4938	37899085	TimShell	TimShell							false	false	false	false	false	true	2002-10-22 05:06:31.0		2001-01-27 06:32:24.0	22	44478	26964606	Austria	Austria	0	true	0	true	false	false	2010-04-15 12:22:08.0	2001-01-26 13:56:55.0	8	37494																				1320552760	1320552759	false		false	592	59	mpuaidcyx04dh8v6ercawk8k90g4e5n			false		false			false	true	
enwiki	revision	create	2001-01-27 20:55:55.0	*	4938	37899085	TimShell	TimShell							false	false	false	false	false	true	2002-10-22 05:06:31.0		2001-01-27 06:32:24.0	23	78	11842	GeorgeWBush	GeorgeWBush	0	true	0	true	true	false	2001-01-24 21:21:01.0	2001-01-24 21:21:01.0	10	966																				1275499510	1275499509	false		false	1504	0	l4pw359u1t3einw8lyo8y1t74r3odcg			false		false			false	false	
enwiki	revision	create	2001-01-27 21:17:16.0	Added more family member mentions	3684	36925666	BryceHarrington	BryceHarrington							false	false	false	false	false	true	2001-01-24 23:49:09.0		2001-01-24 23:49:09.0	28	2247	11842	GeorgeWBush	GeorgeWBush	0	true	0	true	true	false	2001-01-24 21:21:01.0	2001-01-24 21:21:01.0	11	1281																				1275499511	1275499510	false		false	1797	293	9bivofpv9gjs5fqo0al4txvsaf4h2lf			false		false			false	false	
enwiki	revision	create	2001-01-27 21:20:15.0	Fixing (c)'s	3684	36925666	BryceHarrington	BryceHarrington							false	false	false	false	false	true	2001-01-24 23:49:09.0		2001-01-24 23:49:09.0	29	179	5085	CityBerlin	CityBerlin	0	true	0	true	true	false	2001-01-26 00:30:03.0	2001-01-26 00:30:03.0	9	71646																				1269952183	1269952182	false		false	260	-4	pgrj2keh33qdkhhj6q9911vgna1comk			false		false			false	false	
enwiki	page	create	2001-01-27 21:49:15.0		7792520	183098	JoshuaGrosse	JoshuaGrosse		nocreate,noemail,nousertalk					true	false	false	false	false	true	2008-09-05 20:14:59.0	2008-09-05 20:14:59.0	2001-01-22 07:11:28.0			40	AfroAsiaticLanguages	AfroAsiaticLanguages	0	true	0	true	true	false	2001-01-27 21:49:15.0	2001-01-27 21:49:15.0																																							
enwiki	revision	create	2001-01-27 21:49:15.0	*	7792520	183098	JoshuaGrosse	JoshuaGrosse		nocreate,noemail,nousertalk					true	false	false	false	false	true	2008-09-05 20:14:59.0	2008-09-05 20:14:59.0	2001-01-22 07:11:28.0	31	4421	40	AfroAsiaticLanguages	AfroAsiaticLanguages	0	true	0	true	true	false	2001-01-27 21:49:15.0	2001-01-27 21:49:15.0	1																					233242	0	true		false	359	359	fzo7875pvk5w7hu9ixoeyiol8punv8n			false		false			false	false	
enwiki	revision	create	2001-01-27 21:56:01.0	*	7792520	183098	JoshuaGrosse	JoshuaGrosse		nocreate,noemail,nousertalk					true	false	false	false	false	true	2008-09-05 20:14:59.0	2008-09-05 20:14:59.0	2001-01-22 07:11:28.0	32	406	26756	Sino-Tibetan_languages	Sino-Tibetan_languages	0	true	0	true	false	false	2001-01-27 21:56:01.0	2001-01-27 21:56:01.0	1																					279686	0	false		false	230	230	80ujm30mohz0jwhut6hfvagctpcey63			false		false			false	false	
enwiki	page	create	2001-01-27 21:56:01.0		7792520	183098	JoshuaGrosse	JoshuaGrosse		nocreate,noemail,nousertalk					true	false	false	false	false	true	2008-09-05 20:14:59.0	2008-09-05 20:14:59.0	2001-01-22 07:11:28.0			26756	Sino-Tibetan_languages	Sino-Tibetan_languages	0	true	0	true	false	false	2001-01-27 21:56:01.0	2001-01-27 21:56:01.0																																							
enwiki	revision	create	2001-01-27 22:26:36.0	Organizing topics in "Jeffersonian" groupings (Memory/Reason/Imagination)	3684	36925666	BryceHarrington	BryceHarrington							false	false	false	false	false	true	2001-01-24 23:49:09.0		2001-01-24 23:49:09.0	30	3981	26323569	HomePage	HomePage	0	true	0	true	true	false	2010-02-24 14:25:49.0	2001-01-15 19:27:13.0	71	12678																				908493370	908493369	false		false	1499	87	ka0ksifqrryrau2xm5svvm05pa6lqow			false		true	986116384	623374492	false	true	
enwiki	revision	create	2001-01-27 22:39:48.0	*	4938	37899085	TimShell	TimShell							false	false	false	false	false	true	2002-10-22 05:06:31.0		2001-01-27 06:32:24.0	24	6233	22869	PapuaNewGuineA	PapuaNewGuineA	0	true	0	true	true	false	2001-01-27 22:39:48.0	2001-01-27 22:39:48.0	1																					272881	0	true		false	14396	14396	1stcyf25xoqwevfys806jo685csdp2a			false		false			false	false	
enwiki	page	create	2001-01-27 22:39:48.0		4938	37899085	TimShell	TimShell							false	false	false	false	false	true	2002-10-22 05:06:31.0		2001-01-27 06:32:24.0			22869	PapuaNewGuineA	PapuaNewGuineA	0	true	0	true	true	false	2001-01-27 22:39:48.0	2001-01-27 22:39:48.0																																							
enwiki	revision	create	2001-01-27 23:19:06.0	* (Sorry Bryce) Jefferson's categories make no sense to me.  We could try using Nupedia's supercategory scheme, though.  See http://www.nupedia.com/newsystem/production.phtml?instr=on	7800319		LarrySanger											false						114	13593	26323569	HomePage	HomePage	0	true	0	true	true	false	2010-02-24 14:25:49.0	2001-01-15 19:27:13.0	72	3150																				908493371	908493370	false		false	1446	-53	aa682d3duehtn311qyz94q8k3fimcnz			false		true	986116384	623371342	false	true	
enwiki	revision	create	2001-01-27 23:20:01.0	*	7800319		LarrySanger											false						115	55	26323569	HomePage	HomePage	0	true	0	true	true	false	2010-02-24 14:25:49.0	2001-01-15 19:27:13.0	73	55																				908493372	908493371	false		false	1446	0	goeztcrtn02tjvdjbktlhnfmkz7s2gi			false		true	986116384	623371287	false	true	
enwiki	revision	create	2001-01-27 23:21:06.0	*	7800319		LarrySanger											false						116	65	26323569	HomePage	HomePage	0	true	0	true	true	false	2010-02-24 14:25:49.0	2001-01-15 19:27:13.0	74	65																				908493373	908493372	false		false	1474	28	qv16tz4xl5udn9ilhh5ubis3yp5fucx			false		true	986116384	623371222	false	true	
enwiki	page	create	2001-01-28 00:18:25.0		7792520	183098	JoshuaGrosse	JoshuaGrosse		nocreate,noemail,nousertalk					true	false	false	false	false	true	2008-09-05 20:14:59.0	2008-09-05 20:14:59.0	2001-01-22 07:11:28.0			13177	HisTory	HisTory	0	true	0	true	true	false	2001-01-28 00:18:25.0	2001-01-28 00:18:25.0																																							
enwiki	revision	create	2001-01-28 00:18:25.0	*	7792520	183098	JoshuaGrosse	JoshuaGrosse		nocreate,noemail,nousertalk					true	false	false	false	false	true	2008-09-05 20:14:59.0	2008-09-05 20:14:59.0	2001-01-22 07:11:28.0	33	8544	13177	HisTory	HisTory	0	true	0	true	true	false	2001-01-28 00:18:25.0	2001-01-28 00:18:25.0	2	949531																				256066	256065	true		false	135	113	rck3qocxlo08vve8pdpmi6318omu6xp			false		false			false	false	
enwiki	revision	create	2001-01-28 00:18:55.0	*	7800319		LarrySanger											false						117	3469	29560537	Natural_Sciences	Natural_Sciences	0	true	0	true	true	false	2010-11-11 11:24:25.0	2001-01-28 00:18:55.0	1																					269607	0	false		false	243	243	16impc9vw4pq8ypu0lzc43fp9ohphqp			false		false			false	true	
enwiki	page	create	2001-01-28 00:23:41.0		7800319	194394	LarrySanger											false								26781	Social_sciences	Social_science	0	true	0	true	false	false	2001-01-28 00:23:41.0	2001-01-28 00:23:41.0																																							
enwiki	revision	create	2001-01-28 00:23:41.0	*	7800319		LarrySanger											false						118	286	26781	Social_sciences	Social_science	0	true	0	true	false	false	2001-01-28 00:23:41.0	2001-01-28 00:23:41.0	1																					279688	0	false		false	377	377	sm13yl4skwwfqrrfvoea6s1twzjghwo			false		false			false	false	
enwiki	revision	create	2001-01-28 00:26:34.0	*	11946842	6193647	CliffordAdams	CliffordAdams							false	false	true	false	false	true	2010-03-18 09:32:13.0	2010-03-18 09:32:14.0	2001-01-24 21:03:04.0	6	32258	26614	SnowBOARDING	SnowBOARDING	0	true	0	true	true	false	2001-01-26 02:06:22.0	2001-01-26 02:06:22.0	13	166812																				912080626	279664	false		false	130	111	dq9h8cwxq2w6rhf3jly0un1yatqup6f			false		false			false	false	
enwiki	user	create	2001-01-28 01:37:43.0		194203	745	Graham87											false	false	true																			49091280	77452850	Max1-25.hrz.uni-giessen.de	Max1-25.hrz.uni-giessen.de							false	false	true	false	false	true	2025-01-22 05:57:38.0	2025-01-22 05:57:39.0	2001-01-28 01:37:43.0																		
enwiki	revision	create	2001-01-28 01:37:43.0	*	49091280	77452850	Max1-25.hrz.uni-giessen.de	Max1-25.hrz.uni-giessen.de							false	false	true	false	false	true	2025-01-22 05:57:38.0	2025-01-22 05:57:39.0	2001-01-28 01:37:43.0	1		12281	Gottfried_Leibniz	Gottfried_Wilhelm_Leibniz	0	true	0	true	false	false	2001-01-25 11:24:19.0	2001-01-25 11:24:19.0	2	224004																				1271000588	1271000587	false		false	1023	933	h5hvkdp1294hgvfpkwtud1st63bh5jr			false		false			false	false	
enwiki	revision	create	2001-01-28 02:06:50.0	*	49091280	77452850	Max1-25.hrz.uni-giessen.de	Max1-25.hrz.uni-giessen.de							false	false	true	false	false	true	2025-01-22 05:57:38.0	2025-01-22 05:57:39.0	2001-01-28 01:37:43.0	2	1747	12281	Gottfried_Leibniz	Gottfried_Wilhelm_Leibniz	0	true	0	true	false	false	2001-01-25 11:24:19.0	2001-01-25 11:24:19.0	3	1747																				1271000589	1271000588	false		false	1891	868	oon5o7c10p47qw80mnsjoc4y2tvvras			false		false			false	false	
enwiki	user	create	2001-01-28 02:20:54.0		194203	745	Graham87											false	false	true																			11947712	6195050	Dial-09-76-apx-01.btvt.together.net	Dial-09-76-apx-01.btvt.together.net		nocreate					false	false	true	false	false	true	2010-03-18 12:34:18.0	2010-03-18 12:34:19.0	2001-01-28 02:20:54.0																		
enwiki	revision	create	2001-01-28 02:20:54.0	*	11947712	6195050	Dial-09-76-apx-01.btvt.together.net	Dial-09-76-apx-01.btvt.together.net		nocreate					false	false	true	false	false	true	2010-03-18 12:34:18.0	2010-03-18 12:34:19.0	2001-01-28 02:20:54.0	1		12281	Gottfried_Leibniz	Gottfried_Wilhelm_Leibniz	0	true	0	true	false	false	2001-01-25 11:24:19.0	2001-01-25 11:24:19.0	4	844																				1271000590	1271000589	false		false	1892	1	jlzwwxa4409h7f0mzopoo6clipvvs11			false		true	1271000591	30	false	false	
enwiki	revision	create	2001-01-28 02:21:11.0	*	99	37738155	RoseParks	RoseParks							false	false	false	false	false	true	2001-01-21 02:12:21.0		2001-01-18 06:07:37.0	16	346391	18745	MathematicalGrouP	MathematicalGrouP	0	true	0	true	true	false	2001-01-17 00:25:58.0	2001-01-17 00:25:58.0	19	151533																				1271963100	1271963097	false		false	3020	44	1yaeb81yv9r0f8y40sy0v37od8rtjnu			false		false			false	false	
enwiki	revision	create	2001-01-28 02:21:24.0	*	11947712	6195050	Dial-09-76-apx-01.btvt.together.net	Dial-09-76-apx-01.btvt.together.net		nocreate					false	false	true	false	false	true	2010-03-18 12:34:18.0	2010-03-18 12:34:19.0	2001-01-28 02:20:54.0	2	30	12281	Gottfried_Leibniz	Gottfried_Wilhelm_Leibniz	0	true	0	true	false	false	2001-01-25 11:24:19.0	2001-01-25 11:24:19.0	5	30																				1271000591	1271000590	false		false	1891	-1	oon5o7c10p47qw80mnsjoc4y2tvvras			false		false			true	false	
enwiki	revision	create	2001-01-28 02:22:49.0	*	99	37738155	RoseParks	RoseParks							false	false	false	false	false	true	2001-01-21 02:12:21.0		2001-01-18 06:07:37.0	17	98	18745	MathematicalGrouP	MathematicalGrouP	0	true	0	true	true	false	2001-01-17 00:25:58.0	2001-01-17 00:25:58.0	20	98																				1271963101	1271963100	false		false	3025	5	a6vy66dnwdj40rkntxzcnam95fatpcg			false		false			false	false	
enwiki	revision	create	2001-01-28 02:44:51.0	*	7800319		LarrySanger											false						119	8470	26323569	HomePage	HomePage	0	true	0	true	true	false	2010-02-24 14:25:49.0	2001-01-15 19:27:13.0	75	12225																				908493374	908493373	false		false	1506	32	n7rfcs6eqideb5nobytifu2wq3d4rip			false		true	986116384	623358997	false	true	
enwiki	revision	create	2001-01-28 02:46:11.0	*	7800319		LarrySanger											false						120	80	26323569	HomePage	HomePage	0	true	0	true	true	false	2010-02-24 14:25:49.0	2001-01-15 19:27:13.0	76	80																				908493375	908493374	false		false	1524	18	0r2tigjvmvdawoigbizhchduzhbudwe			false		true	986116384	623358917	false	true	
enwiki	revision	create	2001-01-28 02:50:26.0	*	11947712	6195050	Dial-09-76-apx-01.btvt.together.net	Dial-09-76-apx-01.btvt.together.net		nocreate					false	false	true	false	false	true	2010-03-18 12:34:18.0	2010-03-18 12:34:19.0	2001-01-28 02:20:54.0	3	1742	8574	Tao_Te_Ching	Tao_Te_Ching	0	true	0	true	false	false	2001-01-19 01:46:12.0	2001-01-19 01:46:12.0	4	714762																				1297130654	1297130653	false		false	2800	23	6ggz8k0sjmf40eaiq9uk66adsktk5x3			false		false			false	false	
enwiki	revision	create	2001-01-28 02:51:02.0	*	11947712	6195050	Dial-09-76-apx-01.btvt.together.net	Dial-09-76-apx-01.btvt.together.net		nocreate					false	false	true	false	false	true	2010-03-18 12:34:18.0	2010-03-18 12:34:19.0	2001-01-28 02:20:54.0	4	36	8574	Tao_Te_Ching	Tao_Te_Ching	0	true	0	true	false	false	2001-01-19 01:46:12.0	2001-01-19 01:46:12.0	5	36																				1297130655	1297130654	false		false	2799	-1	fz11wthqsiiswluvmblrrf0j3dwdrz0			false		false			false	false	
enwiki	revision	create	2001-01-28 02:51:05.0	*	7800319		LarrySanger											false						121	294	32840	WikiPedia	WikiPedia	0	true	0	true	true	false	2001-01-15 19:52:32.0	2001-01-15 19:52:32.0	16	68961																				294243	294242	false		false	683	53	5nx34vuyo3r75cy091a55tsf9lnvvsz			false		false			false	false	
enwiki	page	create	2001-01-28 03:57:27.0		4938	37899085	TimShell	TimShell							false	false	false	false	false	true	2002-10-22 05:06:31.0		2001-01-27 06:32:24.0			18989	Merlot	Merlot	0	true	0	true	false	false	2001-01-28 03:57:27.0	2001-01-28 03:57:27.0																																							
enwiki	revision	create	2001-01-28 03:57:27.0	*	4938	37899085	TimShell	TimShell							false	false	false	false	false	true	2002-10-22 05:06:31.0		2001-01-27 06:32:24.0	25	19059	18989	Merlot	Merlot	0	true	0	true	false	false	2001-01-28 03:57:27.0	2001-01-28 03:57:27.0	1																					761877336	0	true		false	214	214	r9y1gbpsvqa27fy0d0do4w7ef84yenj			false		false			false	false	
enwiki	revision	create	2001-01-28 04:44:58.0	*	7800357	194415	AyeSpy	AyeSpy		nocreate,noemail,nousertalk					false	true	false	false	false	true	2008-09-07 01:37:15.0	2008-09-07 01:37:15.0	2001-01-19 01:10:38.0	25	88700	8574	Tao_Te_Ching	Tao_Te_Ching	0	true	0	true	false	false	2001-01-19 01:46:12.0	2001-01-19 01:46:12.0	6	6836																				1297130656	1297130655	false		false	2809	10	fuq7pi3g62flp82q9gft2trdxzlj7bb			false		false			false	false	
enwiki	revision	create	2001-01-28 04:56:25.0	*notation change	49098842	77463932	Ool-18be39ba.dyn.optonline.net	Ool-18be39ba.dyn.optonline.net							false	false	true	false	false	true	2025-01-23 11:03:54.0	2025-01-23 11:03:54.0	2001-01-28 04:56:25.0	1		18745	MathematicalGrouP	MathematicalGrouP	0	true	0	true	true	false	2001-01-17 00:25:58.0	2001-01-17 00:25:58.0	21	9216																				1271963102	1271963101	false		false	3031	6	eklepjyd2ak3m2m0sfadlr7id0zljfm			false		false			false	false	
enwiki	user	create	2001-01-28 04:56:25.0		194203	745	Graham87											false	false	true																			49098842	77463932	Ool-18be39ba.dyn.optonline.net	Ool-18be39ba.dyn.optonline.net							false	false	true	false	false	true	2025-01-23 11:03:54.0	2025-01-23 11:03:54.0	2001-01-28 04:56:25.0																		
enwiki	user	create	2001-01-28 05:09:16.0		194203	745	Graham87											false	false	true																			9003117	1920346	PhillipHankins	PhillipHankins							false	false	true	false	false	true	2009-02-17 04:52:07.0	2009-02-17 04:52:08.0	2001-01-28 05:09:16.0																		
enwiki	revision	create	2001-01-28 05:09:16.0	*speelling fix	9003117	1920346	PhillipHankins	PhillipHankins							false	false	true	false	false	true	2009-02-17 04:52:07.0	2009-02-17 04:52:08.0	2001-01-28 05:09:16.0	1		9969298	NamingConventions	NamingConventions	0	true	0	true	true	false	2016-11-02 00:45:25.0	2001-01-16 21:13:06.0	19	121693																				1264752859	1264752858	false		false	7451	-1	o933covx745dtmz4srb9zcv3fua2urb			false		false			false	true	
enwiki	revision	create	2001-01-28 05:47:45.0	Alternative for some single words	9003117	1920346	PhillipHankins	PhillipHankins							false	false	true	false	false	true	2009-02-17 04:52:07.0	2009-02-17 04:52:08.0	2001-01-28 05:09:16.0	2	2309	9969298	NamingConventions	NamingConventions	0	true	0	true	true	false	2016-11-02 00:45:25.0	2001-01-16 21:13:06.0	20	2309																				1264752861	1264752859	false		false	8303	852	lcwhelscy2sleoxs6wt7m73owr7gq08			false		false			false	true	
enwiki	revision	create	2001-01-28 05:54:15.0	*	9003117	1920346	PhillipHankins	PhillipHankins							false	false	true	false	false	true	2009-02-17 04:52:07.0	2009-02-17 04:52:08.0	2001-01-28 05:09:16.0	3	390	21572625	PhillipHankins	PhillipHankins	2	false	2	false	false	false	2009-02-17 04:51:18.0	2001-01-28 05:54:15.0	1																					272882	0	false		false	188	188	ifcv28iia8i6oskn295oaz3qx3dkolg			false		false			false	true	
enwiki	revision	create	2001-01-28 06:03:26.0	*	7792520	183098	JoshuaGrosse	JoshuaGrosse		nocreate,noemail,nousertalk					true	false	false	false	false	true	2008-09-05 20:14:59.0	2008-09-05 20:14:59.0	2001-01-22 07:11:28.0	34	20701	12281	Gottfried_Leibniz	Gottfried_Wilhelm_Leibniz	0	true	0	true	false	false	2001-01-25 11:24:19.0	2001-01-25 11:24:19.0	6	13322																				1271000592	1271000591	false		false	1885	-6	az3halrr4qlevsbhht9lqu8qnhko1i0			false		false			false	false	
enwiki	revision	create	2001-01-28 06:20:19.0	*	7792520	183098	JoshuaGrosse	JoshuaGrosse		nocreate,noemail,nousertalk					true	false	false	false	false	true	2008-09-05 20:14:59.0	2008-09-05 20:14:59.0	2001-01-22 07:11:28.0	35	1013	9969298	NamingConventions	NamingConventions	0	true	0	true	true	false	2016-11-02 00:45:25.0	2001-01-16 21:13:06.0	21	1954																				1264752862	1264752861	false		false	8721	418	3aj59v3tu52ddwequ2dfeb3r5zl7lf2			false		false			false	true	
enwiki	revision	create	2001-01-28 06:30:08.0	*	7792520	183098	JoshuaGrosse	JoshuaGrosse		nocreate,noemail,nousertalk					true	false	false	false	false	true	2008-09-05 20:14:59.0	2008-09-05 20:14:59.0	2001-01-22 07:11:28.0	36	589	18740	MathematicsAndStatistics	MathematicsAndStatistics	0	true	0	true	true	false	2001-01-16 18:54:55.0	2001-01-16 18:54:55.0	13	423631																				1271656196	1271656195	false		false	310	0	30p1srmodx11egaacexzv1q15shagcl			false		false			false	false	
enwiki	revision	create	2001-01-28 06:31:49.0	*	7792520	183098	JoshuaGrosse	JoshuaGrosse		nocreate,noemail,nousertalk					true	false	false	false	false	true	2008-09-05 20:14:59.0	2008-09-05 20:14:59.0	2001-01-22 07:11:28.0	37	101	18740	MathematicsAndStatistics	MathematicsAndStatistics	0	true	0	true	true	false	2001-01-16 18:54:55.0	2001-01-16 18:54:55.0	14	101																				1271656197	1271656196	false		false	327	17	rjy2v3md4p3uiyiyi4i06q054f5b5b5			false		false			false	false	
enwiki	revision	create	2001-01-28 06:43:35.0		9003117	1920346	PhillipHankins	PhillipHankins							false	false	true	false	false	true	2009-02-17 04:52:07.0	2009-02-17 04:52:08.0	2001-01-28 05:09:16.0	4	2960		CulTure		0	true																												241106		false		false	960	960	1t50kich38qq4jv5ulpniach9jz0hhg			true	2001-01-28 06:43:35.0	false			false	false	
enwiki	page	create	2001-01-28 06:47:17.0		7792520	183098	JoshuaGrosse	JoshuaGrosse		nocreate,noemail,nousertalk					true	false	false	false	false	true	2008-09-05 20:14:59.0	2008-09-05 20:14:59.0	2001-01-22 07:11:28.0			18768	ManiFold	ManiFold	0	true	0	true	true	false	2001-01-28 06:47:17.0	2001-01-28 06:47:17.0																																							
enwiki	revision	create	2001-01-28 06:47:17.0	*	7792520	183098	JoshuaGrosse	JoshuaGrosse		nocreate,noemail,nousertalk					true	false	false	false	false	true	2008-09-05 20:14:59.0	2008-09-05 20:14:59.0	2001-01-22 07:11:28.0	38	928	18768	ManiFold	ManiFold	0	true	0	true	true	false	2001-01-28 06:47:17.0	2001-01-28 06:47:17.0	1																					265550	0	false		false	1201	1201	lfzhsz0ke1r36ye2fi3pz35asrp3so3			false		false			false	false	
enwiki	revision	create	2001-01-28 06:57:46.0	*	9003117	1920346	PhillipHankins	PhillipHankins							false	false	true	false	false	true	2009-02-17 04:52:07.0	2009-02-17 04:52:08.0	2001-01-28 05:09:16.0	5	851	17483	LojbanLanguage	LojbanLanguage	0	true	0	true	true	false	2001-01-28 06:57:46.0	2001-01-28 06:57:46.0	1																					263231	0	true		false	243	243	fczu21pk4dey66dmb8pe933zksw6qfi			false		false			false	false	
enwiki	page	create	2001-01-28 06:57:46.0		9003117	1920346	PhillipHankins	PhillipHankins							false	false	true	false	false	true	2009-02-17 04:52:07.0	2009-02-17 04:52:08.0	2001-01-28 05:09:16.0			17483	LojbanLanguage	LojbanLanguage	0	true	0	true	true	false	2001-01-28 06:57:46.0	2001-01-28 06:57:46.0																																							
enwiki	revision	create	2001-01-28 08:12:36.0	*	7800319		LarrySanger											false						122	19291	32942	Announcements	Milestones	4	false	4	false	false	false	2001-01-21 23:32:56.0	2001-01-21 23:32:56.0	12	120454																				1066656649	1066656648	false		false	844	123	smvc4kim0nt01exesea814ggiznb2q1			false		false			false	false	
enwiki	revision	create	2001-01-28 08:14:02.0	*	7792520	183098	JoshuaGrosse	JoshuaGrosse		nocreate,noemail,nousertalk					true	false	false	false	false	true	2008-09-05 20:14:59.0	2008-09-05 20:14:59.0	2001-01-22 07:11:28.0	39	5205	21132385	BrilliantProse	Historical_archive/Brilliant_prose/BrilliantProse	0	true	4	false	false	false	2011-06-01 23:47:13.0	2001-01-21 23:53:53.0	6	126084																				1042543702	1042543701	false		false	615	11	f6ft4337koiworfrdytohsoqd38yuq4			false		false			false	true	
enwiki	revision	create	2001-01-28 08:22:29.0	*	7800319		LarrySanger											false						123	593	26323569	HomePage	HomePage	0	true	0	true	true	false	2010-02-24 14:25:49.0	2001-01-15 19:27:13.0	77	20178																				908493376	908493375	false		false	1655	131	jq44arf2veeujr70c0xne4zzp3ljzt4			false		true	986116384	623338739	false	true	
enwiki	revision	create	2001-01-28 08:46:00.0	*	7800319		LarrySanger											false						124	1411	26666560	ReLigion	ReLigion	0	true	0	true	true	false	2021-05-12 22:47:09.0	2001-01-18 04:39:07.0	14	377906																				1268354478	1268354477	false		false	596	20	pxirdsw5lg7mdvam3hys3cea4w6izya			false		false			false	true	
enwiki	page	create	2001-01-28 09:29:42.0		3684	36925666	BryceHarrington	BryceHarrington							false	false	false	false	false	true	2001-01-24 23:49:09.0		2001-01-24 23:49:09.0			290	HAGGÆR­??	A	0	true	0	true	false	false	2001-01-28 09:29:42.0	2001-01-28 09:29:42.0																																							
enwiki	revision	create	2001-01-28 09:29:42.0	The Letter A, Compliments of EB and PG	3684	36925666	BryceHarrington	BryceHarrington							false	false	false	false	false	true	2001-01-24 23:49:09.0		2001-01-24 23:49:09.0	31	39786	290	HAGGÆR­??	A	0	true	0	true	false	false	2001-01-28 09:29:42.0	2001-01-28 09:29:42.0	1																					1286688345	0	false		false	6542	6542	cgfz23f4i1rcc9qgf97n8cxoqy7yhxt			false		false			false	false	
enwiki	page	create	2001-01-28 09:31:09.0		3684	36925666	BryceHarrington	BryceHarrington							false	false	false	false	false	true	2001-01-24 23:49:09.0		2001-01-24 23:49:09.0			696	Aa_River	Aa_River	0	true	0	true	true	false	2001-01-28 09:31:09.0	2001-01-28 09:31:09.0																																							
enwiki	revision	create	2001-01-28 09:31:09.0	The AA River, Compliments of EB and PG	3684	36925666	BryceHarrington	BryceHarrington							false	false	false	false	false	true	2001-01-24 23:49:09.0		2001-01-24 23:49:09.0	32	87	696	Aa_River	Aa_River	0	true	0	true	true	false	2001-01-28 09:31:09.0	2001-01-28 09:31:09.0	1																					1271272389	0	false		false	971	971	fwfjjtmj43tnv79g3iq0olrww1ciej3			false		false			false	false	
enwiki	revision	create	2001-01-28 09:32:42.0	The Aardvark, Compliments of EB and PG	3684	36925666	BryceHarrington	BryceHarrington							false	false	false	false	false	true	2001-01-24 23:49:09.0		2001-01-24 23:49:09.0	33	93	17663450	AardvarK	AardvarK	0	true	0	true	true	false	2008-05-29 02:01:04.0	2001-01-28 09:32:42.0	1																					233244	0	false		false	1761	1761	8dmu35aa8d1i957mqqjq2cuhcsmawyn			false		false			false	true	
enwiki	revision	create	2001-01-28 09:34:50.0		3684	36925666	BryceHarrington	BryceHarrington							false	false	false	false	false	true	2001-01-24 23:49:09.0		2001-01-24 23:49:09.0	34	128		AaroN		0	true																												834709590		false		false	5709	5709	jp0h288ro3jlsl4g4w6760r8n5yiaha			true	2001-01-28 09:34:50.0	false			false	false	
enwiki	revision	create	2001-01-28 09:37:02.0	Gnats one, perl too...  I'm counting on you...  The Abacus, Compliments of EB and PG	3684	36925666	BryceHarrington	BryceHarrington							false	false	false	false	false	true	2001-01-24 23:49:09.0		2001-01-24 23:49:09.0	35	132	46	AbacuS	AbacuS	0	true	0	true	true	false	2001-01-28 09:37:02.0	2001-01-28 09:37:02.0	1																					233247	0	false		false	4244	4244	t3lzwfh2xsm18g76p5w4fhhc4qjx3gz			false		false			false	false	
enwiki	page	create	2001-01-28 09:37:02.0		3684	36925666	BryceHarrington	BryceHarrington							false	false	false	false	false	true	2001-01-24 23:49:09.0		2001-01-24 23:49:09.0			46	AbacuS	AbacuS	0	true	0	true	true	false	2001-01-28 09:37:02.0	2001-01-28 09:37:02.0																																							
enwiki	revision	create	2001-01-28 09:38:56.0	I had scallops for dinner tonight; wonder what Abalone taste like...?  Compliments of EB and PG	3684	36925666	BryceHarrington	BryceHarrington							false	false	false	false	false	true	2001-01-24 23:49:09.0		2001-01-24 23:49:09.0	36	114	47	AbalonE	AbalonE	0	true	0	true	true	false	2001-01-28 09:38:56.0	2001-01-28 09:38:56.0	1																					233248	0	false		false	782	782	34lo30l0gnvn5su8ryabmzc5kp290w0			false		false			false	false	
enwiki	page	create	2001-01-28 09:38:56.0		3684	36925666	BryceHarrington	BryceHarrington							false	false	false	false	false	true	2001-01-24 23:49:09.0		2001-01-24 23:49:09.0			47	AbalonE	AbalonE	0	true	0	true	true	false	2001-01-28 09:38:56.0	2001-01-28 09:38:56.0																																							
enwiki	revision	create	2001-01-28 09:42:50.0	I'd be loving some margin for some of these...  Compliments of EB and PG	3684	36925666	BryceHarrington	BryceHarrington							false	false	false	false	false	true	2001-01-24 23:49:09.0		2001-01-24 23:49:09.0	37	234	49	AbbesS	AbbesS	0	true	0	true	true	false	2001-01-28 09:42:50.0	2001-01-28 09:42:50.0	1																					233250	0	false		false	2227	2227	gt5ity0ekjdcjtuefz44g8sktmobm1x			false		false			false	false	
enwiki	page	create	2001-01-28 09:42:50.0		3684	36925666	BryceHarrington	BryceHarrington							false	false	false	false	false	true	2001-01-24 23:49:09.0		2001-01-24 23:49:09.0			49	AbbesS	AbbesS	0	true	0	true	true	false	2001-01-28 09:42:50.0	2001-01-28 09:42:50.0																																							
enwiki	page	create	2001-01-28 09:44:04.0		3684	36925666	BryceHarrington	BryceHarrington							false	false	false	false	false	true	2001-01-24 23:49:09.0		2001-01-24 23:49:09.0			50	AbbevilleFrance	AbbevilleFrance	0	true	0	true	true	false	2001-01-28 09:44:04.0	2001-01-28 09:44:04.0																																							
enwiki	revision	create	2001-01-28 09:44:04.0	This one should be added to the FrancE page.  Compliments of EB and PG	3684	36925666	BryceHarrington	BryceHarrington							false	false	false	false	false	true	2001-01-24 23:49:09.0		2001-01-24 23:49:09.0	38	74	50	AbbevilleFrance	AbbevilleFrance	0	true	0	true	true	false	2001-01-28 09:44:04.0	2001-01-28 09:44:04.0	1																					233251	0	false		false	2614	2614	52zqn6cq9wu002bxccingmxye5ppygj			false		false			false	false	
enwiki	page	create	2001-01-28 09:47:06.0		3684	36925666	BryceHarrington	BryceHarrington							false	false	false	false	false	true	2001-01-24 23:49:09.0		2001-01-24 23:49:09.0			51	AbbeY	AbbeY	0	true	0	true	true	false	2001-01-28 09:47:06.0	2001-01-28 09:47:06.0																																							
enwiki	revision	create	2001-01-28 09:47:06.0	Oh... My... God.  Someone had MUCH to say about abbeys.  Compliments of EB and PG	3684	36925666	BryceHarrington	BryceHarrington							false	false	false	false	false	true	2001-01-24 23:49:09.0		2001-01-24 23:49:09.0	39	182	51	AbbeY	AbbeY	0	true	0	true	true	false	2001-01-28 09:47:06.0	2001-01-28 09:47:06.0	1																					233253	0	false		false	2	2	d9djsoiy1tv4u1g6270onnoihttadwu			false		false			false	false	
enwiki	revision	create	2001-01-28 09:56:23.0	Please link Abbot and other topics into appropriate pages.  Compliments EB and PG			dsl081-018-202-sea1.dsl-isp.net	dsl081-018-202-sea1.dsl-isp.net										true								52											1																					233255	0	false		false	21845	21845	n8xfxig0i4tgen1hs6dnt66jvbluw10			false		false			false	false	
enwiki	revision	create	2001-01-28 09:57:08.0	*	4938	37899085	TimShell	TimShell							false	false	false	false	false	true	2002-10-22 05:06:31.0		2001-01-27 06:32:24.0	26	21581	336	Altruism	Altruism	0	true	0	true	false	false	2001-01-21 23:11:31.0	2001-01-21 23:11:31.0	14	107881																				1320694260	1320694259	false		false	3934	-1	0nfielk14m15lq1u8uvgsuwr9v7t10o			false		false			false	false	
enwiki	revision	create	2001-01-28 10:25:23.0	*	4938	37899085	TimShell	TimShell							false	false	false	false	false	true	2002-10-22 05:06:31.0		2001-01-27 06:32:24.0	27	1695	18951386	Atlas_Shrugged	Atlas_Shrugged	0	true	0	true	false	false	2008-08-20 18:40:47.0	2001-01-28 10:25:23.0	1																					854308882	0	false		false	1333	1333	lhifb8b04v4u2wci89tybngfymdrpkm			false		false			false	true	
enwiki	revision	create	2001-01-28 10:25:54.0	*	4938	37899085	TimShell	TimShell							false	false	false	false	false	true	2002-10-22 05:06:31.0		2001-01-27 06:32:24.0	28	31	18951386	Atlas_Shrugged	Atlas_Shrugged	0	true	0	true	false	false	2008-08-20 18:40:47.0	2001-01-28 10:25:23.0	2	31																				854308883	854308882	false		false	1338	5	ahqtafdy2sydyeijtcxks896rvv6cve			false		false			false	true	
enwiki	revision	create	2001-01-28 10:26:49.0	*	4938	37899085	TimShell	TimShell							false	false	false	false	false	true	2002-10-22 05:06:31.0		2001-01-27 06:32:24.0	29	55	18951386	Atlas_Shrugged	Atlas_Shrugged	0	true	0	true	false	false	2008-08-20 18:40:47.0	2001-01-28 10:25:23.0	3	55																				854308884	854308883	false		false	1350	12	q8jpxcc21myir3abestr0semuogsc1n			false		false			false	true	
enwiki	revision	create	2001-01-28 10:28:15.0	*	4938	37899085	TimShell	TimShell							false	false	false	false	false	true	2002-10-22 05:06:31.0		2001-01-27 06:32:24.0	30	86	18951386	Atlas_Shrugged	Atlas_Shrugged	0	true	0	true	false	false	2008-08-20 18:40:47.0	2001-01-28 10:25:23.0	4	86																				854308885	854308884	false		false	1372	22	ib4my6j2n1ikvd71mavwwgnumbm6rf3			false		false			false	true	
enwiki	revision	create	2001-01-28 10:28:40.0	*	4938	37899085	TimShell	TimShell							false	false	false	false	false	true	2002-10-22 05:06:31.0		2001-01-27 06:32:24.0	31	25	18951386	Atlas_Shrugged	Atlas_Shrugged	0	true	0	true	false	false	2008-08-20 18:40:47.0	2001-01-28 10:25:23.0	5	25																				854308886	854308885	false		false	1377	5	jmsqijek5mvpayro5rfx5b0lcie3hfb			false		false			false	true	
enwiki	revision	create	2001-01-28 10:29:05.0	*	4938	37899085	TimShell	TimShell							false	false	false	false	false	true	2002-10-22 05:06:31.0		2001-01-27 06:32:24.0	32	25	18951386	Atlas_Shrugged	Atlas_Shrugged	0	true	0	true	false	false	2008-08-20 18:40:47.0	2001-01-28 10:25:23.0	6	25																				854308887	854308886	false		false	1377	0	o0mps86v81xwpvx396zqyf44d8fuw07			false		false			false	true	
enwiki	revision	create	2001-01-28 10:29:28.0	*	4938	37899085	TimShell	TimShell							false	false	false	false	false	true	2002-10-22 05:06:31.0		2001-01-27 06:32:24.0	33	23	18951386	Atlas_Shrugged	Atlas_Shrugged	0	true	0	true	false	false	2008-08-20 18:40:47.0	2001-01-28 10:25:23.0	7	23																				854308888	854308887	false		false	1378	1	kenjjhmi2bnuph4jwokajmmxbye2qvt			false		false			false	true	
enwiki	revision	create	2001-01-28 10:30:08.0	*	4938	37899085	TimShell	TimShell							false	false	false	false	false	true	2002-10-22 05:06:31.0		2001-01-27 06:32:24.0	34	40	18951386	Atlas_Shrugged	Atlas_Shrugged	0	true	0	true	false	false	2008-08-20 18:40:47.0	2001-01-28 10:25:23.0	8	40																				854308889	854308888	false		false	1422	44	lh2sdauqecibswf137c6cazlwrgfb4m			false		false			false	true	
enwiki	revision	create	2001-01-28 10:30:31.0	*	4938	37899085	TimShell	TimShell							false	false	false	false	false	true	2002-10-22 05:06:31.0		2001-01-27 06:32:24.0	35	23	18951386	Atlas_Shrugged	Atlas_Shrugged	0	true	0	true	false	false	2008-08-20 18:40:47.0	2001-01-28 10:25:23.0	9	23																				854308890	854308889	false		false	1427	5	m2qh10hw145sy84mprq60443abecj81			false		false			false	true	
enwiki	revision	create	2001-01-28 12:23:28.0	*	11946389	6192944	CalvinOstrum	CalvinOstrum							false	false	true	false	false	true	2010-03-18 07:51:54.0	2010-03-18 07:51:56.0	2001-01-27 06:35:08.0	2	107300	21089	NirvanaBuddhism	NirvanaBuddhism	0	true	0	true	true	false	2001-01-28 12:23:28.0	2001-01-28 12:23:28.0	1																					269604	0	false		false	2185	2185	bu0a5oto6dy3fc5yak1n3dufl2j3sh6			false		false			false	false	
enwiki	page	create	2001-01-28 12:23:28.0		11946389	6192944	CalvinOstrum	CalvinOstrum							false	false	true	false	false	true	2010-03-18 07:51:54.0	2010-03-18 07:51:56.0	2001-01-27 06:35:08.0			21089	NirvanaBuddhism	NirvanaBuddhism	0	true	0	true	true	false	2001-01-28 12:23:28.0	2001-01-28 12:23:28.0																																							
enwiki	revision	create	2001-01-28 13:32:20.0	*	7792520	183098	JoshuaGrosse	JoshuaGrosse		nocreate,noemail,nousertalk					true	false	false	false	false	true	2008-09-05 20:14:59.0	2008-09-05 20:14:59.0	2001-01-22 07:11:28.0	40	19098	29694	TheIliad	TheIliad	0	true	0	true	true	false	2001-01-28 13:32:20.0	2001-01-28 13:32:20.0	1																					286386	0	true		false	70	70	5wecxuttg6dizhf43mb93lk7qxe5p9f			false		false			false	false	
enwiki	page	create	2001-01-28 13:32:20.0		7792520	183098	JoshuaGrosse	JoshuaGrosse		nocreate,noemail,nousertalk					true	false	false	false	false	true	2008-09-05 20:14:59.0	2008-09-05 20:14:59.0	2001-01-22 07:11:28.0			29694	TheIliad	TheIliad	0	true	0	true	true	false	2001-01-28 13:32:20.0	2001-01-28 13:32:20.0																																							
enwiki	revision	create	2001-01-28 14:17:11.0	*	12044602	6337173	Www.donaufeld.sth.ac.at	Www.donaufeld.sth.ac.at		nocreate					false	false	true	false	false	true	2010-03-31 11:04:10.0	2010-03-31 11:04:12.0	2001-01-27 01:01:58.0	4	133851	8099	Dave_Grohl	Dave_Grohl	0	true	0	true	false	false	2001-01-26 16:26:08.0	2001-01-26 16:26:08.0	2	165063																				1324236681	1324236680	false		false	173	4	40cj2qvbzri8kmm7oqpj7h5kq6ea9hq			false		false			false	false	
enwiki	revision	create	2001-01-28 14:18:28.0	*	7792520	183098	JoshuaGrosse	JoshuaGrosse		nocreate,noemail,nousertalk					true	false	false	false	false	true	2008-09-05 20:14:59.0	2008-09-05 20:14:59.0	2001-01-22 07:11:28.0	41	2768	34397	ZeuS	ZeuS	0	true	0	true	true	false	2001-01-28 14:18:28.0	2001-01-28 14:18:28.0	1																					298379	0	true		false	99	99	d7dgzhkdnkblda5c2eu3ipof24lt4je			false		false			false	false	
enwiki	page	create	2001-01-28 14:18:28.0		7792520	183098	JoshuaGrosse	JoshuaGrosse		nocreate,noemail,nousertalk					true	false	false	false	false	true	2008-09-05 20:14:59.0	2008-09-05 20:14:59.0	2001-01-22 07:11:28.0			34397	ZeuS	ZeuS	0	true	0	true	true	false	2001-01-28 14:18:28.0	2001-01-28 14:18:28.0																																							
enwiki	revision	create	2001-01-28 15:36:50.0	*			www.donaufeld.sth.ac.at	www.donaufeld.sth.ac.at										true								55866											1																					292864	212295	false		false	142	-3961	n06akx8r3ue3whpq3qf5hf9bj74tvto			false		false			false	false	
enwiki	revision	create	2001-01-28 15:40:14.0		7792520	183098	JoshuaGrosse	JoshuaGrosse		nocreate,noemail,nousertalk					true	false	false	false	false	true	2008-09-05 20:14:59.0	2008-09-05 20:14:59.0	2001-01-22 07:11:28.0	42	4906		EuropA		0	true																												248616		true		false	199	199	nfgac3snwxszqrtn4eh2jpspvyxoy0c			true	2001-01-28 15:40:14.0	false			false	false	
enwiki	revision	create	2001-01-28 16:04:57.0	*	11946842	6193647	CliffordAdams	CliffordAdams							false	false	true	false	false	true	2010-03-18 09:32:13.0	2010-03-18 09:32:14.0	2001-01-24 21:03:04.0	7	56303	21089	NirvanaBuddhism	NirvanaBuddhism	0	true	0	true	true	false	2001-01-28 12:23:28.0	2001-01-28 12:23:28.0	2	13289																				269605	269604	false		false	2770	585	o308pbnupr6v2s9rvxbrdg71sbtbzyj			false		false			false	false	
enwiki	revision	create	2001-01-28 16:06:30.0	Added PaliCanon, Google, adherents.com	11946842	6193647	CliffordAdams	CliffordAdams							false	false	true	false	false	true	2010-03-18 09:32:13.0	2010-03-18 09:32:14.0	2001-01-24 21:03:04.0	8	93	26666560	ReLigion	ReLigion	0	true	0	true	true	false	2021-05-12 22:47:09.0	2001-01-18 04:39:07.0	15	26430																				1268354479	1268354478	false		false	892	296	91x953ke27l5jv45da0vu98iqc8r8hj			false		false			false	true	
enwiki	revision	create	2001-01-28 19:13:55.0	*	3684	36925666	BryceHarrington	BryceHarrington							false	false	false	false	false	true	2001-01-24 23:49:09.0		2001-01-24 23:49:09.0	40	34009	18951386	Atlas_Shrugged	Atlas_Shrugged	0	true	0	true	false	false	2008-08-20 18:40:47.0	2001-01-28 10:25:23.0	10	31404																				854308891	854308890	false		false	1426	-1	sflxjjx3e0s1lfvmxscnvugajc0la1i			false		false			false	true	
enwiki	user	create	2001-01-28 19:43:18.0		194203	745	Graham87											false	false	true																			49004116	77323370	213 21 35 47.surf-callino.de	213 21 35 47.surf-callino.de							false	false	true	false	false	true	2025-01-05 09:54:40.0	2025-01-05 09:54:41.0	2001-01-28 19:43:18.0																		
enwiki	revision	create	2001-01-28 19:43:18.0	*	49004116	77323370	213 21 35 47.surf-callino.de	213 21 35 47.surf-callino.de							false	false	true	false	false	true	2025-01-05 09:54:40.0	2025-01-05 09:54:41.0	2001-01-28 19:43:18.0	1		23579	Photoelectric_effect	Photoelectric_effect	0	true	0	true	false	false	2001-01-27 18:44:42.0	2001-01-27 18:44:42.0	2	89916																				1267492105	1267492104	false		false	169	-9437	knatcitc6mnafakrr1unr5kkmrflw0o			false		false			false	false	
enwiki	page	create	2001-01-28 20:49:02.0		7792520	183098	JoshuaGrosse	JoshuaGrosse		nocreate,noemail,nousertalk					true	false	false	false	false	true	2008-09-05 20:14:59.0	2008-09-05 20:14:59.0	2001-01-22 07:11:28.0			9569	Endomorphism	Endomorphism	0	true	0	true	false	false	2001-01-28 20:49:02.0	2001-01-28 20:49:02.0																																							
enwiki	revision	create	2001-01-28 20:49:02.0	*	7792520	183098	JoshuaGrosse	JoshuaGrosse		nocreate,noemail,nousertalk					true	false	false	false	false	true	2008-09-05 20:14:59.0	2008-09-05 20:14:59.0	2001-01-22 07:11:28.0	43	18528	9569	Endomorphism	Endomorphism	0	true	0	true	false	false	2001-01-28 20:49:02.0	2001-01-28 20:49:02.0	1																					248622	0	true		false	92	92	6i6l3cyguyub4aaq6m6erl5de3ulev4			false		false			false	false	
enwiki	revision	create	2001-01-28 20:59:59.0	*	7792520	183098	JoshuaGrosse	JoshuaGrosse		nocreate,noemail,nousertalk					true	false	false	false	false	true	2008-09-05 20:14:59.0	2008-09-05 20:14:59.0	2001-01-22 07:11:28.0	44	657	18745	MathematicalGrouP	MathematicalGrouP	0	true	0	true	true	false	2001-01-17 00:25:58.0	2001-01-17 00:25:58.0	22	57814																				1271963103	1271963102	false		false	3019	-12	b315or435k8afvx3g3xyhz1yjox9ru8			false		false			false	false	
enwiki	revision	create	2001-01-28 21:06:22.0	*	7792520	183098	JoshuaGrosse	JoshuaGrosse		nocreate,noemail,nousertalk					true	false	false	false	false	true	2008-09-05 20:14:59.0	2008-09-05 20:14:59.0	2001-01-22 07:11:28.0	45	383	18745	MathematicalGrouP	MathematicalGrouP	0	true	0	true	true	false	2001-01-17 00:25:58.0	2001-01-17 00:25:58.0	23	383																				1271963104	1271963103	false		false	3122	103	cp7x02j2omhhzxk8c281d0cyvwhy4a1			false		false			false	false	
enwiki	revision	create	2001-01-28 21:45:50.0	*	7792520	183098	JoshuaGrosse	JoshuaGrosse		nocreate,noemail,nousertalk					true	false	false	false	false	true	2008-09-05 20:14:59.0	2008-09-05 20:14:59.0	2001-01-22 07:11:28.0	46	2368	18768	ManiFold	ManiFold	0	true	0	true	true	false	2001-01-28 06:47:17.0	2001-01-28 06:47:17.0	2	53913																				265551	265550	true		false	2229	1028	dfkqc2waoht3vln5ev4c4geu0xq8fx0			false		false			false	false	
enwiki	revision	create	2001-01-28 22:23:54.0	*	32609824	37415973	LinusTolke	LinusTolke							false	true	false	false	false	true	2017-12-12 19:30:57.0	2017-12-12 19:30:58.0	2001-01-21 20:31:54.0	22	365307	19499	Mariah_Carey	Mariah_Carey	0	true	0	true	false	false	2001-01-27 14:03:07.0	2001-01-27 14:03:07.0	3	97540																				1265147909	1265147908	false		false	130	48	8jxprsudwo1t9ey71ffksa6h82nv94q			false		false			false	false	
enwiki	revision	create	2001-01-28 22:38:19.0	*	4938	37899085	TimShell	TimShell							false	false	false	false	false	true	2002-10-22 05:06:31.0		2001-01-27 06:32:24.0	36	43668	26616	SovietUnion	SovietUnion	0	true	0	true	true	false	2001-01-28 22:38:19.0	2001-01-28 22:38:19.0	1																					279667	0	true		false	1827	1827	fu78537y6veeyl5wr0seh9uefu101xs			false		false			false	false	
enwiki	page	create	2001-01-28 22:38:19.0		4938	37899085	TimShell	TimShell							false	false	false	false	false	true	2002-10-22 05:06:31.0		2001-01-27 06:32:24.0			26616	SovietUnion	SovietUnion	0	true	0	true	true	false	2001-01-28 22:38:19.0	2001-01-28 22:38:19.0																																							
enwiki	revision	create	2001-01-28 22:39:03.0	*	7792520	183098	JoshuaGrosse	JoshuaGrosse		nocreate,noemail,nousertalk					true	false	false	false	false	true	2008-09-05 20:14:59.0	2008-09-05 20:14:59.0	2001-01-22 07:11:28.0	47	3193	18745	MathematicalGrouP	MathematicalGrouP	0	true	0	true	true	false	2001-01-17 00:25:58.0	2001-01-17 00:25:58.0	24	5561																				1271963105	1271963104	false		false	3137	15	t65maxdyg4qn8u7et3iocb48mkg6bjk			false		false			false	false	
enwiki	page	create	2001-01-28 23:24:28.0		7792520	183098	JoshuaGrosse	JoshuaGrosse		nocreate,noemail,nousertalk					true	false	false	false	false	true	2008-09-05 20:14:59.0	2008-09-05 20:14:59.0	2001-01-22 07:11:28.0			26607	ScienCe	ScienCe	0	true	0	true	true	false	2001-01-28 23:24:28.0	2001-01-28 23:24:28.0																																							
enwiki	revision	create	2001-01-28 23:24:28.0	*	7792520	183098	JoshuaGrosse	JoshuaGrosse		nocreate,noemail,nousertalk					true	false	false	false	false	true	2008-09-05 20:14:59.0	2008-09-05 20:14:59.0	2001-01-22 07:11:28.0	48	2725	26607	ScienCe	ScienCe	0	true	0	true	true	false	2001-01-28 23:24:28.0	2001-01-28 23:24:28.0	1																					279643	0	true		false	1713	1713	43uq5ye944eeak3wtr8sp585omc2rzr			false		false			false	false	
enwiki	revision	create	2001-01-28 23:26:41.0	plenty o stuff	9003117	1920346	PhillipHankins	PhillipHankins							false	false	true	false	false	true	2009-02-17 04:52:07.0	2009-02-17 04:52:08.0	2001-01-28 05:09:16.0	6	59335	7925	David_Hume	David_Hume	0	true	0	true	false	false	2001-01-28 23:26:41.0	2001-01-28 23:26:41.0	1																					1273469893	0	false		false	3089	3089	5qbpv9ajc4c0kqukcuo2osg2waviqmd			false		false			false	false	
enwiki	page	create	2001-01-28 23:26:41.0		9003117	1920346	PhillipHankins	PhillipHankins							false	false	true	false	false	true	2009-02-17 04:52:07.0	2009-02-17 04:52:08.0	2001-01-28 05:09:16.0			7925	David_Hume	David_Hume	0	true	0	true	false	false	2001-01-28 23:26:41.0	2001-01-28 23:26:41.0																																							
enwiki	revision	create	2001-01-29 00:06:59.0	*	99	37738155	RoseParks	RoseParks							false	false	false	false	false	true	2001-01-21 02:12:21.0		2001-01-18 06:07:37.0	18	78250	17744623	NewTopics	New_topics	0	true	4	false	false	false	2008-06-03 03:33:40.0	2001-01-17 00:16:37.0	15	166472																				1209542255	1209542254	false		false	1037	11	j1r3ucw4zhrm57nyj8wbj27smambbx4			false		false			false	true	
enwiki	revision	create	2001-01-29 00:13:00.0	* A few additions; added ' ' to indicate italics.	7800319		LarrySanger											false						125	55620	7925	David_Hume	David_Hume	0	true	0	true	false	false	2001-01-28 23:26:41.0	2001-01-28 23:26:41.0	2	2779																				1273469894	1273469893	false		false	3581	492	j2fi3v24b9uamu11gtt2tfclun9k9ru			false		false			false	false	
enwiki	revision	create	2001-01-29 00:18:31.0	*	99	37738155	RoseParks	RoseParks							false	false	false	false	false	true	2001-01-21 02:12:21.0		2001-01-18 06:07:37.0	19	692	18937	Mapping	Mapping	0	true	0	true	false	false	2001-01-29 00:18:31.0	2001-01-29 00:18:31.0	1																					265553	0	false		false	2931	2931	5lgeukj6uwsojq5peu2bu0e19hb35kf			false		false			false	false	
enwiki	page	create	2001-01-29 00:18:31.0		99	37738155	RoseParks	RoseParks							false	false	false	false	false	true	2001-01-21 02:12:21.0		2001-01-18 06:07:37.0			18937	Mapping	Mapping	0	true	0	true	false	false	2001-01-29 00:18:31.0	2001-01-29 00:18:31.0																																							
enwiki	page	create	2001-01-29 00:19:02.0		7792520	183098	JoshuaGrosse	JoshuaGrosse		nocreate,noemail,nousertalk					true	false	false	false	false	true	2008-09-05 20:14:59.0	2008-09-05 20:14:59.0	2001-01-22 07:11:28.0			86718	Axiomatic_set_theory	Axiomatic_set_theory	0	true	0	true	true	false	2001-01-29 00:19:02.0	2001-01-29 00:19:02.0																																							
enwiki	revision	create	2001-01-29 00:19:02.0	Really quick gloss	7792520	183098	JoshuaGrosse	JoshuaGrosse		nocreate,noemail,nousertalk					true	false	false	false	false	true	2008-09-05 20:14:59.0	2008-09-05 20:14:59.0	2001-01-22 07:11:28.0	49	3274	86718	Axiomatic_set_theory	Axiomatic_set_theory	0	true	0	true	true	false	2001-01-29 00:19:02.0	2001-01-29 00:19:02.0	1																					1066391507	0	false		false	839	839	rn95lxxad32cq06bzsmtfy9equszssm			false		false			false	false	
enwiki	revision	create	2001-01-29 00:22:24.0	*	99	37738155	RoseParks	RoseParks							false	false	false	false	false	true	2001-01-21 02:12:21.0		2001-01-18 06:07:37.0	20	233	18937	Mapping	Mapping	0	true	0	true	false	false	2001-01-29 00:18:31.0	2001-01-29 00:18:31.0	2	233																				1282918846	265553	false		false	2798	-133	jpbvm2ri7etjn3vqp8kmv7npm3dv40e			false		false			false	false	
enwiki	revision	create	2001-01-29 00:33:39.0	*	7792520	183098	JoshuaGrosse	JoshuaGrosse		nocreate,noemail,nousertalk					true	false	false	false	false	true	2008-09-05 20:14:59.0	2008-09-05 20:14:59.0	2001-01-22 07:11:28.0	50	877	86718	Axiomatic_set_theory	Axiomatic_set_theory	0	true	0	true	true	false	2001-01-29 00:19:02.0	2001-01-29 00:19:02.0	2	877																				1066391509	1066391507	false		false	1759	920	njsgxkpjhq4fnlfk82c2g5lbx05summ			false		false			false	false	
enwiki	revision	create	2001-01-29 00:41:38.0	*	7792520	183098	JoshuaGrosse	JoshuaGrosse		nocreate,noemail,nousertalk					true	false	false	false	false	true	2008-09-05 20:14:59.0	2008-09-05 20:14:59.0	2001-01-22 07:11:28.0	51	479	86718	Axiomatic_set_theory	Axiomatic_set_theory	0	true	0	true	true	false	2001-01-29 00:19:02.0	2001-01-29 00:19:02.0	3	479																				1066391510	1066391509	false		false	2173	414	smcg0ju17nwvkps5fma5wilzkwxiu8s			false		false			false	false	
enwiki	revision	create	2001-01-29 00:57:01.0	*	7792520	183098	JoshuaGrosse	JoshuaGrosse		nocreate,noemail,nousertalk					true	false	false	false	false	true	2008-09-05 20:14:59.0	2008-09-05 20:14:59.0	2001-01-22 07:11:28.0	52	923	18937	Mapping	Mapping	0	true	0	true	false	false	2001-01-29 00:18:31.0	2001-01-29 00:18:31.0	3	2077																				1282918847	1282918846	false		false	3064	266	bg9tk4r9lzfs8b8fm25bp4cwo8ll8bi			false		false			false	false	
enwiki	page	create	2001-01-29 00:57:28.0		99	37738155	RoseParks	RoseParks							false	false	false	false	false	true	2001-01-21 02:12:21.0		2001-01-18 06:07:37.0			26691	Set	Set_(mathematics)	0	true	0	true	false	false	2001-01-29 00:57:28.0	2001-01-29 00:57:28.0																																							
enwiki	revision	create	2001-01-29 00:57:28.0	*	99	37738155	RoseParks	RoseParks							false	false	false	false	false	true	2001-01-21 02:12:21.0		2001-01-18 06:07:37.0	21	2104	26691	Set	Set_(mathematics)	0	true	0	true	false	false	2001-01-29 00:57:28.0	2001-01-29 00:57:28.0	1																					1270419031	0	false		false	233	233	05u458mkn1ofauaa4wzy7ef7je8plcu			false		false			false	false	
enwiki	revision	create	2001-01-29 00:59:29.0	*	99	37738155	RoseParks	RoseParks							false	false	false	false	false	true	2001-01-21 02:12:21.0		2001-01-18 06:07:37.0	22	121	26691	Set	Set_(mathematics)	0	true	0	true	false	false	2001-01-29 00:57:28.0	2001-01-29 00:57:28.0	2	121																				1270419032	1270419031	false		false	279	46	99667wd8vwdn7idpyo5bprhqr47brui			false		false			false	false	
enwiki	page	create	2001-01-29 01:00:19.0		7792520	183098	JoshuaGrosse	JoshuaGrosse		nocreate,noemail,nousertalk					true	false	false	false	false	true	2008-09-05 20:14:59.0	2008-09-05 20:14:59.0	2001-01-22 07:11:28.0			17478	LatticE	LatticE	0	true	0	true	true	false	2001-01-29 01:00:19.0	2001-01-29 01:00:19.0																																							
enwiki	revision	create	2001-01-29 01:00:19.0	*	7792520	183098	JoshuaGrosse	JoshuaGrosse		nocreate,noemail,nousertalk					true	false	false	false	false	true	2008-09-05 20:14:59.0	2008-09-05 20:14:59.0	2001-01-22 07:11:28.0	53	198	17478	LatticE	LatticE	0	true	0	true	true	false	2001-01-29 01:00:19.0	2001-01-29 01:00:19.0	1																					263222	0	true		false	641	641	di0wqg7alcxqn2ojwpu6lfdcb1blng1			false		false			false	false	
enwiki	page	create	2001-01-29 01:00:35.0		7792520	183098	JoshuaGrosse	JoshuaGrosse		nocreate,noemail,nousertalk					true	false	false	false	false	true	2008-09-05 20:14:59.0	2008-09-05 20:14:59.0	2001-01-22 07:11:28.0			22863	PartialOrder	PartialOrder	0	true	0	true	true	false	2001-01-29 01:00:35.0	2001-01-29 01:00:35.0																																							
enwiki	revision	create	2001-01-29 01:00:35.0	*	7792520	183098	JoshuaGrosse	JoshuaGrosse		nocreate,noemail,nousertalk					true	false	false	false	false	true	2008-09-05 20:14:59.0	2008-09-05 20:14:59.0	2001-01-22 07:11:28.0	54	16	22863	PartialOrder	PartialOrder	0	true	0	true	true	false	2001-01-29 01:00:35.0	2001-01-29 01:00:35.0	1																					272873	0	true		false	980	980	8ihjvsgu9jxpw5ds3b8qror3d9s36fg			false		false			false	false	
enwiki	page	create	2001-01-29 01:03:01.0		7792520	183098	JoshuaGrosse	JoshuaGrosse		nocreate,noemail,nousertalk					true	false	false	false	false	true	2008-09-05 20:14:59.0	2008-09-05 20:14:59.0	2001-01-22 07:11:28.0			9172	EquivalenceRelation	EquivalenceRelation	0	true	0	true	true	false	2001-01-29 01:03:01.0	2001-01-29 01:03:01.0																																							
enwiki	revision	create	2001-01-29 01:03:01.0	*	7792520	183098	JoshuaGrosse	JoshuaGrosse		nocreate,noemail,nousertalk					true	false	false	false	false	true	2008-09-05 20:14:59.0	2008-09-05 20:14:59.0	2001-01-22 07:11:28.0	55	146	9172	EquivalenceRelation	EquivalenceRelation	0	true	0	true	true	false	2001-01-29 01:03:01.0	2001-01-29 01:03:01.0	1																					248617	0	true		false	903	903	3vu44qht0x6989rzp9qp3dfqry5z3x1			false		false			false	false	
enwiki	revision	create	2001-01-29 01:03:33.0	*	7792520	183098	JoshuaGrosse	JoshuaGrosse		nocreate,noemail,nousertalk					true	false	false	false	false	true	2008-09-05 20:14:59.0	2008-09-05 20:14:59.0	2001-01-22 07:11:28.0	56	32	18937	Mapping	Mapping	0	true	0	true	false	false	2001-01-29 00:18:31.0	2001-01-29 00:18:31.0	4	392																				265554	265553	true		false	3151	220	f0zuk8pjw1lyytiby15pbrde2hexl4n			false		false			false	false	
enwiki	revision	create	2001-01-29 01:08:38.0	*	99	37738155	RoseParks	RoseParks							false	false	false	false	false	true	2001-01-21 02:12:21.0		2001-01-18 06:07:37.0	23	549	86718	Axiomatic_set_theory	Axiomatic_set_theory	0	true	0	true	true	false	2001-01-29 00:19:02.0	2001-01-29 00:19:02.0	4	1620																				1066391511	1066391510	false		false	2353	180	r13ozv649j8yklfto00gwmq57e5l0hw			false		false			false	false	
enwiki	revision	create	2001-01-29 01:33:02.0	*	99	37738155	RoseParks	RoseParks							false	false	false	false	false	true	2001-01-21 02:12:21.0		2001-01-18 06:07:37.0	24	1464	25360	RationalNumbers	RationalNumbers	0	true	0	true	true	false	2001-01-23 09:04:53.0	2001-01-23 09:04:53.0	2	491289																				277042	277041	false		false	83	0	11b36ecrmmxhraoauacprlty8z2nh7a			false		false			false	false	
enwiki	page	create	2001-01-29 02:28:41.0		49060711	77407277	Du-148-235-124-150.prodigy.net.mx	Du-148-235-124-150.prodigy.net.mx							false	false	true	false	false	true	2025-01-16 09:02:38.0	2025-01-16 09:02:39.0	2001-01-29 02:28:41.0			17522	Literary_Art	Literary_Art	0	true	0	true	true	false	2001-01-29 02:28:41.0	2001-01-29 02:28:41.0																																							
enwiki	revision	create	2001-01-29 02:28:41.0	*	49060711	77407277	Du-148-235-124-150.prodigy.net.mx	Du-148-235-124-150.prodigy.net.mx							false	false	true	false	false	true	2025-01-16 09:02:38.0	2025-01-16 09:02:39.0	2001-01-29 02:28:41.0	1		17522	Literary_Art	Literary_Art	0	true	0	true	true	false	2001-01-29 02:28:41.0	2001-01-29 02:28:41.0	1																					1269781365	0	false		false	27	27	a2xkb4dffn4bnztv1obuty3dd4g5e1m			false		false			false	false	
enwiki	user	create	2001-01-29 02:28:41.0		194203	745	Graham87											false	false	true																			49060711	77407277	Du-148-235-124-150.prodigy.net.mx	Du-148-235-124-150.prodigy.net.mx							false	false	true	false	false	true	2025-01-16 09:02:38.0	2025-01-16 09:02:39.0	2001-01-29 02:28:41.0																		
enwiki	revision	create	2001-01-29 02:29:16.0	sgsdfgsdfgsdfgsdfgsdfgsdfgsdfgdsfgsdfg	49060711	77407277	Du-148-235-124-150.prodigy.net.mx	Du-148-235-124-150.prodigy.net.mx							false	false	true	false	false	true	2025-01-16 09:02:38.0	2025-01-16 09:02:39.0	2001-01-29 02:28:41.0	2	35	17522	Literary_Art	Literary_Art	0	true	0	true	true	false	2001-01-29 02:28:41.0	2001-01-29 02:28:41.0	2	35																				1269781366	1269781365	false		false	60	33	dspuj4e950hmxsyykk0s919fevfei2g			false		false			false	false	
enwiki	revision	create	2001-01-29 02:32:56.0	*	49060711	77407277	Du-148-235-124-150.prodigy.net.mx	Du-148-235-124-150.prodigy.net.mx							false	false	true	false	false	true	2025-01-16 09:02:38.0	2025-01-16 09:02:39.0	2001-01-29 02:28:41.0	3	220	30367	Trigonometric_function	Trigonometric_functions	0	true	0	true	false	false	2001-01-23 03:41:20.0	2001-01-23 03:41:20.0	7	432522																				1269774031	1269774029	false		false	4328	-994	iueltdcstr3zhdj9bgyolms4tjfzvni			false		true	1269774032	3305	false	false	
enwiki	revision	create	2001-01-29 03:09:32.0	*	11946389	6192944	CalvinOstrum	CalvinOstrum							false	false	true	false	false	true	2010-03-18 07:51:54.0	2010-03-18 07:51:56.0	2001-01-27 06:35:08.0	3	53164	86718	Axiomatic_set_theory	Axiomatic_set_theory	0	true	0	true	true	false	2001-01-29 00:19:02.0	2001-01-29 00:19:02.0	5	7254																				1066391512	1066391511	false		false	2941	588	o6x7ib69pis85q5v7si43acm85qts9z			false		false			false	false	
enwiki	revision	create	2001-01-29 03:10:28.0	*	11946389	6192944	CalvinOstrum	CalvinOstrum							false	false	true	false	false	true	2010-03-18 07:51:54.0	2010-03-18 07:51:56.0	2001-01-27 06:35:08.0	4	56	26691	Set	Set_(mathematics)	0	true	0	true	false	false	2001-01-29 00:57:28.0	2001-01-29 00:57:28.0	3	7859																				1270419033	1270419032	false		false	335	56	601ok791w5zaaen1a9dt1jelcxrhbo6			false		false			false	false	
enwiki	revision	create	2001-01-29 03:28:01.0	*	11946842	6193647	CliffordAdams	CliffordAdams							false	false	true	false	false	true	2010-03-18 09:32:13.0	2010-03-18 09:32:14.0	2001-01-24 21:03:04.0	9	40891	30367	Trigonometric_function	Trigonometric_functions	0	true	0	true	false	false	2001-01-23 03:41:20.0	2001-01-23 03:41:20.0	8	3305																				1269774032	1269774031	false		false	5322	994	e4xu6c5nprzo2pkncfqg7a525vq8ep9			false		false			true	false	
enwiki	revision	create	2001-01-29 03:33:19.0	Fixed axioms - feel free to take over if still no good	7792520	183098	JoshuaGrosse	JoshuaGrosse		nocreate,noemail,nousertalk					true	false	false	false	false	true	2008-09-05 20:14:59.0	2008-09-05 20:14:59.0	2001-01-22 07:11:28.0	57	8986	86718	Axiomatic_set_theory	Axiomatic_set_theory	0	true	0	true	true	false	2001-01-29 00:19:02.0	2001-01-29 00:19:02.0	6	1427																				1066391513	1066391512	false		false	3041	100	g67mg353ympae6mwpgkpvp1jtm3qsyg			false		false			false	false	
enwiki	revision	create	2001-01-29 03:34:38.0	*	7792520	183098	JoshuaGrosse	JoshuaGrosse		nocreate,noemail,nousertalk					true	false	false	false	false	true	2008-09-05 20:14:59.0	2008-09-05 20:14:59.0	2001-01-22 07:11:28.0	58	79	86718	Axiomatic_set_theory	Axiomatic_set_theory	0	true	0	true	true	false	2001-01-29 00:19:02.0	2001-01-29 00:19:02.0	7	79																				1066391514	1066391513	false		false	2939	-102	cy2gtjljexld0t044omeqseafq5h7p6			false		false			false	false	
enwiki	revision	create	2001-01-29 04:16:41.0	*	12044222	6336609	W241.z064000057.nyc-ny.dsl.cnc.net	W241.z064000057.nyc-ny.dsl.cnc.net		nocreate					false	false	true	false	false	true	2010-03-31 09:46:06.0	2010-03-31 09:46:08.0	2001-01-29 04:16:41.0	1		26621	SuperBowl	SuperBowl	0	true	0	true	true	false	2001-01-27 06:35:23.0	2001-01-27 06:35:23.0	2	164478																				1316989773	1316989772	false		false	220	84	9dj0cxlyp16beqks8no8yhqdi2t3vda			false		false			false	false	
enwiki	user	create	2001-01-29 04:16:41.0		194203	745	Graham87											false	false	true																			12044222	6336609	W241.z064000057.nyc-ny.dsl.cnc.net	W241.z064000057.nyc-ny.dsl.cnc.net		nocreate					false	false	true	false	false	true	2010-03-31 09:46:06.0	2010-03-31 09:46:08.0	2001-01-29 04:16:41.0																		
enwiki	revision	create	2001-01-29 04:16:53.0	*	12044222	6336609	W241.z064000057.nyc-ny.dsl.cnc.net	W241.z064000057.nyc-ny.dsl.cnc.net		nocreate					false	false	true	false	false	true	2010-03-31 09:46:06.0	2010-03-31 09:46:08.0	2001-01-29 04:16:41.0	2	12	26621	SuperBowl	SuperBowl	0	true	0	true	true	false	2001-01-27 06:35:23.0	2001-01-27 06:35:23.0	3	12																				1316989774	1316989773	false		false	217	-3	ql4lmrnqr3k8ihd2us74ntlgno6ti8d			false		false			false	false	
enwiki	revision	create	2001-01-29 04:17:02.0	*	12044222	6336609	W241.z064000057.nyc-ny.dsl.cnc.net	W241.z064000057.nyc-ny.dsl.cnc.net		nocreate					false	false	true	false	false	true	2010-03-31 09:46:06.0	2010-03-31 09:46:08.0	2001-01-29 04:16:41.0	3	9	26621	SuperBowl	SuperBowl	0	true	0	true	true	false	2001-01-27 06:35:23.0	2001-01-27 06:35:23.0	4	9																				1316989775	1316989774	false		false	216	-1	pxui6ycy2zw2m5wwuh7qffqrtr7jd7i			false		false			false	false	
enwiki	revision	create	2001-01-29 04:17:13.0	*	12044222	6336609	W241.z064000057.nyc-ny.dsl.cnc.net	W241.z064000057.nyc-ny.dsl.cnc.net		nocreate					false	false	true	false	false	true	2010-03-31 09:46:06.0	2010-03-31 09:46:08.0	2001-01-29 04:16:41.0	4	11	26621	SuperBowl	SuperBowl	0	true	0	true	true	false	2001-01-27 06:35:23.0	2001-01-27 06:35:23.0	5	11																				1316989776	1316989775	false		false	214	-2	q7sjnb207x7ojdwumncsfzp63fef73y			false		false			false	false	
enwiki	revision	create	2001-01-29 04:17:55.0	*			w241.z064000057.nyc-ny.dsl.cnc.net	w241.z064000057.nyc-ny.dsl.cnc.net										true								3303											1																					237909	0	false		false	67	67	m7vbwruu3qulk6y3m7deicufemqanhq			false		false			false	false	
enwiki	revision	create	2001-01-29 04:37:12.0	*	4938	37899085	TimShell	TimShell							false	false	false	false	false	true	2002-10-22 05:06:31.0		2001-01-27 06:32:24.0	37	21533	26621	SuperBowl	SuperBowl	0	true	0	true	true	false	2001-01-27 06:35:23.0	2001-01-27 06:35:23.0	6	1199																				1316989777	1316989776	false		false	235	21	qt2j7hcx18kn813em80a299txsg0c7g			false		false			false	false	
enwiki	revision	create	2001-01-29 06:15:14.0	*	4938	37899085	TimShell	TimShell							false	false	false	false	false	true	2002-10-22 05:06:31.0		2001-01-27 06:32:24.0	38	5882	18951386	Atlas_Shrugged	Atlas_Shrugged	0	true	0	true	false	false	2008-08-20 18:40:47.0	2001-01-28 10:25:23.0	11	39679																				854308892	854308891	false		false	1463	37	5wqwsiatzuwmocmutnnxjxqe9f52r2q			false		false			false	true	
enwiki	revision	create	2001-01-29 06:15:33.0	*	4938	37899085	TimShell	TimShell							false	false	false	false	false	true	2002-10-22 05:06:31.0		2001-01-27 06:32:24.0	39	19	18951386	Atlas_Shrugged	Atlas_Shrugged	0	true	0	true	false	false	2008-08-20 18:40:47.0	2001-01-28 10:25:23.0	12	19																				854308893	854308892	false		false	1460	-3	kcda7ukqpqc9afbimayt90be7xoa4qo			false		false			false	true	
enwiki	revision	create	2001-01-29 06:15:52.0	*	4938	37899085	TimShell	TimShell							false	false	false	false	false	true	2002-10-22 05:06:31.0		2001-01-27 06:32:24.0	40	19	18951386	Atlas_Shrugged	Atlas_Shrugged	0	true	0	true	false	false	2008-08-20 18:40:47.0	2001-01-28 10:25:23.0	13	19																				854308894	854308893	false		false	1459	-1	bteshfgcwxixr6kaon9udtdoto3b1cl			false		false			false	true	
enwiki	revision	create	2001-01-29 06:33:15.0	*	4938	37899085	TimShell	TimShell							false	false	false	false	false	true	2002-10-22 05:06:31.0		2001-01-27 06:32:24.0	41	1043	18951386	Atlas_Shrugged	Atlas_Shrugged	0	true	0	true	false	false	2008-08-20 18:40:47.0	2001-01-28 10:25:23.0	14	1043																				854308895	854308894	false		false	1484	25	gjxq77kdglqqxpe83vg6flxgiyb6osw			false		false			false	true	
enwiki	page	create	2001-01-29 06:38:19.0		4938	37899085	TimShell	TimShell							false	false	false	false	false	true	2002-10-22 05:06:31.0		2001-01-27 06:32:24.0			60	AyersMusicPublishingCompany	AyersMusicPublishingCompany	0	true	0	true	true	false	2001-01-29 06:38:19.0	2001-01-29 06:38:19.0																																							
enwiki	revision	create	2001-01-29 06:38:19.0	*	4938	37899085	TimShell	TimShell							false	false	false	false	false	true	2002-10-22 05:06:31.0		2001-01-27 06:32:24.0	42	304	60	AyersMusicPublishingCompany	AyersMusicPublishingCompany	0	true	0	true	true	false	2001-01-29 06:38:19.0	2001-01-29 06:38:19.0	1																					233263	0	true		false	260	260	j6ew5xqothpa48ebahghh9fnx57tqw3			false		false			false	false	
enwiki	revision	create	2001-01-29 06:39:19.0	*	4938	37899085	TimShell	TimShell							false	false	false	false	false	true	2002-10-22 05:06:31.0		2001-01-27 06:32:24.0	43	60	18951386	Atlas_Shrugged	Atlas_Shrugged	0	true	0	true	false	false	2008-08-20 18:40:47.0	2001-01-28 10:25:23.0	15	364																				854308896	854308895	false		false	1506	22	p4enrli66eas42w8x19alxgtu7t22fo			false		false			false	true	
enwiki	revision	create	2001-01-29 06:47:10.0	*	4938	37899085	TimShell	TimShell							false	false	false	false	false	true	2002-10-22 05:06:31.0		2001-01-27 06:32:24.0	44	471	4661187	AtlasShruggedPlaces	Paolo_Liberatore~enwiki/AtlasShruggedPlaces	0	true	2	false	false	false	2006-04-07 14:03:50.0	2001-01-29 06:47:10.0	1																					233264	0	false		false	1096	1096	2h929v0w4odpu0blhu98fha935vpzqi			false		false			false	true	
enwiki	revision	create	2001-01-29 06:48:00.0	*	4938	37899085	TimShell	TimShell							false	false	false	false	false	true	2002-10-22 05:06:31.0		2001-01-27 06:32:24.0	45	50	18951386	Atlas_Shrugged	Atlas_Shrugged	0	true	0	true	false	false	2008-08-20 18:40:47.0	2001-01-28 10:25:23.0	16	521																				854308897	854308896	false		false	1528	22	psxvsb2x04jtirg5nce960773qw2yr8			false		false			false	true	
enwiki	revision	create	2001-01-29 06:58:47.0	*	4938	37899085	TimShell	TimShell							false	false	false	false	false	true	2002-10-22 05:06:31.0		2001-01-27 06:32:24.0	46	647	18951386	Atlas_Shrugged	Atlas_Shrugged	0	true	0	true	false	false	2008-08-20 18:40:47.0	2001-01-28 10:25:23.0	17	647																				854308898	854308897	false		false	1553	25	1a4tkck5u1iueoxicau4wm3dnniofef			false		false			false	true	
enwiki	revision	create	2001-01-29 07:30:10.0	*	4938	37899085	TimShell	TimShell							false	false	false	false	false	true	2002-10-22 05:06:31.0		2001-01-27 06:32:24.0	47	1883	10546	FriendsofGlobalProgress	FriendsofGlobalProgress	0	true	0	true	true	false	2001-01-29 07:30:10.0	2001-01-29 07:30:10.0	1																					250898	0	true		false	100	100	hap58wvol4uxrlzc4kejmf4904kw44y			false		false			false	false	
enwiki	page	create	2001-01-29 07:30:10.0		4938	37899085	TimShell	TimShell							false	false	false	false	false	true	2002-10-22 05:06:31.0		2001-01-27 06:32:24.0			10546	FriendsofGlobalProgress	FriendsofGlobalProgress	0	true	0	true	true	false	2001-01-29 07:30:10.0	2001-01-29 07:30:10.0																																							
enwiki	revision	create	2001-01-29 08:12:53.0	*	7800319		LarrySanger											false						126	28793	21092	NewYorkGiants	NewYorkGiants	0	true	0	true	true	false	2001-01-29 08:12:53.0	2001-01-29 08:12:53.0	1																					269608	0	false		false	252	252	eux2yyi8agipj3kl76uat2ose1738u4			false		false			false	false	
enwiki	page	create	2001-01-29 08:12:53.0		7800319	194394	LarrySanger											false								21092	NewYorkGiants	NewYorkGiants	0	true	0	true	true	false	2001-01-29 08:12:53.0	2001-01-29 08:12:53.0																																							
enwiki	revision	create	2001-01-29 08:20:17.0	Added 2001InaugurationProtests	3684	36925666	BryceHarrington	BryceHarrington							false	false	false	false	false	true	2001-01-24 23:49:09.0		2001-01-24 23:49:09.0	41	47182	11842	GeorgeWBush	GeorgeWBush	0	true	0	true	true	false	2001-01-24 21:21:01.0	2001-01-24 21:21:01.0	12	126181																				1275499512	1275499511	false		false	1824	27	si92xz0y26xrin2ixeushnrxiap976y			false		false			false	false	
enwiki	revision	create	2001-01-29 09:54:35.0	*	43210696	68686942	Beta13.sm.luth.se	Beta13.sm.luth.se							false	false	true	false	false	true	2022-01-18 04:37:02.0	2022-01-18 04:37:03.0	2001-01-29 09:54:35.0	1		86718	Axiomatic_set_theory	Axiomatic_set_theory	0	true	0	true	true	false	2001-01-29 00:19:02.0	2001-01-29 00:19:02.0	8	22797																				1066391515	1066391514	false		false	3347	408	77oe5vmv64lqmcu7sbkv2bme2gk2uds			false		false			false	false	
enwiki	user	create	2001-01-29 09:54:35.0		194203	745	Graham87											false	false	true																			43210696	68686942	Beta13.sm.luth.se	Beta13.sm.luth.se							false	false	true	false	false	true	2022-01-18 04:37:02.0	2022-01-18 04:37:03.0	2001-01-29 09:54:35.0																		
enwiki	revision	create	2001-01-29 10:13:49.0	*			212.158.103.xxx	212.158.103.xxx										true								11842	GeorgeWBush	GeorgeWBush	0	true	0	true	true	false	2001-01-24 21:21:01.0	2001-01-24 21:21:01.0	13	6812																				1275499513	1275499512	false		false	1913	89	1x4ujf87ghu6zrksysmtjo19p24oqt2			false		false			false	false	
enwiki	page	create	2001-01-29 10:13:49.0				212.158.103.xxx	212.158.103.xxx										true								79218881	GeorgeWBush/temp	GeorgeWBush/temp	0	true	0	true		true	2001-01-29 10:13:49.0	2001-01-29 10:13:49.0																																							
enwiki	revision	create	2001-01-29 10:13:49.0				212.158.103.xxx	212.158.103.xxx										true								79218881	GeorgeWBush/temp	GeorgeWBush/temp	0	true	0	true		true	2001-01-29 10:13:49.0	2001-01-29 10:13:49.0	1																					253527	0	false		false	1944	1944	ay1gzach32csh8hcha7jy7mdyjl912v			true	2025-02-13 13:15:59.0	false			false	false	
enwiki	page	create	2001-01-29 11:07:25.0		34	37987405	WojPob	WojPob							false	false	false	false	false	true	2001-01-29 11:07:25.0		2001-01-27 01:10:21.0			10545	FrancE	FrancE	0	true	0	true	true	false	2001-01-29 11:07:25.0	2001-01-29 11:07:25.0																																							
enwiki	revision	create	2001-01-29 11:07:25.0	*	34	37987405	WojPob	WojPob							false	false	false	false	false	true	2001-01-29 11:07:25.0		2001-01-27 01:10:21.0	5	207331	10545	FrancE	FrancE	0	true	0	true	true	false	2001-01-29 11:07:25.0	2001-01-29 11:07:25.0	1																					250897	0	false		false	416	416	tgprx1vtinxqxvb8cmpergjl9qj6pvh			false		false			false	false	
enwiki	revision	create	2001-01-29 11:28:15.0	*	34	37987405	WojPob	WojPob							false	false	false	false	false	true	2001-01-29 11:07:25.0		2001-01-27 01:10:21.0	6	1250	9282	ECHELON	ECHELON	0	true	0	true	false	false	2001-01-29 11:28:15.0	2001-01-29 11:28:15.0	1																					854318171	0	false		false	3387	3387	rrs1ejs9rhqz9ohkczn23flzomktvqc			false		false			false	false	
enwiki	page	create	2001-01-29 11:28:15.0		34	37987405	WojPob	WojPob							false	false	false	false	false	true	2001-01-29 11:07:25.0		2001-01-27 01:10:21.0			9282	ECHELON	ECHELON	0	true	0	true	false	false	2001-01-29 11:28:15.0	2001-01-29 11:28:15.0																																							
enwiki	revision	create	2001-01-29 11:32:09.0	*	34	37987405	WojPob	WojPob							false	false	false	false	false	true	2001-01-29 11:07:25.0		2001-01-27 01:10:21.0	7	234	9282	ECHELON	ECHELON	0	true	0	true	false	false	2001-01-29 11:28:15.0	2001-01-29 11:28:15.0	2	234																				854318172	854318171	false		false	3382	-5	dgl39d4wf9clwcsk2at3lrlpj2o0u1j			false		false			false	false	
enwiki	revision	create	2001-01-29 11:42:49.0	*	34	37987405	WojPob	WojPob							false	false	false	false	false	true	2001-01-29 11:07:25.0		2001-01-27 01:10:21.0	8	640	5213	Computing	Computing	0	true	0	true	false	false	2001-01-16 20:11:02.0	2001-01-16 20:11:02.0	7	620434																				1271056285	1271056284	false		false	164	0	k2fwn3r00dua4juef6anpl4vpoos0ci			false		false			false	false	
enwiki	revision	create	2001-01-29 12:23:18.0	*	12021577	6303530	Planck.physik.uni-konstanz.de	Planck.physik.uni-konstanz.de		nocreate					false	false	true	false	false	true	2010-03-28 13:02:15.0	2010-03-28 13:02:16.0	2001-01-29 12:23:18.0	1		1242	Ada_programming_language	Ada_(programming_language)	0	true	0	true	false	false	2001-01-21 07:05:49.0	2001-01-21 07:05:49.0	3	193690																				1265905649	1265905648	false		false	792	356	de6u08lz5w5uxitu21mbu5e1bb6p32l			false		false			false	false	
enwiki	revision	create	2001-01-29 12:23:18.0				planck.physik.uni-konstanz.de	planck.physik.uni-konstanz.de										true									AdA		0	true																												233193		false		false	808	808	5aih7xqgcz3jshyd433lcymktl19tpq			true	2001-01-29 12:23:18.0	false			false	false	
enwiki	user	create	2001-01-29 12:23:18.0		194203	745	Graham87											false	false	true																			12021577	6303530	Planck.physik.uni-konstanz.de	Planck.physik.uni-konstanz.de		nocreate					false	false	true	false	false	true	2010-03-28 13:02:15.0	2010-03-28 13:02:16.0	2001-01-29 12:23:18.0																		
enwiki	revision	create	2001-01-29 14:03:19.0	*	7792520	183098	JoshuaGrosse	JoshuaGrosse		nocreate,noemail,nousertalk					true	false	false	false	false	true	2008-09-05 20:14:59.0	2008-09-05 20:14:59.0	2001-01-22 07:11:28.0	59	37721	86718	Axiomatic_set_theory	Axiomatic_set_theory	0	true	0	true	true	false	2001-01-29 00:19:02.0	2001-01-29 00:19:02.0	9	14924																				1066391516	1066391515	false		false	3388	41	7f05sbfh9susn4ktr618797tsz0phaq			false		false			false	false	
enwiki	revision	create	2001-01-29 15:31:12.0	*	49065708	77414799	Gate2.bifab.de	Gate2.bifab.de							false	false	true	false	false	true	2025-01-17 06:20:40.0	2025-01-17 06:20:41.0	2001-01-29 15:31:12.0	1		5085	CityBerlin	CityBerlin	0	true	0	true	true	false	2001-01-26 00:30:03.0	2001-01-26 00:30:03.0	10	151857																				1269952185	1269952183	false		false	326	66	hw4kbkkqrt90zpm3kqym7qbc3ya275e			false		false			false	false	
enwiki	user	create	2001-01-29 15:31:12.0		194203	745	Graham87											false	false	true																			49065708	77414799	Gate2.bifab.de	Gate2.bifab.de							false	false	true	false	false	true	2025-01-17 06:20:40.0	2025-01-17 06:20:41.0	2001-01-29 15:31:12.0																		
enwiki	revision	create	2001-01-29 15:37:46.0	*	49065708	77414799	Gate2.bifab.de	Gate2.bifab.de							false	false	true	false	false	true	2025-01-17 06:20:40.0	2025-01-17 06:20:41.0	2001-01-29 15:31:12.0	2	394	5085	CityBerlin	CityBerlin	0	true	0	true	true	false	2001-01-26 00:30:03.0	2001-01-26 00:30:03.0	11	394																				1269952186	1269952185	false		false	326	0	gxl08ijd0ti49bav4h3olnq871wmiok			false		false			false	false	
enwiki	revision	create	2001-01-29 17:19:06.0	*	7800319		LarrySanger											false						127	32773	5213	Computing	Computing	0	true	0	true	false	false	2001-01-16 20:11:02.0	2001-01-16 20:11:02.0	8	20177																				241059	0	true		false	179	179	kb5buhm7actx6s4pxwettx0evygu6e1			false		false			false	false	
enwiki	revision	create	2001-01-29 17:24:13.0	*	7800319		LarrySanger											false						128	307	11842	GeorgeWBush	GeorgeWBush	0	true	0	true	true	false	2001-01-24 21:21:01.0	2001-01-24 21:21:01.0	14	25824																				1275499514	1275499513	false		false	2056	143	euwso5j1zg6zq4aj8xg5hguj827z8un			false		false			false	false	
enwiki	revision	create	2001-01-29 17:24:37.0	*	7800319		LarrySanger											false						130	0	11842	GeorgeWBush	GeorgeWBush	0	true	0	true	true	false	2001-01-24 21:21:01.0	2001-01-24 21:21:01.0	15	24																				1275499515	1275499514	false		false	2056	0	mt3bsbxs3tr3d5wbohtw9c8ah1s5145			false		false			false	false	
enwiki	revision	create	2001-01-29 17:24:37.0		7800319		LarrySanger											false						129	24	79218881	GeorgeWBush/temp	GeorgeWBush/temp	0	true	0	true		true	2001-01-29 10:13:49.0	2001-01-29 10:13:49.0	2	25848																				253528	253527	true		false	2095	151	auor6hhd18f9pplc79hbofiwy6hqy3s			true	2025-02-13 13:15:59.0	false			false	false	
enwiki	revision	create	2001-01-29 18:19:20.0				proxy.europe.is	proxy.europe.is										true									IcelanD		0	true																												258449		false		false	161	161	b28j79c4sznac4uiim9msrqgz89hmds			true	2001-01-29 18:19:20.0	false			false	false	
enwiki	revision	create	2001-01-29 18:33:40.0	*	11313587	5279059	Office.bomis.com	Office.bomis.com							false	false	true	false	false	true	2009-12-28 09:06:07.0	2009-12-28 09:06:09.0	2001-01-15 19:27:13.0	25	925774	18951386	Atlas_Shrugged	Atlas_Shrugged	0	true	0	true	false	false	2008-08-20 18:40:47.0	2001-01-28 10:25:23.0	18	41693																				854308899	854308898	false		false	1574	21	b00u1nphmfmuf7612xmplbg4waz666w			false		false			false	true	
enwiki	revision	create	2001-01-29 18:38:24.0	*			office.bomis.com	office.bomis.com										true								26632											1																					279697	0	true		false	261	261	9ohswh6etci7xd1emcx2rpmaa88j6gi			false		false			false	false	
enwiki	user	create	2001-01-29 18:44:14.0		194203	745	Graham87											false	false	true																			12035388	6323699	StefanSig	StefanSig							false	false	true	false	false	true	2010-03-30 06:42:09.0	2010-03-30 06:42:11.0	2001-01-29 18:44:14.0																		
enwiki	revision	create	2001-01-29 18:44:14.0	fixed Bryce's html coding	12035388	6323699	StefanSig	StefanSig							false	false	true	false	false	true	2010-03-30 06:42:09.0	2010-03-30 06:42:11.0	2001-01-29 18:44:14.0	1		26608	SpacecraftPropulsion	SpacecraftPropulsion	0	true	0	true	true	false	2001-01-29 18:44:14.0	2001-01-29 18:44:14.0	2	548387																				279648	279647	true		false	6356	-20	3g7uwbw96npuil4cni9mkznzzi2uzjd			false		false			false	false	
enwiki	page	create	2001-01-29 18:44:14.0		12035388	6323699	StefanSig	StefanSig							false	false	true	false	false	true	2010-03-30 06:42:09.0	2010-03-30 06:42:11.0	2001-01-29 18:44:14.0			26608	SpacecraftPropulsion	SpacecraftPropulsion	0	true	0	true	true	false	2001-01-29 18:44:14.0	2001-01-29 18:44:14.0																																							
enwiki	revision	create	2001-01-29 18:45:24.0	*	11313587	5279059	Office.bomis.com	Office.bomis.com							false	false	true	false	false	true	2009-12-28 09:06:07.0	2009-12-28 09:06:09.0	2001-01-15 19:27:13.0	26	704	18951386	Atlas_Shrugged	Atlas_Shrugged	0	true	0	true	false	false	2008-08-20 18:40:47.0	2001-01-28 10:25:23.0	19	704																				854308900	854308899	false		false	1575	1	3hksuna1fle793ft8r3rju5bb87tmlw			false		false			false	true	
enwiki	revision	create	2001-01-29 18:46:28.0	*	11313587	5279059	Office.bomis.com	Office.bomis.com							false	false	true	false	false	true	2009-12-28 09:06:07.0	2009-12-28 09:06:09.0	2001-01-15 19:27:13.0	27	64	18951386	Atlas_Shrugged	Atlas_Shrugged	0	true	0	true	false	false	2008-08-20 18:40:47.0	2001-01-28 10:25:23.0	20	64																				854308901	854308900	false		false	1579	4	d4isooeq5sj36v8c3ejz0beui23ifo8			false		false			false	true	
enwiki	revision	create	2001-01-29 19:02:47.0	*	34	37987405	WojPob	WojPob							false	false	false	false	false	true	2001-01-29 11:07:25.0		2001-01-27 01:10:21.0	9	26398	18989	Merlot	Merlot	0	true	0	true	false	false	2001-01-28 03:57:27.0	2001-01-28 03:57:27.0	2	140720																				761877337	761877336	true		false	270	56	qvmhbpvk289qyzjpo9iote7sgubkmp6			false		false			false	false	
enwiki	revision	create	2001-01-29 19:15:30.0	*	34	37987405	WojPob	WojPob							false	false	false	false	false	true	2001-01-29 11:07:25.0		2001-01-27 01:10:21.0	10	763	9282	ECHELON	ECHELON	0	true	0	true	false	false	2001-01-29 11:28:15.0	2001-01-29 11:28:15.0	3	27801																				854318173	854318172	false		false	3802	420	oq270vaquzgbbg2xnad66yc7bevx2l5			false		false			false	false	
enwiki	revision	create	2001-01-29 19:16:12.0	*	34	37987405	WojPob	WojPob							false	false	false	false	false	true	2001-01-29 11:07:25.0		2001-01-27 01:10:21.0	12	0	9282	ECHELON	ECHELON	0	true	0	true	false	false	2001-01-29 11:28:15.0	2001-01-29 11:28:15.0	4	42																				854318174	854318173	false		false	3803	1	mrxu7xj6blibf913zntq9cgwo7ztzuz			false		false			false	false	
enwiki	page	create	2001-01-29 19:16:12.0		34	37987405	WojPob	WojPob							false	false	false	false	false	true	2001-01-29 11:07:25.0		2001-01-27 01:10:21.0			9177	EcheloN	EcheloN	0	true	0	true	true	false	2001-01-29 19:16:12.0	2001-01-29 19:16:12.0																																							
enwiki	revision	create	2001-01-29 19:16:12.0	*	34	37987405	WojPob	WojPob							false	false	false	false	false	true	2001-01-29 11:07:25.0		2001-01-27 01:10:21.0	11	42	9177	EcheloN	EcheloN	0	true	0	true	true	false	2001-01-29 19:16:12.0	2001-01-29 19:16:12.0	1																					248623	0	true		false	3860	3860	tr7qlxyi8n4hqz1adqun1qscofwi4zn			false		false			false	false	
enwiki	revision	create	2001-01-29 19:23:29.0	*	479	17255773	JimboWales	JimboWales		nocreate,noautoblock					false	false	false	false	false	true	2001-01-23 22:34:16.0		2001-01-19 01:24:40.0	25	256480	50	AbbevilleFrance	AbbevilleFrance	0	true	0	true	true	false	2001-01-28 09:44:04.0	2001-01-28 09:44:04.0	2	121165																				233252	233251	false		false	2612	-2	7vuu12y115nv065lq7c28qn5znvc240			false		false			false	false	
enwiki	revision	create	2001-01-29 19:25:55.0	*	34	37987405	WojPob	WojPob							false	false	false	false	false	true	2001-01-29 11:07:25.0		2001-01-27 01:10:21.0	13	583	5085	CityBerlin	CityBerlin	0	true	0	true	true	false	2001-01-26 00:30:03.0	2001-01-26 00:30:03.0	12	13689																				1269952187	1269952186	false		false	369	43	trsqtjw0dn9mml8l01nhh615k7aincf			false		false			false	false	
enwiki	page	create	2001-01-29 19:53:15.0		34	37987405	WojPob	WojPob							false	false	false	false	false	true	2001-01-29 11:07:25.0		2001-01-27 01:10:21.0			5101	CipheR	CipheR	0	true	0	true	true	false	2001-01-29 19:53:15.0	2001-01-29 19:53:15.0																																							
enwiki	revision	create	2001-01-29 19:53:15.0	*	34	37987405	WojPob	WojPob							false	false	false	false	false	true	2001-01-29 11:07:25.0		2001-01-27 01:10:21.0	14	1640	5101	CipheR	CipheR	0	true	0	true	true	false	2001-01-29 19:53:15.0	2001-01-29 19:53:15.0	1																					241113	0	false		false	1268	1268	i7n3uytbormswg6p4rkr72qtmyjwthy			false		false			false	false	
enwiki	page	create	2001-01-29 19:56:29.0		34	37987405	WojPob	WojPob							false	false	false	false	false	true	2001-01-29 11:07:25.0		2001-01-27 01:10:21.0			7978	Data_Encryption_Standard	Data_Encryption_Standard	0	true	0	true	false	false	2001-01-29 19:56:29.0	2001-01-29 19:56:29.0																																							
enwiki	revision	create	2001-01-29 19:56:29.0	*	34	37987405	WojPob	WojPob							false	false	false	false	false	true	2001-01-29 11:07:25.0		2001-01-27 01:10:21.0	15	194	7978	Data_Encryption_Standard	Data_Encryption_Standard	0	true	0	true	false	false	2001-01-29 19:56:29.0	2001-01-29 19:56:29.0	1																					1328019810	0	false		false	2141	2141	2ygu08avzgjv98cs7pqtltn825v4pls			false		false			false	false	
enwiki	revision	create	2001-01-29 19:58:18.0	Writing up my personal info	10164597	3603883	ChessyPig	ChessyPig							false	false	true	false	false	true	2009-07-22 03:31:50.0	2009-07-22 03:31:51.0	2001-01-29 19:58:18.0	1		23697596	ChessyPig	ChessyPig	2	false	2	false	false	false	2009-07-22 03:31:03.0	2001-01-29 19:58:18.0	1																					561479449	15903338	true		false	197	-1	jj1f5q2oodyu3kh8cklo6cae5ujwlat			false		false			false	true	
enwiki	user	create	2001-01-29 19:58:18.0		194203	745	Graham87											false	false	true																			10164597	3603883	ChessyPig	ChessyPig							false	false	true	false	false	true	2009-07-22 03:31:50.0	2009-07-22 03:31:51.0	2001-01-29 19:58:18.0																		
enwiki	revision	create	2001-01-29 20:13:40.0	Addition of this page	10164597	3603883	ChessyPig	ChessyPig							false	false	true	false	false	true	2009-07-22 03:31:50.0	2009-07-22 03:31:51.0	2001-01-29 19:58:18.0	2	922	49507	Wiki_Supreme_Court	Wiki_Supreme_Court	4	false	4	false	false	false	2001-01-29 20:13:40.0	2001-01-29 20:13:40.0	1																					294314	0	false		false	506	506	gzdf9lxxfcm8xi4zji6iwc2kvqbkumc			false		false			false	false	
enwiki	page	create	2001-01-29 20:13:40.0		10164597	3603883	ChessyPig	ChessyPig							false	false	true	false	false	true	2009-07-22 03:31:50.0	2009-07-22 03:31:51.0	2001-01-29 19:58:18.0			49507	Wiki_Supreme_Court	Wiki_Supreme_Court	4	false	4	false	false	false	2001-01-29 20:13:40.0	2001-01-29 20:13:40.0																																							
enwiki	revision	create	2001-01-29 20:23:40.0	*	7800357	194415	AyeSpy	AyeSpy		nocreate,noemail,nousertalk					false	true	false	false	false	true	2008-09-07 01:37:15.0	2008-09-07 01:37:15.0	2001-01-19 01:10:38.0	26	142722	17522	Literary_Art	Literary_Art	0	true	0	true	true	false	2001-01-29 02:28:41.0	2001-01-29 02:28:41.0	3	64464																				1269781367	1269781366	false		false	87	27	bzauqfdl2cp4zojmpbae3o6fc175j3u			false		false			false	false	
enwiki	revision	create	2001-01-29 20:26:27.0	*	7800357	194415	AyeSpy	AyeSpy		nocreate,noemail,nousertalk					false	true	false	false	false	true	2008-09-07 01:37:15.0	2008-09-07 01:37:15.0	2001-01-19 01:10:38.0	27	167	13690711	ChristianityTalk	Christianity/Archive_1	0	true	1	false	false	false	2007-10-12 08:27:03.0	2001-01-26 22:48:20.0	5	217740																				1017358568	1017358567	false		false	5178	20	eyznn93sd5dvpj9q6bdqygyemdc49l1			false		false			false	true	
enwiki	revision	create	2001-01-29 20:29:32.0		10164597	3603883	ChessyPig	ChessyPig							false	false	true	false	false	true	2009-07-22 03:31:50.0	2009-07-22 03:31:51.0	2001-01-29 19:58:18.0	3	952	17522	Literary_Art	Literary_Art	0	true	0	true	true	false	2001-01-29 02:28:41.0	2001-01-29 02:28:41.0	4	352																				1269781368	1269781367	false		false	331	244	77js4tmnx7sp6qkysz6881ft1yvi7dr			false		false			false	false	
enwiki	revision	create	2001-01-29 20:30:57.0	*	34	37987405	WojPob	WojPob							false	false	false	false	false	true	2001-01-29 11:07:25.0		2001-01-27 01:10:21.0	16	2068	31633	UltrA	UltrA	0	true	0	true	true	false	2001-01-29 20:30:57.0	2001-01-29 20:30:57.0	1																					291432	0	false		false	2632	2632	map3mrs0ifqsakpfbjymykcqs96ystd			false		false			false	false	
enwiki	page	create	2001-01-29 20:30:57.0		34	37987405	WojPob	WojPob							false	false	false	false	false	true	2001-01-29 11:07:25.0		2001-01-27 01:10:21.0			31633	UltrA	UltrA	0	true	0	true	true	false	2001-01-29 20:30:57.0	2001-01-29 20:30:57.0																																							
enwiki	revision	create	2001-01-29 20:38:16.0	*	10164597	3603883	ChessyPig	ChessyPig							false	false	true	false	false	true	2009-07-22 03:31:50.0	2009-07-22 03:31:51.0	2001-01-29 19:58:18.0	4	524	17503	Leisure	Leisure	0	true	0	true	false	false	2001-01-29 20:38:16.0	2001-01-29 20:38:16.0	1																					263236	0	false		false	432	432	s1a842tla6cpn6d90lb2194jxhtschy			false		false			false	false	
enwiki	page	create	2001-01-29 20:38:16.0		10164597	3603883	ChessyPig	ChessyPig							false	false	true	false	false	true	2009-07-22 03:31:50.0	2009-07-22 03:31:51.0	2001-01-29 19:58:18.0			17503	Leisure	Leisure	0	true	0	true	false	false	2001-01-29 20:38:16.0	2001-01-29 20:38:16.0																																							
enwiki	user	create	2001-01-29 20:46:56.0		194203	745	Graham87											false	false	true																			49045265	77384516	Cob-delphi.r.state.mn.us	Cob-delphi.r.state.mn.us							false	false	true	false	false	true	2025-01-13 12:23:31.0	2025-01-13 12:23:32.0	2001-01-29 20:46:56.0																		
enwiki	revision	create	2001-01-29 20:46:56.0	*	49045265	77384516	Cob-delphi.r.state.mn.us	Cob-delphi.r.state.mn.us							false	false	true	false	false	true	2025-01-13 12:23:31.0	2025-01-13 12:23:32.0	2001-01-29 20:46:56.0	1		5069	CountriesU	CountriesU	0	true	0	true	false	false	2001-01-21 20:31:54.0	2001-01-21 20:31:54.0	2	692102																				1269181545	1269181544	false		false	20	8	5qwvmop7u92cdokpnaeap6i2y90p6bj			false		false			false	false	
enwiki	revision	create	2001-01-29 20:47:16.0	*	49045265	77384516	Cob-delphi.r.state.mn.us	Cob-delphi.r.state.mn.us							false	false	true	false	false	true	2025-01-13 12:23:31.0	2025-01-13 12:23:32.0	2001-01-29 20:46:56.0	2	20	5069	CountriesU	CountriesU	0	true	0	true	false	false	2001-01-21 20:31:54.0	2001-01-21 20:31:54.0	3	20																				1269181546	1269181545	false		false	23	3	rtkst3td8caxrxk6ttrfu7ujn7d43yl			false		false			false	false	
enwiki	revision	create	2001-01-29 20:47:33.0	*	49045265	77384516	Cob-delphi.r.state.mn.us	Cob-delphi.r.state.mn.us							false	false	true	false	false	true	2025-01-13 12:23:31.0	2025-01-13 12:23:32.0	2001-01-29 20:46:56.0	3	17	5069	CountriesU	CountriesU	0	true	0	true	false	false	2001-01-21 20:31:54.0	2001-01-21 20:31:54.0	4	17																				1269181547	1269181546	false		false	21	-2	6f033q5l3ka38uasozvoq9idn3b8u8r			false		false			false	false	
enwiki	revision	create	2001-01-29 20:53:55.0	*	34	37987405	WojPob	WojPob							false	false	false	false	false	true	2001-01-29 11:07:25.0		2001-01-27 01:10:21.0	17	1378	5069	CountriesU	CountriesU	0	true	0	true	false	false	2001-01-21 20:31:54.0	2001-01-21 20:31:54.0	5	382																				1269181548	1269181547	false		false	25	4	ta7ge533bsrn3h912jynz0dl6fd9pa4			false		false			false	false	
enwiki	revision	create	2001-01-29 20:59:21.0	*	7800357	194415	AyeSpy	AyeSpy		nocreate,noemail,nousertalk					false	true	false	false	false	true	2008-09-07 01:37:15.0	2008-09-07 01:37:15.0	2001-01-19 01:10:38.0	28	1974	336	Altruism	Altruism	0	true	0	true	false	false	2001-01-21 23:11:31.0	2001-01-21 23:11:31.0	15	126133																				1320694261	1320694260	false		false	3944	10	50qxxprn3t0kcve9976qc0x3a2dwr43			false		false			false	false	
enwiki	revision	create	2001-01-29 21:04:23.0	*	7800357	194415	AyeSpy	AyeSpy		nocreate,noemail,nousertalk					false	true	false	false	false	true	2008-09-07 01:37:15.0	2008-09-07 01:37:15.0	2001-01-19 01:10:38.0	29	302	13309	Hold_more_stubbornly_at_least	Hold_more_stubbornly_at_least	0	true	0	true	true	false	2001-01-18 02:13:37.0	2001-01-18 02:13:37.0	3	848482																				1271517665	1271517664	false		false	1821	10	mo2r1dcl3a5mlmmk2cps6w8uqhlz59n			false		false			false	false	
enwiki	revision	create	2001-01-29 21:08:29.0	*	10164597	3603883	ChessyPig	ChessyPig							false	false	true	false	false	true	2009-07-22 03:31:50.0	2009-07-22 03:31:51.0	2001-01-29 19:58:18.0	5	1813	17503	Leisure	Leisure	0	true	0	true	false	false	2001-01-29 20:38:16.0	2001-01-29 20:38:16.0	2	1813																				263237	263236	false		false	480	48	l26m5cvf84xbl7os24110lhcngqq6qd			false		false			false	false	
enwiki	page	create	2001-01-29 21:09:58.0		34	37987405	WojPob	WojPob							false	false	false	false	false	true	2001-01-29 11:07:25.0		2001-01-27 01:10:21.0			22975	Polish_language	Polish_language	0	true	0	true	false	false	2001-01-29 21:09:58.0	2001-01-29 21:09:58.0																																							
enwiki	revision	create	2001-01-29 21:09:58.0	*	34	37987405	WojPob	WojPob							false	false	false	false	false	true	2001-01-29 11:07:25.0		2001-01-27 01:10:21.0	18	963	22975	Polish_language	Polish_language	0	true	0	true	false	false	2001-01-29 21:09:58.0	2001-01-29 21:09:58.0	1																					1276536046	0	false		false	1161	1161	tj5bh443u01onts0b6o3ia3wcn52nv9			false		false			false	false	
enwiki	revision	create	2001-01-29 21:17:10.0	*	34	37987405	WojPob	WojPob							false	false	false	false	false	true	2001-01-29 11:07:25.0		2001-01-27 01:10:21.0	19	432	26624	SlavicLanguages	SlavicLanguages	0	true	0	true	true	false	2001-01-27 20:35:34.0	2001-01-27 20:35:34.0	2	175296																				279685	279684	false		false	2723	2288	8nrxxp6lyxohytlbcsjweniprggyqgm			false		false			false	false	
enwiki	revision	create	2001-01-29 21:23:12.0	*	34	37987405	WojPob	WojPob							false	false	false	false	false	true	2001-01-29 11:07:25.0		2001-01-27 01:10:21.0	20	362	22975	Polish_language	Polish_language	0	true	0	true	false	false	2001-01-29 21:09:58.0	2001-01-29 21:09:58.0	2	794																				1276536047	1276536046	false		false	1222	61	0im5gbdgtn3sq2eovt0pnl6xkyxavde			false		false			false	false	
enwiki	page	create	2001-01-29 21:24:06.0		34	37987405	WojPob	WojPob							false	false	false	false	false	true	2001-01-29 11:07:25.0		2001-01-27 01:10:21.0			38406060	PolanD	PolanD	0	true	0	true	true	false	2001-01-29 21:24:06.0	2001-01-29 21:24:06.0																																							
enwiki	revision	create	2001-01-29 21:24:06.0	*	34	37987405	WojPob	WojPob							false	false	false	false	false	true	2001-01-29 11:07:25.0		2001-01-27 01:10:21.0	21	54	38406060	PolanD	PolanD	0	true	0	true	true	false	2001-01-29 21:24:06.0	2001-01-29 21:24:06.0	1																					536294854	0	true		false	272	272	7sswktoif7iw7j51gbe7799krcuzakh			false		false			false	false	
enwiki	page	create	2001-01-29 21:26:54.0		34	37987405	WojPob	WojPob							false	false	false	false	false	true	2001-01-29 11:07:25.0		2001-01-27 01:10:21.0			32908	Warsaw	Warsaw	0	true	0	true	false	false	2001-01-29 21:26:54.0	2001-01-29 21:26:54.0																																							
enwiki	revision	create	2001-01-29 21:26:54.0	*	34	37987405	WojPob	WojPob							false	false	false	false	false	true	2001-01-29 11:07:25.0		2001-01-27 01:10:21.0	22	168	32908	Warsaw	Warsaw	0	true	0	true	false	false	2001-01-29 21:26:54.0	2001-01-29 21:26:54.0	1																					1284240292	0	false		false	1444	1444	7dc2jpsdxkwsfnt34zpwiwg3dlv5qtb			false		false			false	false	
enwiki	revision	create	2001-01-29 21:36:44.0	*	34	37987405	WojPob	WojPob							false	false	false	false	false	true	2001-01-29 11:07:25.0		2001-01-27 01:10:21.0	23	590	32908	Warsaw	Warsaw	0	true	0	true	false	false	2001-01-29 21:26:54.0	2001-01-29 21:26:54.0	2	590																				294316	0	true		false	1485	1485	dcw2hzlyoetguh6tbbuedcvwzbo5ez9			false		false			false	false	
enwiki	revision	create	2001-01-29 22:33:15.0	*	43200878	68672494	ACA11876.ipt.aol.com	ACA11876.ipt.aol.com							false	false	true	false	false	true	2022-01-16 14:53:51.0	2022-01-16 14:53:52.0	2001-01-29 22:33:15.0	1		51205	What_is_a_wiki	What_is_a_wiki	4	false	4	false	true	false	2001-01-17 00:05:52.0	2001-01-17 00:05:52.0	32	226167																				1066049433	1066049432	false		false	566	6	otjw6qdfe5icvnw0wkeh0d4dew8minq			false		false			false	false	
enwiki	user	create	2001-01-29 22:33:15.0		194203	745	Graham87											false	false	true																			43200878	68672494	ACA11876.ipt.aol.com	ACA11876.ipt.aol.com							false	false	true	false	false	true	2022-01-16 14:53:51.0	2022-01-16 14:53:52.0	2001-01-29 22:33:15.0																		
enwiki	revision	create	2001-01-29 22:33:19.0		7800319		LarrySanger											false						131	18522		EnglishLanguage		0	true																												834801493		true		false	288	288	9okw49y9bk726q018bra0gfs801gmn5			true	2001-01-29 22:33:19.0	false			false	false	
enwiki	revision	create	2001-01-29 22:36:58.0	*	7800319		LarrySanger											false						132	219	17522	Literary_Art	Literary_Art	0	true	0	true	true	false	2001-01-29 02:28:41.0	2001-01-29 02:28:41.0	5	7646																				1269781369	1269781368	false		false	103	-228	daar6ri7a4nox102topgi5kem63db7h			false		false			false	false	
enwiki	revision	create	2001-01-29 22:45:57.0	*	7800319		LarrySanger											false						133	539	49507	Wiki_Supreme_Court	Wiki_Supreme_Court	4	false	4	false	false	false	2001-01-29 20:13:40.0	2001-01-29 20:13:40.0	2	9137																				294315	294314	false		false	939	433	7kqzw4p3z92kecevxxcjx5z4uqixuew			false		false			false	false	
enwiki	user	create	2001-01-29 23:53:13.0		194203	745	Graham87											false	false	true																			49025029	77354599	Adsl-63-204-214-106.dsl.snfc21.pacbell.net	Adsl-63-204-214-106.dsl.snfc21.pacbell.net							false	false	true	false	false	true	2025-01-09 09:22:17.0	2025-01-09 09:22:18.0	2001-01-29 23:53:13.0																		
enwiki	revision	create	2001-01-29 23:53:13.0	*	49025029	77354599	Adsl-63-204-214-106.dsl.snfc21.pacbell.net	Adsl-63-204-214-106.dsl.snfc21.pacbell.net							false	false	true	false	false	true	2025-01-09 09:22:17.0	2025-01-09 09:22:18.0	2001-01-29 23:53:13.0	1		5062	CountriesZ	CountriesZ	0	true	0	true	false	false	2001-01-19 06:51:00.0	2001-01-19 06:51:00.0	2	925333																				1268350717	1268350716	false		false	15	10	41ob1a4b14bf7knl9ue82x6fb7f12ob			false		false			false	false	
enwiki	revision	create	2001-01-29 23:54:13.0	*	49025029	77354599	Adsl-63-204-214-106.dsl.snfc21.pacbell.net	Adsl-63-204-214-106.dsl.snfc21.pacbell.net							false	false	true	false	false	true	2025-01-09 09:22:17.0	2025-01-09 09:22:18.0	2001-01-29 23:53:13.0	2	60	5062	CountriesZ	CountriesZ	0	true	0	true	false	false	2001-01-19 06:51:00.0	2001-01-19 06:51:00.0	3	60																				1268350718	1268350717	false		false	15	0	lkqbijjznxjcou64iobmwlnx2zmvyqx			false		false			false	false	
enwiki	revision	create	2001-01-29 23:54:36.0	*	49025029	77354599	Adsl-63-204-214-106.dsl.snfc21.pacbell.net	Adsl-63-204-214-106.dsl.snfc21.pacbell.net							false	false	true	false	false	true	2025-01-09 09:22:17.0	2025-01-09 09:22:18.0	2001-01-29 23:53:13.0	3	23	5062	CountriesZ	CountriesZ	0	true	0	true	false	false	2001-01-19 06:51:00.0	2001-01-19 06:51:00.0	4	23																				1268350719	1268350718	false		false	14	-1	3v2xyp9f8ztbeqqhyuajne51u80keyp			false		false			false	false	
enwiki	revision	create	2001-01-29 23:54:45.0	*	49025029	77354599	Adsl-63-204-214-106.dsl.snfc21.pacbell.net	Adsl-63-204-214-106.dsl.snfc21.pacbell.net							false	false	true	false	false	true	2025-01-09 09:22:17.0	2025-01-09 09:22:18.0	2001-01-29 23:53:13.0	4	9	5062	CountriesZ	CountriesZ	0	true	0	true	false	false	2001-01-19 06:51:00.0	2001-01-19 06:51:00.0	5	9																				1268350720	1268350719	false		false	18	4	kdomk92br2ulmafxo0i62vwzhkk2z3k			false		false			false	false	
enwiki	revision	create	2001-01-29 23:54:56.0	*	49025029	77354599	Adsl-63-204-214-106.dsl.snfc21.pacbell.net	Adsl-63-204-214-106.dsl.snfc21.pacbell.net							false	false	true	false	false	true	2025-01-09 09:22:17.0	2025-01-09 09:22:18.0	2001-01-29 23:53:13.0	5	11	5062	CountriesZ	CountriesZ	0	true	0	true	false	false	2001-01-19 06:51:00.0	2001-01-19 06:51:00.0	6	11																				1268350721	1268350720	false		false	15	-3	ixz4luowudu4izgatoib5h8t8chohrp			false		false			false	false	
enwiki	page	create	2001-01-30 00:12:08.0		7792520	183098	JoshuaGrosse	JoshuaGrosse		nocreate,noemail,nousertalk					true	false	false	false	false	true	2008-09-05 20:14:59.0	2008-09-05 20:14:59.0	2001-01-22 07:11:28.0			26633	SlaviC	SlaviC	0	true	0	true	true	false	2001-01-30 00:12:08.0	2001-01-30 00:12:08.0																																							
enwiki	revision	create	2001-01-30 00:12:08.0	*	7792520	183098	JoshuaGrosse	JoshuaGrosse		nocreate,noemail,nousertalk					true	false	false	false	false	true	2008-09-05 20:14:59.0	2008-09-05 20:14:59.0	2001-01-22 07:11:28.0	60	36529	26633	SlaviC	SlaviC	0	true	0	true	true	false	2001-01-30 00:12:08.0	2001-01-30 00:12:08.0	1																					279698	0	true		false	41	41	bxl77e56llqbun9fkkeno9bybt0rmxm			false		false			false	false	
enwiki	revision	create	2001-01-30 00:31:11.0	*	4938	37899085	TimShell	TimShell							false	false	false	false	false	true	2002-10-22 05:06:31.0		2001-01-27 06:32:24.0	48	61261	241	AfricanAmericanPeople	AfricanAmericanPeople	0	true	0	true	true	false	2001-01-30 00:31:11.0	2001-01-30 00:31:11.0	1																					233435	0	true		false	520	520	7gwmbakuplii0byvxvyd7mgw6gkc3zi			false		false			false	false	
enwiki	page	create	2001-01-30 00:31:11.0		4938	37899085	TimShell	TimShell							false	false	false	false	false	true	2002-10-22 05:06:31.0		2001-01-27 06:32:24.0			241	AfricanAmericanPeople	AfricanAmericanPeople	0	true	0	true	true	false	2001-01-30 00:31:11.0	2001-01-30 00:31:11.0																																							
enwiki	revision	create	2001-01-30 00:36:04.0	*	4938	37899085	TimShell	TimShell							false	false	false	false	false	true	2002-10-22 05:06:31.0		2001-01-27 06:32:24.0	49	293	32867	WalterWilliams	WalterWilliams	0	true	0	true	true	false	2001-01-30 00:36:04.0	2001-01-30 00:36:04.0	1																					294318	0	false		false	222	222	rxf2v1j39hd7ket1opxcgyzf2qkeb7q			false		false			false	false	
enwiki	page	create	2001-01-30 00:36:04.0		4938	37899085	TimShell	TimShell							false	false	false	false	false	true	2002-10-22 05:06:31.0		2001-01-27 06:32:24.0			32867	WalterWilliams	WalterWilliams	0	true	0	true	true	false	2001-01-30 00:36:04.0	2001-01-30 00:36:04.0																																							
enwiki	revision	create	2001-01-30 01:13:03.0	*			c373514-a.provo1.ut.home.com	c373514-a.provo1.ut.home.com										true								7858	DanCe	DanCe	0	true	0	true	true	false	2001-01-26 02:08:50.0	2001-01-26 02:08:50.0	2	342253																				246329	246328	false		false	273	15	jsyrefk5qdjg73jswt7stc470o71k2e			false		false			false	false	
enwiki	revision	create	2001-01-30 01:14:45.0	*	34	37987405	WojPob	WojPob							false	false	false	false	false	true	2001-01-29 11:07:25.0		2001-01-27 01:10:21.0	24	13081	242	AdolfHitler	AdolfHitler	0	true	0	true	true	false	2001-01-30 01:14:45.0	2001-01-30 01:14:45.0	1																					1269945757	0	false		false	967	967	a3ys3uwi2t5yocsl8vwenxwgrpugsod			false		false			false	false	
enwiki	page	create	2001-01-30 01:14:45.0		34	37987405	WojPob	WojPob							false	false	false	false	false	true	2001-01-29 11:07:25.0		2001-01-27 01:10:21.0			242	AdolfHitler	AdolfHitler	0	true	0	true	true	false	2001-01-30 01:14:45.0	2001-01-30 01:14:45.0																																							
enwiki	revision	create	2001-01-30 01:15:20.0	*	34	37987405	WojPob	WojPob							false	false	false	false	false	true	2001-01-29 11:07:25.0		2001-01-27 01:10:21.0	25	35	242	AdolfHitler	AdolfHitler	0	true	0	true	true	false	2001-01-30 01:14:45.0	2001-01-30 01:14:45.0	2	35																				1269945758	1269945757	false		false	967	0	806twa217k48pu8xsd24e3r1u1vx7sh			false		false			false	false	
enwiki	revision	create	2001-01-30 01:15:42.0	*	34	37987405	WojPob	WojPob							false	false	false	false	false	true	2001-01-29 11:07:25.0		2001-01-27 01:10:21.0	26	22	242	AdolfHitler	AdolfHitler	0	true	0	true	true	false	2001-01-30 01:14:45.0	2001-01-30 01:14:45.0	3	22																				1269945759	1269945758	false		false	966	-1	t974wovmvevwzwm95vxzlsxcxesvsyt			false		false			false	false	
enwiki	revision	create	2001-01-30 01:17:04.0	*	34	37987405	WojPob	WojPob							false	false	false	false	false	true	2001-01-29 11:07:25.0		2001-01-27 01:10:21.0	27	82	242	AdolfHitler	AdolfHitler	0	true	0	true	true	false	2001-01-30 01:14:45.0	2001-01-30 01:14:45.0	4	82																				1269945760	1269945759	false		false	974	8	mf4kifzzu0h5aeadxhefwv2b7nrbo68			false		false			false	false	
enwiki	revision	create	2001-01-30 01:20:11.0	*	34	37987405	WojPob	WojPob							false	false	false	false	false	true	2001-01-29 11:07:25.0		2001-01-27 01:10:21.0	28	187	242	AdolfHitler	AdolfHitler	0	true	0	true	true	false	2001-01-30 01:14:45.0	2001-01-30 01:14:45.0	5	187																				1269945761	1269945760	false		false	973	-1	0qpfy8l77p3mtrjptt1kjwyddjtkoyx			false		false			false	false	
enwiki	revision	create	2001-01-30 01:21:43.0	*Reply to Calvin Ostrum will be delayed	99	37738155	RoseParks	RoseParks							false	false	false	false	false	true	2001-01-21 02:12:21.0		2001-01-18 06:07:37.0	25	85721	26691	Set	Set_(mathematics)	0	true	0	true	false	false	2001-01-29 00:57:28.0	2001-01-29 00:57:28.0	4	79875																				1270419034	1270419033	false		false	447	112	bzm0bzyvpksxgqfwmuc9lq6rvljtn3n			false		false			false	false	
enwiki	revision	create	2001-01-30 01:25:33.0	*	34	37987405	WojPob	WojPob							false	false	false	false	false	true	2001-01-29 11:07:25.0		2001-01-27 01:10:21.0	29	322	18740	MathematicsAndStatistics	MathematicsAndStatistics	0	true	0	true	true	false	2001-01-16 18:54:55.0	2001-01-16 18:54:55.0	15	154424																				1271656198	1271656197	false		false	349	22	6fado43lczoxoy1gpk6eeho9ogyfixa			false		false			false	false	
enwiki	page	create	2001-01-30 01:32:08.0		4938	37899085	TimShell	TimShell							false	false	false	false	false	true	2002-10-22 05:06:31.0		2001-01-27 06:32:24.0			3282	BalticSea	BalticSea	0	true	0	true	true	false	2001-01-30 01:32:08.0	2001-01-30 01:32:08.0																																							
enwiki	revision	create	2001-01-30 01:32:08.0	*	4938	37899085	TimShell	TimShell							false	false	false	false	false	true	2002-10-22 05:06:31.0		2001-01-27 06:32:24.0	50	3364	3282	BalticSea	BalticSea	0	true	0	true	true	false	2001-01-30 01:32:08.0	2001-01-30 01:32:08.0	1																					237882	0	true		false	510	510	nhr8akhvvmcrvcsttrvoyf8e4ers6s6			false		false			false	false	
enwiki	revision	create	2001-01-30 01:44:35.0	*	4938	37899085	TimShell	TimShell							false	false	false	false	false	true	2002-10-22 05:06:31.0		2001-01-27 06:32:24.0	51	747	12566	George_Mason_University	George_Mason_University	0	true	0	true	false	false	2001-01-30 01:44:35.0	2001-01-30 01:44:35.0	1																					253540	0	true		false	391	391	qctjr2ynt6hwde979kub0tc6qwkxfty			false		false			false	false	
enwiki	page	create	2001-01-30 01:44:35.0		4938	37899085	TimShell	TimShell							false	false	false	false	false	true	2002-10-22 05:06:31.0		2001-01-27 06:32:24.0			12566	George_Mason_University	George_Mason_University	0	true	0	true	false	false	2001-01-30 01:44:35.0	2001-01-30 01:44:35.0																																							
enwiki	revision	create	2001-01-30 01:50:55.0	*	4938	37899085	TimShell	TimShell							false	false	false	false	false	true	2002-10-22 05:06:31.0		2001-01-27 06:32:24.0	52	380	15546	JohannSebastianBach	JohannSebastianBach	0	true	0	true	true	false	2001-01-30 01:50:55.0	2001-01-30 01:50:55.0	1																					260433	0	true		false	189	189	l31t7mruj1ldpj3bo2832c0q7hfbv7h			false		false			false	false	
enwiki	page	create	2001-01-30 01:50:55.0		4938	37899085	TimShell	TimShell							false	false	false	false	false	true	2002-10-22 05:06:31.0		2001-01-27 06:32:24.0			15546	JohannSebastianBach	JohannSebastianBach	0	true	0	true	true	false	2001-01-30 01:50:55.0	2001-01-30 01:50:55.0																																							
enwiki	page	create	2001-01-30 01:55:21.0		7792520	183098	JoshuaGrosse	JoshuaGrosse		nocreate,noemail,nousertalk					true	false	false	false	false	true	2008-09-05 20:14:59.0	2008-09-05 20:14:59.0	2001-01-22 07:11:28.0			14481	IndoEuropean	IndoEuropean	0	true	0	true		true	2001-01-30 01:55:21.0	2001-01-30 01:55:21.0																																							
enwiki	revision	create	2001-01-30 01:55:21.0		7792520	183098	JoshuaGrosse	JoshuaGrosse		nocreate,noemail,nousertalk					true	false	false	false	false	true	2008-09-05 20:14:59.0	2008-09-05 20:14:59.0	2001-01-22 07:11:28.0	61	6193	14481	IndoEuropean	IndoEuropean	0	true	0	true		true	2001-01-30 01:55:21.0	2001-01-30 01:55:21.0	1																					258442		true		false	1685	1685	krimnardzdi228ze39k5k5cjqm9c2u0			true	2010-03-07 10:46:57.0	false			false	false	
enwiki	revision	create	2001-01-30 02:05:00.0	*			c373514-a.provo1.ut.home.com	c373514-a.provo1.ut.home.com										true								39809074											1																					263238	0	false		false	313	313	1xoiy8d8kfcabulc5r76j9i8g5t63cl			false		false			false	false	
enwiki	revision	create	2001-01-30 02:41:18.0	*	11536631	5603448	Ip216-26-55-14.dsl.du.teleport.com	Ip216-26-55-14.dsl.du.teleport.com							false	false	true	false	false	true	2010-01-27 03:24:33.0	2010-01-27 03:24:34.0	2001-01-30 02:41:18.0	1		10548	FederalisM	FederalisM	0	true	0	true	true	false	2001-01-30 02:41:18.0	2001-01-30 02:41:18.0	1																					340270275	290580091	false		false	14	-42	gnqq83y2xxjy56qet85u7anl40xanyq			false		false			false	false	
enwiki	page	create	2001-01-30 02:41:18.0		11536631	5603448	Ip216-26-55-14.dsl.du.teleport.com	Ip216-26-55-14.dsl.du.teleport.com							false	false	true	false	false	true	2010-01-27 03:24:33.0	2010-01-27 03:24:34.0	2001-01-30 02:41:18.0			10548	FederalisM	FederalisM	0	true	0	true	true	false	2001-01-30 02:41:18.0	2001-01-30 02:41:18.0																																							
enwiki	user	create	2001-01-30 02:41:18.0		194203	745	Graham87											false	false	true																			11536631	5603448	Ip216-26-55-14.dsl.du.teleport.com	Ip216-26-55-14.dsl.du.teleport.com							false	false	true	false	false	true	2010-01-27 03:24:33.0	2010-01-27 03:24:34.0	2001-01-30 02:41:18.0																		
enwiki	revision	create	2001-01-30 03:04:37.0	*	4938	37899085	TimShell	TimShell							false	false	false	false	false	true	2002-10-22 05:06:31.0		2001-01-27 06:32:24.0	53	4422	18951386	Atlas_Shrugged	Atlas_Shrugged	0	true	0	true	false	false	2008-08-20 18:40:47.0	2001-01-28 10:25:23.0	21	29889																				854308902	854308901	false		false	1631	52	681b5eyroitoe2w9qkpt0km52cvqvo0			false		false			false	true	
enwiki	revision	create	2001-01-30 04:16:58.0	*	4938	37899085	TimShell	TimShell							false	false	false	false	false	true	2002-10-22 05:06:31.0		2001-01-27 06:32:24.0	54	4341	25478467	TimShell/TimeLine	TimShell/TimeLine	2	false	2	false	false	false	2009-12-18 14:52:26.0	2001-01-30 04:16:58.0	1																					286387	0	true		false	103	103	iwp7b4ih4j54mimq3svgclh1dl23j49			false		false			false	true	
enwiki	revision	create	2001-01-30 04:17:20.0	*	4938	37899085	TimShell	TimShell							false	false	false	false	false	true	2002-10-22 05:06:31.0		2001-01-27 06:32:24.0	55	22	25478467	TimShell/TimeLine	TimShell/TimeLine	2	false	2	false	false	false	2009-12-18 14:52:26.0	2001-01-30 04:16:58.0	2	22																				286388	286387	true		false	101	-2	4q4gar3q975pzuabqwac68in4i5jg24			false		false			false	true	
enwiki	revision	create	2001-01-30 04:17:41.0	*	4938	37899085	TimShell	TimShell							false	false	false	false	false	true	2002-10-22 05:06:31.0		2001-01-27 06:32:24.0	56	21	25478467	TimShell/TimeLine	TimShell/TimeLine	2	false	2	false	false	false	2009-12-18 14:52:26.0	2001-01-30 04:16:58.0	3	21																				286389	286388	true		false	104	3	7285jdbymluqwqn5gzwpe7j5p3m9szq			false		false			false	true	
enwiki	revision	create	2001-01-30 04:18:12.0	*	4938	37899085	TimShell	TimShell							false	false	false	false	false	true	2002-10-22 05:06:31.0		2001-01-27 06:32:24.0	57	31	25478467	TimShell/TimeLine	TimShell/TimeLine	2	false	2	false	false	false	2009-12-18 14:52:26.0	2001-01-30 04:16:58.0	4	31																				286390	286389	true		false	103	-1	iqaib5b6jzgr1d38qpcmv3kh61vdur5			false		false			false	true	
enwiki	revision	create	2001-01-30 04:18:27.0	*	4938	37899085	TimShell	TimShell							false	false	false	false	false	true	2002-10-22 05:06:31.0		2001-01-27 06:32:24.0	58	15	25478467	TimShell/TimeLine	TimShell/TimeLine	2	false	2	false	false	false	2009-12-18 14:52:26.0	2001-01-30 04:16:58.0	5	15																				286391	286390	true		false	90	-13	4csi52c4r12v391ixdpphehdj9qqruf			false		false			false	true	
enwiki	revision	create	2001-01-30 04:19:00.0	*	4938	37899085	TimShell	TimShell							false	false	false	false	false	true	2002-10-22 05:06:31.0		2001-01-27 06:32:24.0	59	33	25478467	TimShell/TimeLine	TimShell/TimeLine	2	false	2	false	false	false	2009-12-18 14:52:26.0	2001-01-30 04:16:58.0	6	33																				286392	286391	true		false	247	157	kzcnbb36tpmlg4dc6yu0fdw44ef47ns			false		false			false	true	
enwiki	revision	create	2001-01-30 04:20:09.0	*	4938	37899085	TimShell	TimShell							false	false	false	false	false	true	2002-10-22 05:06:31.0		2001-01-27 06:32:24.0	60	69	25478467	TimShell/TimeLine	TimShell/TimeLine	2	false	2	false	false	false	2009-12-18 14:52:26.0	2001-01-30 04:16:58.0	7	69																				286393	286392	true		false	399	152	l0257bljh4do0gtravor6cy18pxousz			false		false			false	true	
enwiki	revision	create	2001-01-30 04:31:00.0	*	4938	37899085	TimShell	TimShell							false	false	false	false	false	true	2002-10-22 05:06:31.0		2001-01-27 06:32:24.0	61	651	25478467	TimShell/TimeLine	TimShell/TimeLine	2	false	2	false	false	false	2009-12-18 14:52:26.0	2001-01-30 04:16:58.0	8	651																				286394	286393	false		false	785	386	kbpcxq6akes1h5lou6isufho02javjo			false		false			false	true	
enwiki	revision	create	2001-01-30 04:31:37.0	*	4938	37899085	TimShell	TimShell							false	false	false	false	false	true	2002-10-22 05:06:31.0		2001-01-27 06:32:24.0	62	37	25478467	TimShell/TimeLine	TimShell/TimeLine	2	false	2	false	false	false	2009-12-18 14:52:26.0	2001-01-30 04:16:58.0	9	37																				286395	286394	true		false	829	44	igcy0i2ynapdyzivtusomtzfo6vtqen			false		false			false	true	
enwiki	revision	create	2001-01-30 04:32:42.0	*	4938	37899085	TimShell	TimShell							false	false	false	false	false	true	2002-10-22 05:06:31.0		2001-01-27 06:32:24.0	63	65	25478467	TimShell/TimeLine	TimShell/TimeLine	2	false	2	false	false	false	2009-12-18 14:52:26.0	2001-01-30 04:16:58.0	10	65																				286396	286395	true		false	862	33	e4q6jf9gt7hhvkjopes0xx8207vdre9			false		false			false	true	
enwiki	revision	create	2001-01-30 04:33:01.0	*	4938	37899085	TimShell	TimShell							false	false	false	false	false	true	2002-10-22 05:06:31.0		2001-01-27 06:32:24.0	64	19	25478467	TimShell/TimeLine	TimShell/TimeLine	2	false	2	false	false	false	2009-12-18 14:52:26.0	2001-01-30 04:16:58.0	11	19																				286397	286396	true		false	868	6	emt0v1xmvsnfn4kgyzog0dxmaevrwtn			false		false			false	true	
enwiki	revision	create	2001-01-30 04:33:29.0	*	4938	37899085	TimShell	TimShell							false	false	false	false	false	true	2002-10-22 05:06:31.0		2001-01-27 06:32:24.0	65	28	25478467	TimShell/TimeLine	TimShell/TimeLine	2	false	2	false	false	false	2009-12-18 14:52:26.0	2001-01-30 04:16:58.0	12	28																				286398	286397	true		false	865	-3	supgg1592zcynts4bd99w1at36mbgrw			false		false			false	true	
enwiki	revision	create	2001-01-30 04:34:00.0	*	4938	37899085	TimShell	TimShell							false	false	false	false	false	true	2002-10-22 05:06:31.0		2001-01-27 06:32:24.0	66	31	25478467	TimShell/TimeLine	TimShell/TimeLine	2	false	2	false	false	false	2009-12-18 14:52:26.0	2001-01-30 04:16:58.0	13	31																				286399	286398	true		false	874	9	g67dn8p0cewc4coeek62ehzwm1pm6xb			false		false			false	true	
enwiki	revision	create	2001-01-30 04:34:42.0	*	4938	37899085	TimShell	TimShell							false	false	false	false	false	true	2002-10-22 05:06:31.0		2001-01-27 06:32:24.0	67	42	25478467	TimShell/TimeLine	TimShell/TimeLine	2	false	2	false	false	false	2009-12-18 14:52:26.0	2001-01-30 04:16:58.0	14	42																				286400	286399	true		false	596	-278	rg56miear8ndh250iuamksqmkro3v86			false		false			false	true	
enwiki	revision	create	2001-01-30 04:35:17.0	*	4938	37899085	TimShell	TimShell							false	false	false	false	false	true	2002-10-22 05:06:31.0		2001-01-27 06:32:24.0	68	35	25478467	TimShell/TimeLine	TimShell/TimeLine	2	false	2	false	false	false	2009-12-18 14:52:26.0	2001-01-30 04:16:58.0	15	35																				286401	286400	true		false	462	-134	l8ajdegfavv0n9mzipj8af2v6stfw92			false		false			false	true	
enwiki	revision	create	2001-01-30 04:35:26.0	*	4938	37899085	TimShell	TimShell							false	false	false	false	false	true	2002-10-22 05:06:31.0		2001-01-27 06:32:24.0	69	9	29698	TimShell/Date010129	TimShell/Date010129	2	false	2	false	false	false	2001-01-30 04:35:26.0	2001-01-30 04:35:26.0	1																					286403	0	true		false	346	346	8jhegkpkq19p0d2ueqlnpa573khagth			false		false			false	false	
enwiki	page	create	2001-01-30 04:35:26.0		4938	37899085	TimShell	TimShell							false	false	false	false	false	true	2002-10-22 05:06:31.0		2001-01-27 06:32:24.0			29698	TimShell/Date010129	TimShell/Date010129	2	false	2	false	false	false	2001-01-30 04:35:26.0	2001-01-30 04:35:26.0																																							
enwiki	revision	create	2001-01-30 04:36:05.0	*	4938	37899085	TimShell	TimShell							false	false	false	false	false	true	2002-10-22 05:06:31.0		2001-01-27 06:32:24.0	70	39	25478467	TimShell/TimeLine	TimShell/TimeLine	2	false	2	false	false	false	2009-12-18 14:52:26.0	2001-01-30 04:16:58.0	16	48																				286402	286401	true		false	51	-411	l34cby9p48821lhwy0rfw45ei4mg691			false		false			false	true	
enwiki	revision	create	2001-01-30 04:43:30.0	*	4938	37899085	TimShell	TimShell							false	false	false	false	false	true	2002-10-22 05:06:31.0		2001-01-27 06:32:24.0	71	445	29700	TimShell/Chicago	TimShell/Chicago	2	false	2	false	false	false	2001-01-30 04:43:30.0	2001-01-30 04:43:30.0	1																					286404	0	true		false	441	441	a1l1zm0laty6niw2b4w26nkmj666eo4			false		false			false	false	
enwiki	page	create	2001-01-30 04:43:30.0		4938	37899085	TimShell	TimShell							false	false	false	false	false	true	2002-10-22 05:06:31.0		2001-01-27 06:32:24.0			29700	TimShell/Chicago	TimShell/Chicago	2	false	2	false	false	false	2001-01-30 04:43:30.0	2001-01-30 04:43:30.0																																							
enwiki	revision	create	2001-01-30 04:47:31.0	*	7792520	183098	JoshuaGrosse	JoshuaGrosse		nocreate,noemail,nousertalk					true	false	false	false	false	true	2008-09-05 20:14:59.0	2008-09-05 20:14:59.0	2001-01-22 07:11:28.0	62	10330	26323569	HomePage	HomePage	0	true	0	true	true	false	2010-02-24 14:25:49.0	2001-01-15 19:27:13.0	78	159902																				908493377	908493376	false		false	1542	-113	sh1rm3d058e18ez1cve19ifexuyoywh			false		true	986116384	623178837	false	true	
enwiki	page	create	2001-01-30 04:54:49.0		4938	37899085	TimShell	TimShell							false	false	false	false	false	true	2002-10-22 05:06:31.0		2001-01-27 06:32:24.0			29703	TimShell/PacificBeach	TimShell/PacificBeach	2	false	2	false	false	false	2001-01-30 04:54:49.0	2001-01-30 04:54:49.0																																							
enwiki	revision	create	2001-01-30 04:54:49.0	*	4938	37899085	TimShell	TimShell							false	false	false	false	false	true	2002-10-22 05:06:31.0		2001-01-27 06:32:24.0	72	679	29703	TimShell/PacificBeach	TimShell/PacificBeach	2	false	2	false	false	false	2001-01-30 04:54:49.0	2001-01-30 04:54:49.0	1																					286406	0	true		false	91	91	bwvkw5i5ezvtqprkkxkze1ynezyjioi			false		false			false	false	
enwiki	page	create	2001-01-30 04:55:17.0		4938	37899085	TimShell	TimShell							false	false	false	false	false	true	2002-10-22 05:06:31.0		2001-01-27 06:32:24.0			29702	TimShell/Omaha	TimShell/Omaha	2	false	2	false	false	false	2001-01-30 04:55:17.0	2001-01-30 04:55:17.0																																							
enwiki	revision	create	2001-01-30 04:55:17.0	*	4938	37899085	TimShell	TimShell							false	false	false	false	false	true	2002-10-22 05:06:31.0		2001-01-27 06:32:24.0	73	28	29702	TimShell/Omaha	TimShell/Omaha	2	false	2	false	false	false	2001-01-30 04:55:17.0	2001-01-30 04:55:17.0	1																					286405	0	true		false	84	84	omn5o644tmuompqymwo2i2llhvdo8gn			false		false			false	false	
enwiki	revision	create	2001-01-30 07:46:23.0	*			c373514-a.provo1.ut.home.com	c373514-a.provo1.ut.home.com										true								162255											1																					279701	0	false		false	653	653	kygly8bimiw7lntxuhjvh6ai98g8b0f			false		false			false	false	
enwiki	revision	create	2001-01-30 07:46:37.0	*			c373514-a.provo1.ut.home.com	c373514-a.provo1.ut.home.com										true								162255											2	14																				279702	279701	false		false	654	1	rw62nrhihb4f2gqs15opvvdgwp67svj			false		false			false	false	
enwiki	revision	create	2001-01-30 08:47:30.0		3684	36925666	BryceHarrington	BryceHarrington							false	false	false	false	false	true	2001-01-24 23:49:09.0		2001-01-24 23:49:09.0	42	88033		AbdomeN		0	true																												233440		false		false	518	518	5i6vu9s66zpfy5mzwryfuc19rygujet			true	2001-01-30 08:47:30.0	false			false	false	
enwiki	revision	create	2001-01-30 08:49:42.0	*	10164914	3604305	WcGing	WcGing							false	false	true	false	false	true	2009-07-22 04:43:49.0	2009-07-22 04:43:51.0	2001-01-30 08:49:42.0	1		17743639	WikiPediaFaq	FAQ	0	true	4	false	false	false	2008-06-03 01:51:12.0	2001-01-17 01:12:24.0	30	221559																				1269545159	1269545158	false		false	6043	63	7wfs4yh13uis4emhp8njktiypia87xd			false		false			false	true	
enwiki	user	create	2001-01-30 08:49:42.0		194203	745	Graham87											false	false	true																			10164914	3604305	WcGing	WcGing							false	false	true	false	false	true	2009-07-22 04:43:49.0	2009-07-22 04:43:51.0	2001-01-30 08:49:42.0																		
enwiki	page	create	2001-01-30 08:51:38.0		3684	36925666	BryceHarrington	BryceHarrington							false	false	false	false	false	true	2001-01-24 23:49:09.0		2001-01-24 23:49:09.0			247	AbeceDarians	AbeceDarians	0	true	0	true	true	false	2001-01-30 08:51:38.0	2001-01-30 08:51:38.0																																							
enwiki	revision	create	2001-01-30 08:51:38.0	Religious extremist group.  Compliments of EB and PG.	3684	36925666	BryceHarrington	BryceHarrington							false	false	false	false	false	true	2001-01-24 23:49:09.0		2001-01-24 23:49:09.0	43	248	247	AbeceDarians	AbeceDarians	0	true	0	true	true	false	2001-01-30 08:51:38.0	2001-01-30 08:51:38.0	1																					233443	0	false		false	471	471	mbnpxz16lf3ccodbjxrey27s5jgq2j5			false		false			false	false	
enwiki	page	create	2001-01-30 08:52:40.0		3684	36925666	BryceHarrington	BryceHarrington							false	false	false	false	false	true	2001-01-24 23:49:09.0		2001-01-24 23:49:09.0			248	AbeL	AbeL	0	true	0	true	true	false	2001-01-30 08:52:40.0	2001-01-30 08:52:40.0																																							
enwiki	revision	create	2001-01-30 08:52:40.0	Abel of biblical fame.  Compliments of EB and PG.	3684	36925666	BryceHarrington	BryceHarrington							false	false	false	false	false	true	2001-01-24 23:49:09.0		2001-01-24 23:49:09.0	44	62	248	AbeL	AbeL	0	true	0	true	true	false	2001-01-30 08:52:40.0	2001-01-30 08:52:40.0	1																					233445	0	false		false	1365	1365	c4yk589w5ht8lu7tppoqmlgkd924e8i			false		false			false	false	
enwiki	revision	create	2001-01-30 08:54:15.0	Description of the Charleston swing dance			c373514-a.provo1.ut.home.com	c373514-a.provo1.ut.home.com										true								5103											1																					241114	0	false		false	3556	3556	4cu7ot4uojqi2xax2syh62o077awvad			false		false			false	false	
enwiki	revision	create	2001-01-30 08:55:07.0	*	10164914	3604305	WcGing	WcGing							false	false	true	false	false	true	2009-07-22 04:43:49.0	2009-07-22 04:43:51.0	2001-01-30 08:49:42.0	2	325	23698132	WcGing	WcGing	2	false	2	false	false	false	2009-07-22 04:42:33.0	2001-01-30 08:55:07.0	1																					1272087256	0	false		false	89	89	4cv0vjjkidd1au0brtmxpcrvv3pq8t1			false		false			false	true	
enwiki	revision	create	2001-01-30 08:59:20.0	Fourth Erl of Aberdeen.  Compliments of EB and PG.	3684	36925666	BryceHarrington	BryceHarrington							false	false	false	false	false	true	2001-01-24 23:49:09.0		2001-01-24 23:49:09.0	45	400	11850	GeorgeHamiltonGordonAberdeen	GeorgeHamiltonGordonAberdeen	0	true	0	true	true	false	2001-01-30 08:59:20.0	2001-01-30 08:59:20.0	1																					253541	0	false		false	12279	12279	qtk42fk68o9r45q2tlhorykapae56o7			false		false			false	false	
enwiki	page	create	2001-01-30 08:59:20.0		3684	36925666	BryceHarrington	BryceHarrington							false	false	false	false	false	true	2001-01-24 23:49:09.0		2001-01-24 23:49:09.0			11850	GeorgeHamiltonGordonAberdeen	GeorgeHamiltonGordonAberdeen	0	true	0	true	true	false	2001-01-30 08:59:20.0	2001-01-30 08:59:20.0																																							
enwiki	revision	create	2001-01-30 09:01:39.0	Long description of Aberdeen Scotland.  Compliments of EB and PG.	3684	36925666	BryceHarrington	BryceHarrington							false	false	false	false	false	true	2001-01-24 23:49:09.0		2001-01-24 23:49:09.0	46	139	1627	Aberdeen	Aberdeen	0	true	0	true	false	false	2001-01-30 09:01:39.0	2001-01-30 09:01:39.0	1																					774734487	0	false		false	21828	21828	bylkcqof1mjamfkfgs61zum85e0wtq0			false		false			false	false	
enwiki	page	create	2001-01-30 09:01:39.0		3684	36925666	BryceHarrington	BryceHarrington							false	false	false	false	false	true	2001-01-24 23:49:09.0		2001-01-24 23:49:09.0			1627	Aberdeen	Aberdeen	0	true	0	true	false	false	2001-01-30 09:01:39.0	2001-01-30 09:01:39.0																																							
enwiki	revision	create	2001-01-30 09:41:26.0	Added suggestions to some genres	12035388	6323699	StefanSig	StefanSig							false	false	true	false	false	true	2010-03-30 06:42:09.0	2010-03-30 06:42:11.0	2001-01-29 18:44:14.0	2	53832	18743	MuSic	MuSic	0	true	0	true	true	false	2001-01-17 00:18:15.0	2001-01-17 00:18:15.0	13	266823																				1271289304	1271289303	false		false	703	82	8ztoob9hazg84cmefaom2131wiphfl6			false		false			false	false	
enwiki	revision	create	2001-01-30 09:41:56.0	*	12035388	6323699	StefanSig	StefanSig							false	false	true	false	false	true	2010-03-30 06:42:09.0	2010-03-30 06:42:11.0	2001-01-29 18:44:14.0	3	30	18743	MuSic	MuSic	0	true	0	true	true	false	2001-01-17 00:18:15.0	2001-01-17 00:18:15.0	14	30																				1271289305	1271289304	false		false	708	5	8fn2j2en45b0x9sg8ic2wafensetn4v			false		false			false	false	
enwiki	revision	create	2001-01-30 09:42:36.0	*	12035388	6323699	StefanSig	StefanSig							false	false	true	false	false	true	2010-03-30 06:42:09.0	2010-03-30 06:42:11.0	2001-01-29 18:44:14.0	4	40	18743	MuSic	MuSic	0	true	0	true	true	false	2001-01-17 00:18:15.0	2001-01-17 00:18:15.0	15	40																				1271289306	1271289305	false		false	713	5	4u2qrqwkcfdu7glr42rjzfcrsq2b7pe			false		false			false	false	
enwiki	revision	create	2001-01-30 12:48:26.0	Minor corrections and additions to `Axioms for set theory' section			147.188.56.xxx	147.188.56.xxx										true								86718	Axiomatic_set_theory	Axiomatic_set_theory	0	true	0	true	true	false	2001-01-29 00:19:02.0	2001-01-29 00:19:02.0	10	81907																				1066391517	1066391516	false		false	4828	1440	alxrqeadufq1wz8zkuptzuo7qhb2r42			false		false			false	false	
enwiki	page	create	2001-01-30 15:34:32.0		49035871	77370454	Asd1rjhp.asd1.rl.ac.uk	Asd1rjhp.asd1.rl.ac.uk							false	false	true	false	false	true	2025-01-11 11:47:32.0	2025-01-11 11:47:33.0	2001-01-30 15:34:32.0			29708	TheBeatles	TheBeatles	0	true	0	true	true	false	2001-01-30 15:34:32.0	2001-01-30 15:34:32.0																																							
enwiki	user	create	2001-01-30 15:34:32.0		194203	745	Graham87											false	false	true																			49035871	77370454	Asd1rjhp.asd1.rl.ac.uk	Asd1rjhp.asd1.rl.ac.uk							false	false	true	false	false	true	2025-01-11 11:47:32.0	2025-01-11 11:47:33.0	2001-01-30 15:34:32.0																		
enwiki	revision	create	2001-01-30 15:34:32.0	The Greatest Pop Music Group the World has ever seen.	49035871	77370454	Asd1rjhp.asd1.rl.ac.uk	Asd1rjhp.asd1.rl.ac.uk							false	false	true	false	false	true	2025-01-11 11:47:32.0	2025-01-11 11:47:33.0	2001-01-30 15:34:32.0	1		29708	TheBeatles	TheBeatles	0	true	0	true	true	false	2001-01-30 15:34:32.0	2001-01-30 15:34:32.0	1																					1268761638	0	false		false	311	311	r89v8af3i327h5hokmm52ilw9n7szsx			false		false			false	false	
enwiki	revision	create	2001-01-30 16:43:13.0	*A question that needs an answer on SeT''s''	99	37738155	RoseParks	RoseParks							false	false	false	false	false	true	2001-01-21 02:12:21.0		2001-01-18 06:07:37.0	26	55290	26691	Set	Set_(mathematics)	0	true	0	true	false	false	2001-01-29 00:57:28.0	2001-01-29 00:57:28.0	5	55290																				1270419035	1270419034	false		false	429	-18	l7wdhpsmw2izxu8k33bucij54wfrdix			false		false			false	false	
enwiki	revision	create	2001-01-30 16:45:09.0	*Open question on Sets	99	37738155	RoseParks	RoseParks							false	false	false	false	false	true	2001-01-21 02:12:21.0		2001-01-18 06:07:37.0	27	116	26691	Set	Set_(mathematics)	0	true	0	true	false	false	2001-01-29 00:57:28.0	2001-01-29 00:57:28.0	6	116																				1270419036	1270419035	false		false	428	-1	gsx5b48rs9xbv4tg0zjmrbdy28h9euq			false		false			false	false	
enwiki	revision	create	2001-01-30 17:17:07.0		99	37738155	RoseParks	RoseParks							false	false	false	false	false	true	2001-01-21 02:12:21.0		2001-01-18 06:07:37.0	29	0	53031385	JoshuaGrosse	JoshuaGrosse	0	true	0	true		true	2017-01-30 09:35:01.0	2001-01-30 17:17:07.0	1																					762715159	0	false		false	4270	4270	rkp1gugc2lctiy3vl6a5ps7gqi3qvow			true	2017-01-30 09:43:48.0	false			false	true	
enwiki	revision	create	2001-01-30 17:17:07.0	*Answer to Joshua Grosse on Pronunciation help.	99	37738155	RoseParks	RoseParks							false	false	false	false	false	true	2001-01-21 02:12:21.0		2001-01-18 06:07:37.0	28	1918	25778321	JoshuaGrosse	JoshuaGrosse	2	false	2	false	true	false	2009-06-12 23:04:52.0	2001-01-30 17:17:07.0	1																					762714349	762714304	false		false	4354	4324	oij3jvorur7vf3auulo2cr7kvfeor3k			false		false			false	true	
enwiki	revision	create	2001-01-30 17:17:07.0		99	37738155	RoseParks	RoseParks							false	false	false	false	false	true	2001-01-21 02:12:21.0		2001-01-18 06:07:37.0	31	0	53031399	JoshuaGrosse	JoshuaGrosse	0	true	0	true		true	2017-01-30 09:44:40.0	2001-01-30 17:17:07.0	1																					762715336	0	false		false	4270	4270	rkp1gugc2lctiy3vl6a5ps7gqi3qvow			true	2017-01-30 09:45:17.0	false			false	true	
enwiki	revision	create	2001-01-30 17:17:07.0		99	37738155	RoseParks	RoseParks							false	false	false	false	false	true	2001-01-21 02:12:21.0		2001-01-18 06:07:37.0	30	0	53031393	JoshuaGrosse	JoshuaGrosse	0	true	0	true		true	2017-01-30 09:43:48.0	2001-01-30 17:17:07.0	1																					762715279	0	false		false	4270	4270	rkp1gugc2lctiy3vl6a5ps7gqi3qvow			true	2017-01-30 09:44:40.0	false			false	true	
enwiki	revision	create	2001-01-30 17:27:36.0	*Answer to J.G. on how to help with pronunciations.	99	37738155	RoseParks	RoseParks							false	false	false	false	false	true	2001-01-21 02:12:21.0		2001-01-18 06:07:37.0	32	629	25778321	JoshuaGrosse	JoshuaGrosse	2	false	2	false	true	false	2009-06-12 23:04:52.0	2001-01-30 17:17:07.0	2	629																				762714350	762714304	false		false	4663	4633	go6jxhrxnwo7icx9mbxfv7p0cbha6wt			false		false			false	true	
enwiki	revision	create	2001-01-30 17:27:36.0		99	37738155	RoseParks	RoseParks							false	false	false	false	false	true	2001-01-21 02:12:21.0		2001-01-18 06:07:37.0	35	0	53031399	JoshuaGrosse	JoshuaGrosse	0	true	0	true		true	2017-01-30 09:44:40.0	2001-01-30 17:17:07.0	2	629																				762715337	762715336	false		false	4577	307	b0cwu74w1zc8evg21ffxqu3ix9ysni2			true	2017-01-30 09:45:17.0	false			false	true	
enwiki	revision	create	2001-01-30 17:27:36.0		99	37738155	RoseParks	RoseParks							false	false	false	false	false	true	2001-01-21 02:12:21.0		2001-01-18 06:07:37.0	34	0	53031393	JoshuaGrosse	JoshuaGrosse	0	true	0	true		true	2017-01-30 09:43:48.0	2001-01-30 17:17:07.0	2	629																				762715280	762715279	false		false	4577	307	b0cwu74w1zc8evg21ffxqu3ix9ysni2			true	2017-01-30 09:44:40.0	false			false	true	
enwiki	revision	create	2001-01-30 17:27:36.0		99	37738155	RoseParks	RoseParks							false	false	false	false	false	true	2001-01-21 02:12:21.0		2001-01-18 06:07:37.0	33	0	53031385	JoshuaGrosse	JoshuaGrosse	0	true	0	true		true	2017-01-30 09:35:01.0	2001-01-30 17:17:07.0	2	629																				762715160	762715159	false		false	4577	307	b0cwu74w1zc8evg21ffxqu3ix9ysni2			true	2017-01-30 09:43:48.0	false			false	true	
enwiki	page	create	2001-01-30 18:01:00.0		7800319	194394	LarrySanger											false								13181	HiStory	HiStory	0	true	0	true	true	false	2001-01-30 18:01:00.0	2001-01-30 18:01:00.0																																							
enwiki	revision	create	2001-01-30 18:01:00.0	*	7800319		LarrySanger											false						134	69303	13181	HiStory	HiStory	0	true	0	true	true	false	2001-01-30 18:01:00.0	2001-01-30 18:01:00.0	1																					256072	0	false		false	1058	1058	ohcp6tsnlmwrykxv3qzkiyzs85t06rs			false		false			false	false	
enwiki	revision	create	2001-01-30 19:43:16.0	*	99	37738155	RoseParks	RoseParks							false	false	false	false	false	true	2001-01-21 02:12:21.0		2001-01-18 06:07:37.0	36	8140	26691	Set	Set_(mathematics)	0	true	0	true	false	false	2001-01-29 00:57:28.0	2001-01-29 00:57:28.0	7	10687																				1270419037	1270419036	false		false	344	-84	l4hpxz9bccaf8a98h25tm1v4rjkkjkw			false		false			false	false	
enwiki	revision	create	2001-01-30 19:43:38.0	*	99	37738155	RoseParks	RoseParks							false	false	false	false	false	true	2001-01-21 02:12:21.0		2001-01-18 06:07:37.0	37	22	26691	Set	Set_(mathematics)	0	true	0	true	false	false	2001-01-29 00:57:28.0	2001-01-29 00:57:28.0	8	22																				279694	0	false		false	361	361	b0wyb0kxavx60d1ovlp9zzma0v8kzwe			false		false			false	false	
enwiki	revision	create	2001-01-30 20:00:16.0	*			dt012n68.san.rr.com	dt012n68.san.rr.com										true								29708	TheBeatles	TheBeatles	0	true	0	true	true	false	2001-01-30 15:34:32.0	2001-01-30 15:34:32.0	2	15944																				286408	0	false		false	307	307	iy0180262gqqnqnygrbwnuiqmaqiflo			false		false			false	false	
enwiki	revision	create	2001-01-30 20:05:58.0	Crammed a bunch of words together			dt012n68.san.rr.com	dt012n68.san.rr.com										true								4640938											1																					272885	171211	false		false	17097	17068	7z9de8x6830catw3bkry46lcwl2ziwh			false		false			false	false	
enwiki	revision	create	2001-01-30 20:12:22.0	Crammed a few words together			dt012n68.san.rr.com	dt012n68.san.rr.com										true								1303											1																					233442	0	false		false	15053	15053	n9d8vdlvisl6bd01ygif735yc2jzvsm			false		false			false	false	
enwiki	revision	create	2001-01-30 20:13:16.0	*	11948596	6196463	Dt012n68.san.rr.com	Dt012n68.san.rr.com		nocreate					false	false	true	false	false	true	2010-03-18 14:51:24.0	2010-03-18 14:51:26.0	2001-01-19 06:46:41.0	7	998518	242	AdolfHitler	AdolfHitler	0	true	0	true	true	false	2001-01-30 01:14:45.0	2001-01-30 01:14:45.0	6	67985																				1269945762	1269945761	false		false	972	-1	7a6utuzvrv4k2furs0lwl8rvzgu0955			false		false			false	false	
enwiki	revision	create	2001-01-30 20:44:23.0	*	4938	37899085	TimShell	TimShell							false	false	false	false	false	true	2002-10-22 05:06:31.0		2001-01-27 06:32:24.0	74	56946	18951386	Atlas_Shrugged	Atlas_Shrugged	0	true	0	true	false	false	2008-08-20 18:40:47.0	2001-01-28 10:25:23.0	22	63586																				854308903	854308902	false		false	1621	-10	ndby9182csobovhav0glpyqrgkd29el			false		false			false	true	
enwiki	revision	create	2001-01-30 20:44:35.0	*	34	37987405	WojPob	WojPob							false	false	false	false	false	true	2001-01-29 11:07:25.0		2001-01-27 01:10:21.0	30	69542	26323569	HomePage	HomePage	0	true	0	true	true	false	2010-02-24 14:25:49.0	2001-01-15 19:27:13.0	79	57424																				908493378	908493377	false		false	1566	24	jjt2jjbev3v3xjr63mqk79mb4gjrvzz			false		true	986116384	623121413	false	true	
enwiki	revision	create	2001-01-30 20:45:09.0	*	4938	37899085	TimShell	TimShell							false	false	false	false	false	true	2002-10-22 05:06:31.0		2001-01-27 06:32:24.0	75	46	18951386	Atlas_Shrugged	Atlas_Shrugged	0	true	0	true	false	false	2008-08-20 18:40:47.0	2001-01-28 10:25:23.0	23	46																				854308904	854308903	false		false	1564	-57	qdu0tjmc1b48vfup8dw9iv7uv4o0ip9			false		false			false	true	
enwiki	page	create	2001-01-30 20:51:36.0		4938	37899085	TimShell	TimShell							false	false	false	false	false	true	2002-10-22 05:06:31.0		2001-01-27 06:32:24.0			128	Atlas_Shrugged	Atlas_Shrugged	1	false	1	false	false	false	2001-01-30 20:51:36.0	2001-01-30 20:51:36.0																																							
enwiki	revision	create	2001-01-30 20:51:36.0	*	4938	37899085	TimShell	TimShell							false	false	false	false	false	true	2002-10-22 05:06:31.0		2001-01-27 06:32:24.0	76	387	128	Atlas_Shrugged	Atlas_Shrugged	1	false	1	false	false	false	2001-01-30 20:51:36.0	2001-01-30 20:51:36.0	1																					233328	0	false		false	914	914	8h7rtham3lmiwm6zzr9jptz84eviu8z			false		false			false	false	
enwiki	page	create	2001-01-30 21:06:26.0				dt012n68.san.rr.com	dt012n68.san.rr.com										true								252	AardwolF	AardwolF	0	true	0	true		true	2001-01-30 21:06:26.0	2001-01-30 21:06:26.0																																							
enwiki	revision	create	2001-01-30 21:06:26.0				dt012n68.san.rr.com	dt012n68.san.rr.com										true								252	AardwolF	AardwolF	0	true	0	true		true	2001-01-30 21:06:26.0	2001-01-30 21:06:26.0	1																					233449		false		false	98	98	gcyc3ocrtycueprg5zq8xcfowdgn88v			true	2009-01-26 23:28:25.0	false			false	false	
enwiki	page	create	2001-01-30 21:09:34.0				dt012n68.san.rr.com	dt012n68.san.rr.com										true								17489	LetterATopics/Aaron	LetterATopics/Aaron	0	true	0	true		true	2001-01-30 21:09:34.0	2001-01-30 21:09:34.0																																							
enwiki	revision	create	2001-01-30 21:09:34.0				dt012n68.san.rr.com	dt012n68.san.rr.com										true								17489	LetterATopics/Aaron	LetterATopics/Aaron	0	true	0	true		true	2001-01-30 21:09:34.0	2001-01-30 21:09:34.0	1																					263239	0	false		false	462	462	fnu95pulmc0pnisuo0keyvojhh4x950			true	2020-03-23 19:09:36.0	false			false	false	
enwiki	revision	create	2001-01-30 21:12:33.0	*			dt012n68.san.rr.com	dt012n68.san.rr.com										true								9182											1																					248629	0	false		false	127	127	r2ct6uq7df7g1wb79qio8a1gnpt2dm2			false		false			false	false	
enwiki	page	create	2001-01-30 21:14:09.0		11948596	6196463	Dt012n68.san.rr.com	Dt012n68.san.rr.com		nocreate					false	false	true	false	false	true	2010-03-18 14:51:24.0	2010-03-18 14:51:26.0	2001-01-19 06:46:41.0			15548	JohnAbbott	JohnAbbott	0	true	0	true	true	false	2001-01-30 21:14:09.0	2001-01-30 21:14:09.0																																							
enwiki	revision	create	2001-01-30 21:14:09.0	*	11948596	6196463	Dt012n68.san.rr.com	Dt012n68.san.rr.com		nocreate					false	false	true	false	false	true	2010-03-18 14:51:24.0	2010-03-18 14:51:26.0	2001-01-19 06:46:41.0	8	3653	15548	JohnAbbott	JohnAbbott	0	true	0	true	true	false	2001-01-30 21:14:09.0	2001-01-30 21:14:09.0	1																					563209559	303533301	false		false	91	66	55kuxcqsp3caukghini5648enchw9g8			false		false			false	false	
enwiki	revision	create	2001-01-30 21:26:28.0	*	34	37987405	WojPob	WojPob							false	false	false	false	false	true	2001-01-29 11:07:25.0		2001-01-27 01:10:21.0	31	2513	18772	MicroeconomicS	MicroeconomicS	0	true	0	true	true	false	2001-01-30 21:26:28.0	2001-01-30 21:26:28.0	1																					265556	0	true		false	632	632	3sjeb5g1ggqqn5iaa1alf1glptfsszj			false		false			false	false	
enwiki	page	create	2001-01-30 21:26:28.0		34	37987405	WojPob	WojPob							false	false	false	false	false	true	2001-01-29 11:07:25.0		2001-01-27 01:10:21.0			18772	MicroeconomicS	MicroeconomicS	0	true	0	true	true	false	2001-01-30 21:26:28.0	2001-01-30 21:26:28.0																																							
enwiki	page	create	2001-01-30 22:18:35.0		479	17255773	JimboWales	JimboWales		nocreate,noautoblock					false	false	false	false	false	true	2001-01-23 22:34:16.0		2001-01-19 01:24:40.0			3307	BiblE/Aaron	BiblE/Aaron	0	true	0	true	true	false	2001-01-30 22:18:35.0	2001-01-30 22:18:35.0																																							
enwiki	revision	create	2001-01-30 22:18:35.0	*	479	17255773	JimboWales	JimboWales		nocreate,noautoblock					false	false	false	false	false	true	2001-01-23 22:34:16.0		2001-01-19 01:24:40.0	26	96906	3307	BiblE/Aaron	BiblE/Aaron	0	true	0	true	true	false	2001-01-30 22:18:35.0	2001-01-30 22:18:35.0	1																					237915	0	false		false	12	12	m974ow63wmozueditnsfojeeid8ozk5			false		false			false	false	
enwiki	revision	create	2001-01-30 22:34:21.0	*	7800319		LarrySanger											false						135	16401	128	Atlas_Shrugged	Atlas_Shrugged	1	false	1	false	false	false	2001-01-30 20:51:36.0	2001-01-30 20:51:36.0	2	6165																				1281771698	233328	false		false	989	75	o3300azo5b94shjq9xjrzgawly76og1			false		false			false	false	
enwiki	revision	create	2001-01-30 23:00:18.0	*	7792520	183098	JoshuaGrosse	JoshuaGrosse		nocreate,noemail,nousertalk					true	false	false	false	false	true	2008-09-05 20:14:59.0	2008-09-05 20:14:59.0	2001-01-22 07:11:28.0	63	65567	23715934	History_of_the_United_States/History_Of_United_States_Discussion	History_of_the_United_States/History_Of_United_States_Discussion	1	false	1	false	false	false	2009-07-23 13:05:18.0	2001-01-30 23:00:18.0	1																					256271	0	true		false	7535	7535	h5osx6bpc03n0didsp9fx6jhvwdgt06			false		false			false	true	
enwiki	page	create	2001-01-30 23:07:41.0		34	37987405	WojPob	WojPob							false	false	false	false	false	true	2001-01-29 11:07:25.0		2001-01-27 01:10:21.0			26636	ScienceFiction	ScienceFiction	0	true	0	true	true	false	2001-01-30 23:07:41.0	2001-01-30 23:07:41.0																																							
enwiki	revision	create	2001-01-30 23:07:41.0	*	34	37987405	WojPob	WojPob							false	false	false	false	false	true	2001-01-29 11:07:25.0		2001-01-27 01:10:21.0	32	6073	26636	ScienceFiction	ScienceFiction	0	true	0	true	true	false	2001-01-30 23:07:41.0	2001-01-30 23:07:41.0	1																					1271311044	0	false		false	3801	3801	4dkbb9y0ufthj1yjbcfu1xk0pzl31f2			false		false			false	false	
enwiki	revision	create	2001-01-30 23:10:02.0	*	34	37987405	WojPob	WojPob							false	false	false	false	false	true	2001-01-29 11:07:25.0		2001-01-27 01:10:21.0	33	141	26636	ScienceFiction	ScienceFiction	0	true	0	true	true	false	2001-01-30 23:07:41.0	2001-01-30 23:07:41.0	2	141																				1271311045	1271311044	false		false	3797	-4	m9gyb2nekxev6o1t7idyihlh7w3aawx			false		false			false	false	
enwiki	page	create	2001-01-30 23:20:45.0		4938	37899085	TimShell	TimShell							false	false	false	false	false	true	2002-10-22 05:06:31.0		2001-01-27 06:32:24.0			25369	RobertHeinlein	RobertHeinlein	0	true	0	true	true	false	2001-01-30 23:20:45.0	2001-01-30 23:20:45.0																																							
enwiki	revision	create	2001-01-30 23:20:45.0	*	4938	37899085	TimShell	TimShell							false	false	false	false	false	true	2002-10-22 05:06:31.0		2001-01-27 06:32:24.0	77	8949	25369	RobertHeinlein	RobertHeinlein	0	true	0	true	true	false	2001-01-30 23:20:45.0	2001-01-30 23:20:45.0	1																					277049	0	true		false	2492	2492	fpzh7abg5t9fyqxqeititdru467t8k9			false		false			false	false	
enwiki	page	create	2001-01-30 23:22:04.0		4938	37899085	TimShell	TimShell							false	false	false	false	false	true	2002-10-22 05:06:31.0		2001-01-27 06:32:24.0			9574	Eric_Hoffer	Eric_Hoffer	0	true	0	true	false	false	2001-01-30 23:22:04.0	2001-01-30 23:22:04.0																																							
enwiki	revision	create	2001-01-30 23:22:04.0	*	4938	37899085	TimShell	TimShell							false	false	false	false	false	true	2002-10-22 05:06:31.0		2001-01-27 06:32:24.0	78	79	9574	Eric_Hoffer	Eric_Hoffer	0	true	0	true	false	false	2001-01-30 23:22:04.0	2001-01-30 23:22:04.0	1																					1333370743	0	false		false	1590	1590	2kk3jwbt38f1l364u9bej958olkvpt2			false		false			false	false	
enwiki	revision	create	2001-01-30 23:24:22.0	*	479	17255773	JimboWales	JimboWales		nocreate,noautoblock					false	false	false	false	false	true	2001-01-23 22:34:16.0		2001-01-19 01:24:40.0	27	3947	9574	Eric_Hoffer	Eric_Hoffer	0	true	0	true	false	false	2001-01-30 23:22:04.0	2001-01-30 23:22:04.0	2	138																				248630	0	true		false	1603	1603	2v35ybl8gpa9zbactbaxuwcsqmtt5x2			false		false			false	false	
enwiki	page	create	2001-01-30 23:28:10.0		4938	37899085	TimShell	TimShell							false	false	false	false	false	true	2002-10-22 05:06:31.0		2001-01-27 06:32:24.0			9238	Ernst_Mayr	Ernst_Mayr	0	true	0	true	false	false	2001-01-30 23:28:10.0	2001-01-30 23:28:10.0																																							
enwiki	revision	create	2001-01-30 23:28:10.0	*	4938	37899085	TimShell	TimShell							false	false	false	false	false	true	2002-10-22 05:06:31.0		2001-01-27 06:32:24.0	79	366	9238	Ernst_Mayr	Ernst_Mayr	0	true	0	true	false	false	2001-01-30 23:28:10.0	2001-01-30 23:28:10.0	1																					248631	0	true		false	857	857	pyx1fttemj08zvz7x0gsdfll8glpqaq			false		false			false	false	
enwiki	page	create	2001-01-30 23:29:16.0		479	17255773	JimboWales	JimboWales		nocreate,noautoblock					false	false	false	false	false	true	2001-01-23 22:34:16.0		2001-01-19 01:24:40.0			22873	PresidentialMedalOfFreedom	Presidential_Medal_of_Freedom	0	true	0	true	false	false	2001-01-30 23:29:16.0	2001-01-30 23:29:16.0																																							
enwiki	revision	create	2001-01-30 23:29:16.0	*	479	17255773	JimboWales	JimboWales		nocreate,noautoblock					false	false	false	false	false	true	2001-01-23 22:34:16.0		2001-01-19 01:24:40.0	28	294	22873	PresidentialMedalOfFreedom	Presidential_Medal_of_Freedom	0	true	0	true	false	false	2001-01-30 23:29:16.0	2001-01-30 23:29:16.0	1																					272886	0	false		false	201	201	pl2bsbe8ieqwjspxhkov6u2esf1ul90			false		false			false	false	
enwiki	revision	create	2001-01-30 23:29:24.0	*	4938	37899085	TimShell	TimShell							false	false	false	false	false	true	2002-10-22 05:06:31.0		2001-01-27 06:32:24.0	80	74	54219	H._L._Mencken	H._L._Mencken	0	true	0	true	false	false	2001-01-30 23:29:24.0	2001-01-30 23:29:24.0	1																					256104	0	false		false	513	513	kugdjfvju51mg2olgrr5jnpl9qvsdos			false		false			false	false	
enwiki	page	create	2001-01-30 23:29:24.0		4938	37899085	TimShell	TimShell							false	false	false	false	false	true	2002-10-22 05:06:31.0		2001-01-27 06:32:24.0			54219	H._L._Mencken	H._L._Mencken	0	true	0	true	false	false	2001-01-30 23:29:24.0	2001-01-30 23:29:24.0																																							
enwiki	page	create	2001-01-30 23:37:50.0		4938	37899085	TimShell	TimShell							false	false	false	false	false	true	2002-10-22 05:06:31.0		2001-01-27 06:32:24.0			356324	R._J._Rummel	R._J._Rummel	0	true	0	true	false	false	2001-01-30 23:37:50.0	2001-01-30 23:37:50.0																																							
enwiki	revision	create	2001-01-30 23:37:50.0	*	4938	37899085	TimShell	TimShell							false	false	false	false	false	true	2002-10-22 05:06:31.0		2001-01-27 06:32:24.0	81	506	356324	R._J._Rummel	R._J._Rummel	0	true	0	true	false	false	2001-01-30 23:37:50.0	2001-01-30 23:37:50.0	1																					1171849793	0	false		false	1732	1732	t2s27vmqil7ptjil8e8w6tt603ydl3q			false		false			false	false	
enwiki	revision	create	2001-01-30 23:38:25.0	*	7792520	183098	JoshuaGrosse	JoshuaGrosse		nocreate,noemail,nousertalk					true	false	false	false	false	true	2008-09-05 20:14:59.0	2008-09-05 20:14:59.0	2001-01-22 07:11:28.0	64	2287	86718	Axiomatic_set_theory	Axiomatic_set_theory	0	true	0	true	true	false	2001-01-29 00:19:02.0	2001-01-29 00:19:02.0	11	38999																				1066391518	1066391517	false		false	4928	100	dqxhfqo1d1qcnag10t2rzkj3khqgym1			false		false			false	false	
enwiki	revision	create	2001-01-30 23:42:36.0	I just changed the link	479	17255773	JimboWales	JimboWales		nocreate,noautoblock					false	false	false	false	false	true	2001-01-23 22:34:16.0		2001-01-19 01:24:40.0	29	800	356324	R._J._Rummel	R._J._Rummel	0	true	0	true	false	false	2001-01-30 23:37:50.0	2001-01-30 23:37:50.0	2	286																				1171849794	1171849793	false		false	1731	-1	ny8avz1w9p7xysn8vk5spona5kuaaad			false		false			false	false	
enwiki	revision	create	2001-01-30 23:44:28.0	just crammed some words together	479	17255773	JimboWales	JimboWales		nocreate,noautoblock					false	false	false	false	false	true	2001-01-23 22:34:16.0		2001-01-19 01:24:40.0	30	112	26636	ScienceFiction	ScienceFiction	0	true	0	true	true	false	2001-01-30 23:07:41.0	2001-01-30 23:07:41.0	3	2066																				1271311046	1271311045	false		false	3777	-20	18nwr63xpl915w2qqurpxcgn7y9tane			false		false			false	false	
enwiki	revision	create	2001-01-30 23:49:14.0		479	17255773	JimboWales	JimboWales		nocreate,noautoblock					false	false	false	false	false	true	2001-01-23 22:34:16.0		2001-01-19 01:24:40.0	31	286	63064133	PresidentialMedalOfFreedom	PresidentialMedalOfFreedom/Junk	0	true	0	true		true	2006-06-28 23:09:30.0	2001-01-30 23:49:14.0	1																					939921532	0	false		false	763	763	36o3pabu0opikmpgyai0v23rr8ar8yt			true	2020-02-09 14:47:09.0	false			false	true	
enwiki	revision	create	2001-01-30 23:49:14.0	*	479	17255773	JimboWales	JimboWales		nocreate,noautoblock					false	false	false	false	false	true	2001-01-23 22:34:16.0		2001-01-19 01:24:40.0	32	0	22873	PresidentialMedalOfFreedom	Presidential_Medal_of_Freedom	0	true	0	true	false	false	2001-01-30 23:29:16.0	2001-01-30 23:29:16.0	2	1198																				939921954	272886	false		false	763	562	36o3pabu0opikmpgyai0v23rr8ar8yt			false		false			false	false	
enwiki	user	create	2001-01-30 23:56:16.0		194203	745	Graham87											false	false	true																			11982792	6246559	HardPack	HardPack							false	false	true	false	false	true	2010-03-23 07:37:29.0	2010-03-23 07:37:30.0	2001-01-30 23:56:16.0																		
enwiki	revision	create	2001-01-30 23:56:16.0	*	11982792	6246559	HardPack	HardPack							false	false	true	false	false	true	2010-03-23 07:37:29.0	2010-03-23 07:37:30.0	2001-01-30 23:56:16.0	1		26666560	ReLigion	ReLigion	0	true	0	true	true	false	2021-05-12 22:47:09.0	2001-01-18 04:39:07.0	16	200986																				351525600	0	false		false	917	917	2iy99uuzx7s0oj6h0nzc2m0npli3jha			false		false			false	true	
enwiki	revision	create	2001-01-31 00:13:22.0	*	34	37987405	WojPob	WojPob							false	false	false	false	false	true	2001-01-29 11:07:25.0		2001-01-27 01:10:21.0	34	3800	43355	Business_school	Business_school	0	true	0	true	false	false	2001-01-31 00:13:22.0	2001-01-31 00:13:22.0	1																					382272693	381821800	true		false	33	-17435	nl5rnq7xkdrvdhe9rtlatznd0kfaod1			false		false			false	false	
enwiki	page	create	2001-01-31 00:13:22.0		34	37987405	WojPob	WojPob							false	false	false	false	false	true	2001-01-29 11:07:25.0		2001-01-27 01:10:21.0			43355	Business_school	Business_school	0	true	0	true	false	false	2001-01-31 00:13:22.0	2001-01-31 00:13:22.0																																							
enwiki	revision	create	2001-01-31 01:12:17.0	*	4938	37899085	TimShell	TimShell							false	false	false	false	false	true	2002-10-22 05:06:31.0		2001-01-27 06:32:24.0	82	5667	5067	ChristianIty	ChristianIty	0	true	0	true	true	false	2001-01-31 01:12:17.0	2001-01-31 01:12:17.0	1																					241075	0	true		false	2664	2664	hmljat5daj540wvl1min83kcy85eyk1			false		false			false	false	
enwiki	page	create	2001-01-31 01:12:17.0		4938	37899085	TimShell	TimShell							false	false	false	false	false	true	2002-10-22 05:06:31.0		2001-01-27 06:32:24.0			5067	ChristianIty	ChristianIty	0	true	0	true	true	false	2001-01-31 01:12:17.0	2001-01-31 01:12:17.0																																							
enwiki	revision	create	2001-01-31 01:26:16.0	*	11946389	6192944	CalvinOstrum	CalvinOstrum							false	false	true	false	false	true	2010-03-18 07:51:54.0	2010-03-18 07:51:56.0	2001-01-27 06:35:08.0	5	166548	25612190	RoseParks	RoseParks	2	false	2	false	false	false	2009-12-30 15:49:10.0	2001-01-17 00:14:19.0	4	1106319																				1271680298	1271680297	false		false	1786	1368	8c0angdid794pplmqukztskfnnrstg6			false		true	1271680300	7897	false	true	
enwiki	revision	create	2001-01-31 02:03:49.0	*	4938	37899085	TimShell	TimShell							false	false	false	false	false	true	2002-10-22 05:06:31.0		2001-01-27 06:32:24.0	83	3092	26323569	HomePage	HomePage	0	true	0	true	true	false	2010-02-24 14:25:49.0	2001-01-15 19:27:13.0	80	19154																				908493379	908493378	false		false	1586	20	nmmrf3abkljtd7qdd3ayiotr7f1fa0c			false		true	908493380	13	false	true	
enwiki	revision	create	2001-01-31 02:04:02.0	*	4938	37899085	TimShell	TimShell							false	false	false	false	false	true	2002-10-22 05:06:31.0		2001-01-27 06:32:24.0	84	13	26323569	HomePage	HomePage	0	true	0	true	true	false	2010-02-24 14:25:49.0	2001-01-15 19:27:13.0	81	13																				908493380	908493379	false		false	1566	-20	jjt2jjbev3v3xjr63mqk79mb4gjrvzz			false		true	986116384	623102246	true	true	
enwiki	page	create	2001-01-31 02:44:52.0		7792520	183098	JoshuaGrosse	JoshuaGrosse		nocreate,noemail,nousertalk					true	false	false	false	false	true	2008-09-05 20:14:59.0	2008-09-05 20:14:59.0	2001-01-22 07:11:28.0			14485	IndoIranianLanguages	IndoIranianLanguages	0	true	0	true	true	false	2001-01-31 02:44:52.0	2001-01-31 02:44:52.0																																							
enwiki	revision	create	2001-01-31 02:44:52.0	*	7792520	183098	JoshuaGrosse	JoshuaGrosse		nocreate,noemail,nousertalk					true	false	false	false	false	true	2008-09-05 20:14:59.0	2008-09-05 20:14:59.0	2001-01-22 07:11:28.0	65	11187	14485	IndoIranianLanguages	IndoIranianLanguages	0	true	0	true	true	false	2001-01-31 02:44:52.0	2001-01-31 02:44:52.0	1																					258447	0	true		false	508	508	dwpafj45artfqqvva61mt0czxjzi449			false		false			false	false	
enwiki	revision	create	2001-01-31 03:14:50.0	took off my name (was silly of me), updated todo list, good job larry	9003117	1920346	PhillipHankins	PhillipHankins							false	false	true	false	false	true	2009-02-17 04:52:07.0	2009-02-17 04:52:08.0	2001-01-28 05:09:16.0	7	186489	7925	David_Hume	David_Hume	0	true	0	true	false	false	2001-01-28 23:26:41.0	2001-01-28 23:26:41.0	3	183710																				246333	0	false		false	3535	3535	gvouc8fjwi28c2m5fx77qwk1dsocazd			false		false			false	false	
enwiki	page	create	2001-01-31 03:16:16.0		9003117	1920346	PhillipHankins	PhillipHankins							false	false	true	false	false	true	2009-02-17 04:52:07.0	2009-02-17 04:52:08.0	2001-01-28 05:09:16.0			56	ArtificialLanguages	ArtificialLanguages	0	true	0	true	true	false	2001-01-31 03:16:16.0	2001-01-31 03:16:16.0																																							
enwiki	revision	create	2001-01-31 03:16:16.0	*	9003117	1920346	PhillipHankins	PhillipHankins							false	false	true	false	false	true	2009-02-17 04:52:07.0	2009-02-17 04:52:08.0	2001-01-28 05:09:16.0	8	86	56	ArtificialLanguages	ArtificialLanguages	0	true	0	true	true	false	2001-01-31 03:16:16.0	2001-01-31 03:16:16.0	1																					233259	0	true		false	498	498	7vg2f8qoyqp9sy8892lyptsldn56abz			false		false			false	false	
enwiki	revision	create	2001-01-31 03:37:53.0	*	99	37738155	RoseParks	RoseParks							false	false	false	false	false	true	2001-01-21 02:12:21.0		2001-01-18 06:07:37.0	38	28455	25612190	RoseParks	RoseParks	2	false	2	false	false	false	2009-12-30 15:49:10.0	2001-01-17 00:14:19.0	5	7897																				1271680300	1271680298	false		false	418	-1368	kcvi84kdh76cn6ybu6y92wz5zf0yrgh			false		false			true	true	
enwiki	revision	create	2001-01-31 04:09:47.0	*	10164914	3604305	WcGing	WcGing							false	false	true	false	false	true	2009-07-22 04:43:49.0	2009-07-22 04:43:51.0	2001-01-30 08:49:42.0	3	69280	17743639	WikiPediaFaq	FAQ	0	true	4	false	false	false	2008-06-03 01:51:12.0	2001-01-17 01:12:24.0	31	69605																				1269545160	1269545159	false		false	6043	0	9qde0q2zz3etat0p7ijcr8edjoir33o			false		false			false	true	
enwiki	revision	create	2001-01-31 04:14:44.0	*	10164914	3604305	WcGing	WcGing							false	false	true	false	false	true	2009-07-22 04:43:49.0	2009-07-22 04:43:51.0	2001-01-30 08:49:42.0	4	297	25612190	RoseParks	RoseParks	2	false	2	false	false	false	2009-12-30 15:49:10.0	2001-01-17 00:14:19.0	6	2211																				1271680301	1271680300	false		false	498	80	ak6y04si8gvvhnygvqvv8pnx1azgoem			false		false			false	true	
enwiki	revision	create	2001-01-31 04:16:43.0	*A major edit. Does anyone know when the pianoforte was invented?	49079837	77435847	Ldialup196.dnvr.uswest.net	Ldialup196.dnvr.uswest.net							false	false	true	false	false	true	2025-01-20 05:15:33.0	2025-01-20 05:15:34.0	2001-01-31 04:16:43.0	1		2825494	WolfgangMozart	WolfgangMozart	0	true	0	true	true	false	2005-10-03 16:57:39.0	2001-01-27 07:47:19.0	2	332964																				1270572866	1270572865	false		false	2058	1862	rxfocrt9emruxm4fbrux98lx9z4xogy			false		false			false	true	
enwiki	user	create	2001-01-31 04:16:43.0		194203	745	Graham87											false	false	true																			49079837	77435847	Ldialup196.dnvr.uswest.net	Ldialup196.dnvr.uswest.net							false	false	true	false	false	true	2025-01-20 05:15:33.0	2025-01-20 05:15:34.0	2001-01-31 04:16:43.0																		
enwiki	page	create	2001-01-31 05:41:16.0		49104183	77471637	Pool-63.49.115.210.bltm.grid.net	Pool-63.49.115.210.bltm.grid.net							false	false	false	false	false	true	2025-01-24 08:02:53.0		2001-01-31 05:41:16.0			5734	Consequentialism	Consequentialism	0	true	0	true	false	false	2001-01-31 05:41:16.0	2001-01-31 05:41:16.0																																							
enwiki	user	create	2001-01-31 05:41:16.0																																				49104183	77471637	Pool-63.49.115.210.bltm.grid.net	Pool-63.49.115.210.bltm.grid.net							false	false	false	false	false	true	2025-01-24 08:02:53.0		2001-01-31 05:41:16.0																		
enwiki	revision	create	2001-01-31 05:41:16.0	*	49104183	77471637	Pool-63.49.115.210.bltm.grid.net	Pool-63.49.115.210.bltm.grid.net							false	false	false	false	false	true	2025-01-24 08:02:53.0		2001-01-31 05:41:16.0	1		5734	Consequentialism	Consequentialism	0	true	0	true	false	false	2001-01-31 05:41:16.0	2001-01-31 05:41:16.0	1																					1271491049	0	false		false	3421	3421	fpaju4r4whza0d6h637rdhm9txuswme			false		false			false	false	
enwiki	revision	create	2001-01-31 05:54:43.0	*	8786710	1613534	WillWilkinson	WillWilkinson							false	false	true	false	false	true	2009-01-22 04:50:49.0	2009-01-22 04:50:49.0	2001-01-31 05:54:43.0	1		7889	Direct_realism	Direct_realism	0	true	0	true	true	false	2001-01-20 02:11:06.0	2001-01-20 02:11:06.0	4	952872																				1271527127	1271527126	false		false	1219	0	ej61gzw0a6nr8f1gcev688zb1x27hp5			false		false			true	false	
enwiki	user	create	2001-01-31 05:54:43.0		194203	745	Graham87											false	false	true																			8786710	1613534	WillWilkinson	WillWilkinson							false	false	true	false	false	true	2009-01-22 04:50:49.0	2009-01-22 04:50:49.0	2001-01-31 05:54:43.0																		
enwiki	revision	create	2001-01-31 05:55:35.0	*	8786710	1613534	WillWilkinson	WillWilkinson							false	false	true	false	false	true	2009-01-22 04:50:49.0	2009-01-22 04:50:49.0	2001-01-31 05:54:43.0	2	52	7889	Direct_realism	Direct_realism	0	true	0	true	true	false	2001-01-20 02:11:06.0	2001-01-20 02:11:06.0	5	52																				1271527128	1271527127	false		false	1235	16	5b5463ia3hs1u7k6yp2tbdjdcnw8fux			false		false			false	false	
enwiki	revision	create	2001-01-31 06:02:27.0	*	8786710	1613534	WillWilkinson	WillWilkinson							false	false	true	false	false	true	2009-01-22 04:50:49.0	2009-01-22 04:50:49.0	2001-01-31 05:54:43.0	3	412	5734	Consequentialism	Consequentialism	0	true	0	true	false	false	2001-01-31 05:41:16.0	2001-01-31 05:41:16.0	2	1271																				1271491050	1271491049	false		false	3593	172	9munvqveqtcjgif5df8fetuy2xboyun			false		false			false	false	
enwiki	revision	create	2001-01-31 06:05:57.0	*	43210696	68686942	Beta13.sm.luth.se	Beta13.sm.luth.se							false	false	true	false	false	true	2022-01-18 04:37:02.0	2022-01-18 04:37:03.0	2001-01-29 09:54:35.0	2	159082	86718	Axiomatic_set_theory	Axiomatic_set_theory	0	true	0	true	true	false	2001-01-29 00:19:02.0	2001-01-29 00:19:02.0	12	23252																				1066391519	1066391518	false		false	5153	225	k05cdguptnh3zih0fhywx7pefqg27pg			false		false			false	false	
enwiki	revision	create	2001-01-31 06:31:23.0	Reply to beta	7792520	183098	JoshuaGrosse	JoshuaGrosse		nocreate,noemail,nousertalk					true	false	false	false	false	true	2008-09-05 20:14:59.0	2008-09-05 20:14:59.0	2001-01-22 07:11:28.0	66	13591	86718	Axiomatic_set_theory	Axiomatic_set_theory	0	true	0	true	true	false	2001-01-29 00:19:02.0	2001-01-29 00:19:02.0	13	1526																				1066391520	1066391519	false		false	6076	923	beze2gcxlgjenw9ulrpmrzpnjidb6gb			false		false			false	false	
enwiki	user	create	2001-01-31 07:02:00.0		194203	745	Graham87											false	false	true																			49025063	77354649	Adsl-63-205-153-170.dsl.lsan03.pacbell.net	Adsl-63-205-153-170.dsl.lsan03.pacbell.net							false	false	true	false	false	true	2025-01-09 09:29:58.0	2025-01-09 09:29:58.0	2001-01-31 07:02:00.0																		
enwiki	revision	create	2001-01-31 07:02:00.0	Jumping visuals interfere with reading and learning	49025063	77354649	Adsl-63-205-153-170.dsl.lsan03.pacbell.net	Adsl-63-205-153-170.dsl.lsan03.pacbell.net							false	false	true	false	false	true	2025-01-09 09:29:58.0	2025-01-09 09:29:58.0	2001-01-31 07:02:00.0	1		23534602	Human–computer_interaction	Human–computer_interaction	0	true	0	true	false	false	2009-07-08 09:35:55.0	2001-01-22 07:21:20.0	31	402044																				1268351777	0	false		false	1887	1887	bjk3e5jqxanen1980nu5sx61lnui5ei			false		false			false	true	
enwiki	revision	create	2001-01-31 07:02:00.0				aug2001>Adsl-63-205-153-170.dsl.lsan03.pacbell.net	aug2001>Adsl-63-205-153-170.dsl.lsan03.pacbell.net										true								78842492	Human–computer_interaction/Temp	Human–computer_interaction/Temp	0	true	0	true		true	2001-01-31 07:02:00.0	2001-01-31 07:02:00.0	1																					1267727551	1267727550	false		false	1887	265	bjk3e5jqxanen1980nu5sx61lnui5ei			true	2025-01-09 09:55:38.0	false			false	false	
enwiki	page	create	2001-01-31 07:02:00.0				aug2001>Adsl-63-205-153-170.dsl.lsan03.pacbell.net	aug2001>Adsl-63-205-153-170.dsl.lsan03.pacbell.net										true								78842492	Human–computer_interaction/Temp	Human–computer_interaction/Temp	0	true	0	true		true	2001-01-31 07:02:00.0	2001-01-31 07:02:00.0																																							
enwiki	revision	create	2001-01-31 09:54:11.0				216.143.215.xxx	216.143.215.xxx										true									TheaTer		0	true																												834792606		false		false	736	736	0x55rz2cm9qdds7lawj9uj69xp7877i			true	2001-01-31 09:54:11.0	false			false	false	
enwiki	revision	create	2001-01-31 10:15:41.0	*			216.143.215.xxx	216.143.215.xxx										true								18774											1																					792206801	0	false		false	179	179	76hg6b9uzxpo0i0qf65y632hduisyb2			false		false			false	false	
enwiki	revision	create	2001-01-31 10:21:38.0	*			216.143.215.xxx	216.143.215.xxx										true								16598											1																					262183	0	false		false	318	318	bdvjpihzbfb0p1nav3td1j4m89i3m6m			false		false			false	false	
enwiki	revision	create	2001-01-31 10:24:54.0	*			216.143.215.xxx	216.143.215.xxx										true								3318											1																					237929	0	false		false	112	112	3d9eel63glh1bt38k98fydgyfdt0nip			false		false			false	false	
enwiki	revision	create	2001-01-31 10:27:20.0	*			216.143.215.xxx	216.143.215.xxx										true								5105											1																					241117	0	false		false	331	331	q28admjbn3ubaxqaii7xpa1x18nmtkb			false		false			false	false	
enwiki	revision	create	2001-01-31 12:26:19.0	*	43210696	68686942	Beta13.sm.luth.se	Beta13.sm.luth.se							false	false	true	false	false	true	2022-01-18 04:37:02.0	2022-01-18 04:37:03.0	2001-01-29 09:54:35.0	3	22822	86718	Axiomatic_set_theory	Axiomatic_set_theory	0	true	0	true	true	false	2001-01-29 00:19:02.0	2001-01-29 00:19:02.0	14	21296																				1066391521	1066391520	false		false	6818	742	bqqyhd0knngjv6ia1mj8wirhfottj6q			false		false			false	false	
enwiki	revision	create	2001-01-31 12:28:40.0	*	43210696	68686942	Beta13.sm.luth.se	Beta13.sm.luth.se							false	false	true	false	false	true	2022-01-18 04:37:02.0	2022-01-18 04:37:03.0	2001-01-29 09:54:35.0	4	141	86718	Axiomatic_set_theory	Axiomatic_set_theory	0	true	0	true	true	false	2001-01-29 00:19:02.0	2001-01-29 00:19:02.0	15	141																				1066391522	1066391521	false		false	6818	0	64en2qeeudmtsna4ql69zad757swkgl			false		false			false	false	
enwiki	revision	create	2001-01-31 13:44:46.0	*	49071098	77422984	Mch2-t5-2.mcbone.net	Mch2-t5-2.mcbone.net							false	false	true	false	false	true	2025-01-18 08:51:12.0	2025-01-18 08:51:13.0	2001-01-31 13:44:46.0	1		9174	EastGermany	EastGermany	0	true	0	true	true	false	2001-01-26 19:03:38.0	2001-01-26 19:03:38.0	5	348567																				1270183545	1270183544	false		false	1943	10	i3cad75ggcoppvheh3hx2es84z5c60c			false		false			false	false	
enwiki	user	create	2001-01-31 13:44:46.0		194203	745	Graham87											false	false	true																			49071098	77422984	Mch2-t5-2.mcbone.net	Mch2-t5-2.mcbone.net							false	false	true	false	false	true	2025-01-18 08:51:12.0	2025-01-18 08:51:13.0	2001-01-31 13:44:46.0																		
enwiki	revision	create	2001-01-31 13:57:15.0	*	49071098	77422984	Mch2-t5-2.mcbone.net	Mch2-t5-2.mcbone.net							false	false	true	false	false	true	2025-01-18 08:51:12.0	2025-01-18 08:51:13.0	2001-01-31 13:44:46.0	2	749	9174	EastGermany	EastGermany	0	true	0	true	true	false	2001-01-26 19:03:38.0	2001-01-26 19:03:38.0	6	749																				1270183546	1270183545	false		false	1945	2	gxbkdccu1049vwyf9c2kq5jla0czumc			false		false			false	false	
enwiki	user	create	2001-01-31 13:57:45.0		194203	745	Graham87											false	false	true																			49060756	77407336	Proxy3.leeds.ac.uk	Proxy3.leeds.ac.uk							false	false	true	false	false	true	2025-01-16 09:15:37.0	2025-01-16 09:15:38.0	2001-01-31 13:57:45.0																		
enwiki	revision	create	2001-01-31 13:57:45.0	Another Mnemonic for Sine added.	49060756	77407336	Proxy3.leeds.ac.uk	Proxy3.leeds.ac.uk							false	false	true	false	false	true	2025-01-16 09:15:37.0	2025-01-16 09:15:38.0	2001-01-31 13:57:45.0	1		30367	Trigonometric_function	Trigonometric_functions	0	true	0	true	false	false	2001-01-23 03:41:20.0	2001-01-23 03:41:20.0	9	210584																				1269774033	1269774032	false		false	5530	208	qet954lisrtkrk6yldnimqvbbwuhtwp			false		false			false	false	
enwiki	revision	create	2001-01-31 14:36:17.0	rewrote whole text	49071098	77422984	Mch2-t5-2.mcbone.net	Mch2-t5-2.mcbone.net							false	false	true	false	false	true	2025-01-18 08:51:12.0	2025-01-18 08:51:13.0	2001-01-31 13:44:46.0	3	2342	18836	Middle_Ages	Middle_Ages	0	true	0	true	false	false	2001-01-26 21:23:32.0	2001-01-26 21:23:32.0	2	407565																				1270187941	1270187940	false		false	1006	939	j7kxts61lawm069ho2vxo42oo0qv93b			false		false			false	false	
enwiki	revision	create	2001-01-31 14:42:58.0	added link	49071098	77422984	Mch2-t5-2.mcbone.net	Mch2-t5-2.mcbone.net							false	false	true	false	false	true	2025-01-18 08:51:12.0	2025-01-18 08:51:13.0	2001-01-31 13:44:46.0	4	401	18836	Middle_Ages	Middle_Ages	0	true	0	true	false	false	2001-01-26 21:23:32.0	2001-01-26 21:23:32.0	3	401																				1270187942	1270187941	false		false	1045	39	4icdaxg9voche2mtlpapnjifgqryfe2			false		false			false	false	
enwiki	revision	create	2001-01-31 14:44:11.0	*	49071098	77422984	Mch2-t5-2.mcbone.net	Mch2-t5-2.mcbone.net							false	false	true	false	false	true	2025-01-18 08:51:12.0	2025-01-18 08:51:13.0	2001-01-31 13:44:46.0	5	73	18836	Middle_Ages	Middle_Ages	0	true	0	true	false	false	2001-01-26 21:23:32.0	2001-01-26 21:23:32.0	4	73																				1270187943	1270187942	false		false	1005	-40	meamsgeszk82ztcz03d0zpmfwth4syh			false		false			false	false	
enwiki	revision	create	2001-01-31 14:44:56.0	*	49071098	77422984	Mch2-t5-2.mcbone.net	Mch2-t5-2.mcbone.net							false	false	true	false	false	true	2025-01-18 08:51:12.0	2025-01-18 08:51:13.0	2001-01-31 13:44:46.0	6	45	18836	Middle_Ages	Middle_Ages	0	true	0	true	false	false	2001-01-26 21:23:32.0	2001-01-26 21:23:32.0	5	45																				1270187944	1270187943	false		false	1006	1	td4sw0vo9p5361uxpcp7ver780267fd			false		false			false	false	
enwiki	revision	create	2001-01-31 14:47:41.0		49071098	77422984	Mch2-t5-2.mcbone.net	Mch2-t5-2.mcbone.net							false	false	true	false	false	true	2025-01-18 08:51:12.0	2025-01-18 08:51:13.0	2001-01-31 13:44:46.0	7	165	18836	Middle_Ages	Middle_Ages	0	true	0	true	false	false	2001-01-26 21:23:32.0	2001-01-26 21:23:32.0	6	165																				1270187945	1270187944	false		false	1010	4	r0an8p04mao5lz3sfgrmkn9q04bfvmq			false		false			false	false	
enwiki	revision	create	2001-01-31 15:00:25.0	*	7792279	182746	SanfordDaniel	SanfordDaniel		nocreate,noemail,nousertalk					true	false	false	false	false	true	2008-09-05 19:27:33.0	2008-09-05 19:27:33.0	2001-01-31 15:00:25.0	1		13194	HistoryOfLevant	HistoryOfLevant	0	true	0	true	true	false	2001-01-31 15:00:25.0	2001-01-31 15:00:25.0	1																					256105	0	true		false	5584	5584	2ygjbj1bbeirtwcr9s03mr87d73oiak			false		false			false	false	
enwiki	page	create	2001-01-31 15:00:25.0		7792279	182746	SanfordDaniel	SanfordDaniel		nocreate,noemail,nousertalk					true	false	false	false	false	true	2008-09-05 19:27:33.0	2008-09-05 19:27:33.0	2001-01-31 15:00:25.0			13194	HistoryOfLevant	HistoryOfLevant	0	true	0	true	true	false	2001-01-31 15:00:25.0	2001-01-31 15:00:25.0																																							
enwiki	user	create	2001-01-31 15:00:25.0		7792279	182746	SanfordDaniel	SanfordDaniel		nocreate,noemail,nousertalk					true	false	false	false	false	true	2008-09-05 19:27:33.0	2008-09-05 19:27:33.0	2001-01-31 15:00:25.0																7792279	182746	SanfordDaniel	SanfordDaniel		nocreate,noemail,nousertalk					true	false	false	false	false	true	2008-09-05 19:27:33.0	2008-09-05 19:27:33.0	2001-01-31 15:00:25.0																		
enwiki	revision	create	2001-01-31 15:29:24.0	new article	7792279	182746	SanfordDaniel	SanfordDaniel		nocreate,noemail,nousertalk					true	false	false	false	false	true	2008-09-05 19:27:33.0	2008-09-05 19:27:33.0	2001-01-31 15:00:25.0	2	1739	37072741	GreeK	GreeK	0	true	0	true	true	false	2001-01-31 15:29:24.0	2001-01-31 15:29:24.0	1																					1318543528	0	false		false	149	149	o9jf4s28nz9myq9sfifo0cyb7bmk5y3			false		false			false	false	
enwiki	page	create	2001-01-31 15:29:24.0		7792279	182746	SanfordDaniel	SanfordDaniel		nocreate,noemail,nousertalk					true	false	false	false	false	true	2008-09-05 19:27:33.0	2008-09-05 19:27:33.0	2001-01-31 15:00:25.0			37072741	GreeK	GreeK	0	true	0	true	true	false	2001-01-31 15:29:24.0	2001-01-31 15:29:24.0																																							
enwiki	page	create	2001-01-31 16:53:04.0		10164597	3603883	ChessyPig	ChessyPig							false	false	true	false	false	true	2009-07-22 03:31:50.0	2009-07-22 03:31:51.0	2001-01-29 19:58:18.0			54640	Usenet_cabal	Usenet_cabal	0	true	0	true	true	false	2001-01-31 16:53:04.0	2001-01-31 16:53:04.0																																							
enwiki	revision	create	2001-01-31 16:53:04.0	*	10164597	3603883	ChessyPig	ChessyPig							false	false	true	false	false	true	2009-07-22 03:31:50.0	2009-07-22 03:31:51.0	2001-01-29 19:58:18.0	6	157475	54640	Usenet_cabal	Usenet_cabal	0	true	0	true	true	false	2001-01-31 16:53:04.0	2001-01-31 16:53:04.0	1																					291433	0	false		false	607	607	67gsbe70096k1swkt61bhk37j0wvqre			false		false			false	false	
enwiki	revision	create	2001-01-31 17:43:36.0	*	34	37987405	WojPob	WojPob							false	false	false	false	false	true	2001-01-29 11:07:25.0		2001-01-27 01:10:21.0	35	63014	37072741	GreeK	GreeK	0	true	0	true	true	false	2001-01-31 15:29:24.0	2001-01-31 15:29:24.0	2	8052																				1318543529	1318543528	false		false	184	35	g21kh0eurqhxptc57vie9ldl8e6jlhc			false		false			false	false	
enwiki	revision	create	2001-01-31 17:52:08.0	*	34	37987405	WojPob	WojPob							false	false	false	false	false	true	2001-01-29 11:07:25.0		2001-01-27 01:10:21.0	36	512	9174	EastGermany	EastGermany	0	true	0	true	true	false	2001-01-26 19:03:38.0	2001-01-26 19:03:38.0	7	14093																				1270183547	1270183546	false		false	1942	-3	nofoz31gg2zq617h3nk6amjmxehznvf			false		false			false	false	
enwiki	user	create	2001-01-31 17:53:26.0		194203	745	Graham87											false	false	true																			43200837	68672440	Cf2-2-ffmpub.arcor-ip.de	Cf2-2-ffmpub.arcor-ip.de							false	false	true	false	false	true	2022-01-16 14:48:26.0	2022-01-16 14:48:27.0	2001-01-31 17:53:26.0																		
enwiki	revision	create	2001-01-31 17:53:26.0	*	43200837	68672440	Cf2-2-ffmpub.arcor-ip.de	Cf2-2-ffmpub.arcor-ip.de							false	false	true	false	false	true	2022-01-16 14:48:26.0	2022-01-16 14:48:27.0	2001-01-31 17:53:26.0	1		51205	What_is_a_wiki	What_is_a_wiki	4	false	4	false	true	false	2001-01-17 00:05:52.0	2001-01-17 00:05:52.0	33	156011																				1066049434	1066049433	false		false	573	7	8rtq3fyzfrij0kzjjmhzda9c4xomd13			false		false			false	false	
enwiki	revision	create	2001-01-31 18:04:35.0	*	34	37987405	WojPob	WojPob							false	false	false	false	false	true	2001-01-29 11:07:25.0		2001-01-27 01:10:21.0	37	747	54640	Usenet_cabal	Usenet_cabal	0	true	0	true	true	false	2001-01-31 16:53:04.0	2001-01-31 16:53:04.0	2	4291																				291434	291433	true		false	607	0	ilc6ggdyd2g8pgvxpwf95upaffcmcm5			false		false			false	false	
enwiki	revision	create	2001-01-31 18:08:06.0	*	34	37987405	WojPob	WojPob							false	false	false	false	false	true	2001-01-29 11:07:25.0		2001-01-27 01:10:21.0	38	211	54640	Usenet_cabal	Usenet_cabal	0	true	0	true	true	false	2001-01-31 16:53:04.0	2001-01-31 16:53:04.0	3	211																				291435	291434	false		false	648	41	rkweqygg0o3i8pgj4q3ghiyfaa0tk5m			false		false			false	false	
enwiki	revision	create	2001-01-31 18:11:13.0	*	34	37987405	WojPob	WojPob							false	false	false	false	false	true	2001-01-29 11:07:25.0		2001-01-27 01:10:21.0	39	187	249	AbensbergGermany	AbensbergGermany	0	true	0	true	true	false	2001-01-31 18:11:13.0	2001-01-31 18:11:13.0	1																					233446	0	true		false	751	751	6b3amnusvgtkptr2krr9g2o2jripvhb			false		false			false	false	
enwiki	page	create	2001-01-31 18:11:13.0		34	37987405	WojPob	WojPob							false	false	false	false	false	true	2001-01-29 11:07:25.0		2001-01-27 01:10:21.0			249	AbensbergGermany	AbensbergGermany	0	true	0	true	true	false	2001-01-31 18:11:13.0	2001-01-31 18:11:13.0																																							
enwiki	page	create	2001-01-31 18:25:05.0		34	37987405	WojPob	WojPob							false	false	false	false	false	true	2001-01-29 11:07:25.0		2001-01-27 01:10:21.0			13184	HistoryOfEurope	HistoryOfEurope	0	true	0	true	true	false	2001-01-31 18:25:05.0	2001-01-31 18:25:05.0																																							
enwiki	revision	create	2001-01-31 18:25:05.0	*	34	37987405	WojPob	WojPob							false	false	false	false	false	true	2001-01-29 11:07:25.0		2001-01-27 01:10:21.0	40	832	13184	HistoryOfEurope	HistoryOfEurope	0	true	0	true	true	false	2001-01-31 18:25:05.0	2001-01-31 18:25:05.0	1																					256075	0	true		false	3061	3061	pg5u8dp5opth56sjsg2xn594y322r9d			false		false			false	false	
enwiki	revision	create	2001-01-31 18:33:09.0	* you didn't write that whole thing, Will.  :-)	7800319		LarrySanger											false						136	71928	7889	Direct_realism	Direct_realism	0	true	0	true	true	false	2001-01-20 02:11:06.0	2001-01-20 02:11:06.0	6	45454																				1271527129	1271527128	false		false	1218	-17	m2zq87vspxnvs2l1rqm7csfjlxxt5lt			false		false			false	false	
enwiki	revision	create	2001-01-31 18:53:53.0	*	479	17255773	JimboWales	JimboWales		nocreate,noautoblock					false	false	false	false	false	true	2001-01-23 22:34:16.0		2001-01-19 01:24:40.0	33	68679	21572625	PhillipHankins	PhillipHankins	2	false	2	false	false	false	2009-02-17 04:51:18.0	2001-01-28 05:54:15.0	2	305978																				272883	272882	false		false	562	374	7yaw2e6b5rqus149srqsrfds2i4jj66			false		false			false	true	
enwiki	revision	create	2001-01-31 18:55:26.0	*	479	17255773	JimboWales	JimboWales		nocreate,noautoblock					false	false	false	false	false	true	2001-01-23 22:34:16.0		2001-01-19 01:24:40.0	34	93	7925	David_Hume	David_Hume	0	true	0	true	false	false	2001-01-28 23:26:41.0	2001-01-28 23:26:41.0	4	56436																				1273469895	246333	false		false	3434	-101	4vojr5u8wi2s78u5mpi7y0l5hv94i56			false		false			false	false	
enwiki	page	create	2001-01-31 19:00:23.0		7800319	194394	LarrySanger											false								22180	OntOlogy	OntOlogy	0	true	0	true	true	false	2001-01-31 19:00:23.0	2001-01-31 19:00:23.0																																							
enwiki	revision	create	2001-01-31 19:00:23.0	*	7800319		LarrySanger											false						137	1634	22180	OntOlogy	OntOlogy	0	true	0	true	true	false	2001-01-31 19:00:23.0	2001-01-31 19:00:23.0	1																					271475	0	false		false	1735	1735	2lz5s5uz8y5u5b7j23r3hukrbjnwr27			false		false			false	false	
enwiki	revision	create	2001-01-31 19:01:03.0	*	479	17255773	JimboWales	JimboWales		nocreate,noautoblock					false	false	false	false	false	true	2001-01-23 22:34:16.0		2001-01-19 01:24:40.0	35	337	32942	Announcements	Milestones	4	false	4	false	false	false	2001-01-21 23:32:56.0	2001-01-21 23:32:56.0	13	298107																				1066656650	1066656649	false		false	1002	158	lhg6re2vdsi526bhufkwtenliqg0cjt			false		false			false	false	
enwiki	revision	create	2001-01-31 19:21:19.0	*	7800319		LarrySanger											false						138	1256	17743639	WikiPediaFaq	FAQ	0	true	4	false	false	false	2008-06-03 01:51:12.0	2001-01-17 01:12:24.0	32	54692																				1269545161	1269545160	false		false	6784	741	h9tlsz83kkm57lsjkf06tpedb7mlehm			false		false			false	true	
enwiki	revision	create	2001-01-31 19:23:31.0	*	11946389	6192944	CalvinOstrum	CalvinOstrum							false	false	true	false	false	true	2010-03-18 07:51:54.0	2010-03-18 07:51:56.0	2001-01-27 06:35:08.0	6	64635	5734	Consequentialism	Consequentialism	0	true	0	true	false	false	2001-01-31 05:41:16.0	2001-01-31 05:41:16.0	3	48064																				1271491051	1271491050	false		false	6641	3048	7h4mxo3uvpg981lbazrpu6l6q644chl			false		false			false	false	
enwiki	revision	create	2001-01-31 19:23:57.0	*	7800319		LarrySanger											false						139	158	17743639	WikiPediaFaq	FAQ	0	true	4	false	false	false	2008-06-03 01:51:12.0	2001-01-17 01:12:24.0	33	158																				1269545162	1269545161	false		false	6786	2	8qh9li4j0th6kf1t6e9l8lmun8oano1			false		false			false	true	
enwiki	revision	create	2001-01-31 19:24:12.0	*	7800319		LarrySanger											false						140	15	17743639	WikiPediaFaq	FAQ	0	true	4	false	false	false	2008-06-03 01:51:12.0	2001-01-17 01:12:24.0	34	15																				1269545163	1269545162	false		false	6788	2	ih7sahexrrt9kuuh9a7ym77tmsza28o			false		false			false	true	
enwiki	revision	create	2001-01-31 19:34:03.0	*	7800319		LarrySanger											false						141	591	5734	Consequentialism	Consequentialism	0	true	0	true	false	false	2001-01-31 05:41:16.0	2001-01-31 05:41:16.0	4	632																				1271491053	1271491051	false		false	7199	558	li2rztyi2dvuoq6bebw4ye6x9d4upy3			false		false			false	false	
enwiki	revision	create	2001-01-31 19:43:59.0	*	7800319		LarrySanger											false						142	596	32942	Announcements	Milestones	4	false	4	false	false	false	2001-01-21 23:32:56.0	2001-01-21 23:32:56.0	14	2576																				1066656651	1066656650	false		false	1193	191	a4b7ihjtm3j8la7f9wjv5771j3lcj8f			false		false			false	false	
enwiki	revision	create	2001-01-31 19:49:30.0	*	11946842	6193647	CliffordAdams	CliffordAdams							false	false	true	false	false	true	2010-03-18 09:32:13.0	2010-03-18 09:32:14.0	2001-01-24 21:03:04.0	10	231689	17743639	WikiPediaFaq	FAQ	0	true	4	false	false	false	2008-06-03 01:51:12.0	2001-01-17 01:12:24.0	35	1518																				1269545164	1269545163	false		false	7511	723	7peenm3rbfmp14asolsfa02hhfrw0ra			false		false			false	true	
enwiki	revision	create	2001-01-31 19:54:44.0	*	7800319		LarrySanger											false						143	645	17743639	WikiPediaFaq	FAQ	0	true	4	false	false	false	2008-06-03 01:51:12.0	2001-01-17 01:12:24.0	36	314																				1269545165	1269545164	false		false	7636	125	b9wg3thff1ug9i6j36yzs1xi5j3msp6			false		false			false	true	
enwiki	revision	create	2001-01-31 19:55:21.0	*	7800319		LarrySanger											false						144	37	17743639	WikiPediaFaq	FAQ	0	true	4	false	false	false	2008-06-03 01:51:12.0	2001-01-17 01:12:24.0	37	37																				1269545166	1269545165	false		false	7706	70	7b8wi7r4zp83j95g4hwmf4bgmdjvswc			false		false			false	true	
enwiki	revision	create	2001-01-31 21:57:25.0	*	11946389	6192944	CalvinOstrum	CalvinOstrum							false	false	true	false	false	true	2010-03-18 07:51:54.0	2010-03-18 07:51:56.0	2001-01-27 06:35:08.0	7	9234	5734	Consequentialism	Consequentialism	0	true	0	true	false	false	2001-01-31 05:41:16.0	2001-01-31 05:41:16.0	5	8602																				1271491054	1271491053	false		false	8199	1000	3vhz8wlrc6tboz6n4l1ki6bl5n03lbw			false		false			false	false	
enwiki	user	create	2001-01-31 22:26:41.0		194203	745	Graham87											false	false	true																			47420844	75036125	Bln2-t3-1.mcbone.net	Bln2-t3-1.mcbone.net							false	false	true	false	false	true	2024-02-22 11:23:09.0	2024-02-22 11:23:09.0	2001-01-31 22:26:41.0																		
enwiki	revision	create	2001-01-31 22:26:41.0	*	47420844	75036125	Bln2-t3-1.mcbone.net	Bln2-t3-1.mcbone.net							false	false	true	false	false	true	2024-02-22 11:23:09.0	2024-02-22 11:23:09.0	2001-01-31 22:26:41.0	1		78776109	MakeaNewPage	Historical_archive/Abandoned_help_pages_from_2001/MakeaNewPage	0	true	4	false	false	false	2001-01-17 00:16:13.0	2001-01-17 00:16:13.0	6	1108265																				1266597958	1266597957	false		false	581	52	02uf09a9km1f6rs2v8m2zs33o6jyxl0			false		true	1266597963	1034181	false	false	
enwiki	revision	create	2001-01-31 22:27:01.0	*	47420844	75036125	Bln2-t3-1.mcbone.net	Bln2-t3-1.mcbone.net							false	false	true	false	false	true	2024-02-22 11:23:09.0	2024-02-22 11:23:09.0	2001-01-31 22:26:41.0	2	20	78776109	MakeaNewPage	Historical_archive/Abandoned_help_pages_from_2001/MakeaNewPage	0	true	4	false	false	false	2001-01-17 00:16:13.0	2001-01-17 00:16:13.0	7	20																				1266597959	1266597958	false		false	588	7	anwfiegonxlpr77qzaztl9k2zt6ffuq			false		true	1266597963	1034161	false	false	
enwiki	revision	create	2001-01-31 22:38:03.0	*	47420844	75036125	Bln2-t3-1.mcbone.net	Bln2-t3-1.mcbone.net							false	false	true	false	false	true	2024-02-22 11:23:09.0	2024-02-22 11:23:09.0	2001-01-31 22:26:41.0	3	662	17744623	NewTopics	New_topics	0	true	4	false	false	false	2008-06-03 03:33:40.0	2001-01-17 00:16:37.0	16	253864																				1209542256	1209542255	false		false	1057	20	sosjewlg52pa2j9y5qr0xpgsb9l3ic3			false		false			false	true	
enwiki	page	create	2001-01-31 22:43:06.0		47420844	75036125	Bln2-t3-1.mcbone.net	Bln2-t3-1.mcbone.net							false	false	true	false	false	true	2024-02-22 11:23:09.0	2024-02-22 11:23:09.0	2001-01-31 22:26:41.0			9428	Ernest_Hemingway_enjoying_BRIAN_PEPPERS_DAY???	Ernest_Hemingway	0	true	0	true	false	false	2001-01-31 22:43:06.0	2001-01-31 22:43:06.0																																							
enwiki	revision	create	2001-01-31 22:43:06.0	*	47420844	75036125	Bln2-t3-1.mcbone.net	Bln2-t3-1.mcbone.net							false	false	true	false	false	true	2024-02-22 11:23:09.0	2024-02-22 11:23:09.0	2001-01-31 22:26:41.0	4	303	9428	Ernest_Hemingway_enjoying_BRIAN_PEPPERS_DAY???	Ernest_Hemingway	0	true	0	true	false	false	2001-01-31 22:43:06.0	2001-01-31 22:43:06.0	1																					1275508105	0	false		false	339	339	886m6b6fqjsxmz6fgk01med4wtsctiq			false		false			false	false	
enwiki	revision	create	2001-01-31 22:43:46.0	*	47420844	75036125	Bln2-t3-1.mcbone.net	Bln2-t3-1.mcbone.net							false	false	true	false	false	true	2024-02-22 11:23:09.0	2024-02-22 11:23:09.0	2001-01-31 22:26:41.0	5	40	9428	Ernest_Hemingway_enjoying_BRIAN_PEPPERS_DAY???	Ernest_Hemingway	0	true	0	true	false	false	2001-01-31 22:43:06.0	2001-01-31 22:43:06.0	2	40																				1275508106	1275508105	false		false	330	-9	i8nfg8uutadjxzax099bn3vx5v1d9gb			false		false			false	false	
enwiki	revision	create	2001-01-31 23:27:48.0	Partial answer...	99	37738155	RoseParks	RoseParks							false	false	false	false	false	true	2001-01-21 02:12:21.0		2001-01-18 06:07:37.0	39	71395	25612190	RoseParks	RoseParks	2	false	2	false	false	false	2009-12-30 15:49:10.0	2001-01-17 00:14:19.0	7	69184																				1271680302	1271680301	false		false	549	51	syif0kkxgknxmp6h3zb9s4xzze6ps89			false		false			false	true	
